team_id,team_abbreviation,team_name,season_end_year,season_year,games_played,avg_pts,std_pts,avg_pts_allowed,std_pts_allowed,avg_possessions,std_possessions,avg_off_rating,std_off_rating,avg_def_rating,std_def_rating,avg_net_rating,std_net_rating,avg_minutes,std_minutes,avg_fgm,std_fgm,avg_fga,std_fga,avg_fg_pct,std_fg_pct,avg_fg3m,std_fg3m,avg_fg3a,std_fg3a,avg_fg3_pct,std_fg3_pct,avg_ftm,std_ftm,avg_fta,std_fta,avg_ft_pct,std_ft_pct,avg_oreb,std_oreb,avg_dreb,std_dreb,avg_reb,std_reb,avg_ast,std_ast,avg_tov,std_tov,avg_stl,std_stl,avg_blk,std_blk,avg_pf,std_pf,avg_plus_minus,std_plus_minus,avg_net_rating_first10,avg_net_rating_last10,trend_net_rating,clutch_win_pct,clutch_games_count,avg_net_rating_vs_pos_srs,vs_pos_srs_games_count,adjusted_net_rating
1610612737,ATL,Atlanta Hawks,2013,2012-13,82,97.95121951219512,11.856031896110515,97.54878048780488,10.116790149986993,94.4390243902439,5.214172426968943,103.66829268292685,10.84328179160002,103.44024390243902,9.561030211499663,0.22926829268292706,12.815109598668903,48.426829268292686,1.7918229065718263,37.609756097560975,4.618150176303093,81.02439024390245,6.814971916024301,0.4656463414634147,0.05572803712901016,8.609756097560975,2.468348263445359,23.182926829268293,4.447576809461689,0.3733170731707317,0.09398632393930624,14.121951219512194,5.236128632808736,19.74390243902439,6.33004003187809,0.7085121951219511,0.12030211392521345,9.24390243902439,3.339109719485032,31.621951219512194,4.569464522488652,40.86585365853659,5.552804196751006,24.475609756097562,4.917154676988971,14.865853658536585,3.470376203045638,8.097560975609756,2.942283299540442,4.5,2.5543475405716998,17.963414634146343,4.1824002853557305,0.4024390243902439,12.209953191584336,1.59,-2.31,-3.9000000000000004,0.5,22,-2.7787878787878793,33,-1.8724308866898873
1610612737,ATL,Atlanta Hawks,2014,2013-14,82,101.0,11.953614051360738,101.47560975609755,10.838005385435018,96.2439024390244,5.561243700516745,104.91585365853659,10.582905730786552,105.68902439024393,9.931431661090153,-0.7670731707317072,12.661432201847758,48.36585365853659,1.527623791205016,37.329268292682926,4.9939590124958375,81.5609756097561,7.109544204062678,0.45852439024390246,0.05410237794225244,9.365853658536585,3.342624809980189,25.804878048780488,5.466935459494435,0.3597926829268292,0.10011336016771719,16.975609756097562,5.702448271600017,21.73170731707317,6.836808114700145,0.7829634146341464,0.09784170197306692,8.695121951219512,3.192154829277568,31.28048780487805,4.5630680339619625,39.97560975609756,5.5287701169720735,24.890243902439025,4.714061176871101,15.25609756097561,3.803218181168972,8.292682926829269,3.0570210823976054,3.975609756097561,2.1771859159236344,19.23170731707317,4.010168496468603,-0.47560975609756095,12.226489769870303,4.02,6.040000000000001,2.0200000000000014,0.4482758620689655,29,-6.0024999999999995,40,-2.846283714343714
1610612737,ATL,Atlanta Hawks,2015,2014-15,82,102.54878048780488,10.582016469865442,97.1219512195122,12.189238568773686,94.8170731707317,4.021939980215578,108.29512195121953,11.584407383607878,102.21829268292683,11.632597111892085,6.067073170731707,13.491049203522456,48.1219512195122,1.1043152607484659,38.0609756097561,4.462041721049393,81.6951219512195,5.469757537204779,0.46718292682926826,0.05759053592705098,9.975609756097562,3.063023640316577,26.24390243902439,4.409756230797311,0.38014634146341464,0.09843743666444768,16.451219512195124,5.8502979538439215,21.158536585365855,6.982287134918432,0.7765121951219512,0.09547803624393672,8.71951219512195,3.3008580636918587,31.841463414634145,4.95278824625334,40.5609756097561,5.429907033684785,25.74390243902439,5.213493830080772,14.231707317073171,3.5600623537603733,9.073170731707316,3.204088775934753,4.634146341463414,1.9721029392532077,17.76829268292683,3.7558145225894677,5.426829268292683,12.973886867073668,-0.24999999999999983,5.73,5.98,0.625,16,2.6428571428571432,35,4.8230809068320495
1610612737,ATL,Atlanta Hawks,2016,2015-16,82,102.84146341463415,11.214485245139869,99.23170731707317,9.934723716374126,98.28048780487805,5.135868518383336,104.69146341463413,10.550855108046488,100.76463414634148,8.691849054600262,3.9268292682926838,13.668554962416998,48.36585365853659,1.527623791205016,38.63414634146341,4.67858846266811,84.42682926829268,6.953159842665154,0.4586219512195122,0.05140174379611592,9.939024390243903,2.953748658095377,28.365853658536587,5.662334280946682,0.35164634146341467,0.08296323325949645,15.634146341463415,5.8235626004221706,19.975609756097562,6.524361961626853,0.7780121951219512,0.10982741724104234,8.28048780487805,3.580724770568871,33.80487804878049,5.0220231631894094,42.08536585365854,6.118583753488161,25.609756097560975,4.89584378422456,14.951219512195122,3.3661438502172354,9.109756097560975,3.3444484959775225,5.926829268292683,2.503234883919418,19.146341463414632,3.966283676560581,3.6097560975609757,13.51611392901992,4.79,3.3899999999999997,-1.4000000000000004,0.375,16,-0.8999999999999998,41,0.9692251990630766
1610612737,ATL,Atlanta Hawks,2017,2016-17,82,103.15853658536585,12.373278168973377,104.01219512195122,12.142664200552666,98.67073170731707,5.641676657464277,104.5658536585366,11.177172719566034,105.37439024390245,11.850017564977447,-0.8134146341463413,14.562752776973177,48.48780487804878,2.4355591161725005,38.08536585365854,5.407359455802039,84.36585365853658,7.63441233700448,0.4520975609756097,0.05495061975320814,8.890243902439025,2.671320464900632,26.0609756097561,4.439851963319036,0.34134146341463417,0.08530341192895433,18.097560975609756,6.349122144234502,24.865853658536587,8.29809169661798,0.7260609756097561,0.10779465475661658,10.268292682926829,3.9285243058839674,34.0609756097561,5.247803916879427,44.329268292682926,6.627765908620797,23.634146341463413,5.095415986657538,15.78048780487805,3.8522861265856165,8.195121951219512,3.1009318567175934,4.841463414634147,2.301204795534432,18.182926829268293,3.5525266570289,-0.8536585365853658,14.289875506995156,9.83,1.3199999999999996,-8.51,0.6,30,-2.3815789473684212,38,-2.3497402046117872
1610612737,ATL,Atlanta Hawks,2018,2017-18,82,103.35365853658537,9.931085939178352,108.8048780487805,10.97858636742088,98.95121951219512,4.878530539294025,104.58536585365853,10.223600413751225,110.13902439024392,10.265773844025675,-5.560975609756098,12.663447506115327,48.0609756097561,0.5521576303742328,38.170731707317074,4.05153492647709,85.54878048780488,6.571829966737829,0.44771951219512185,0.0503619674230671,11.182926829268293,2.927637773504699,31.024390243902438,5.595358768395833,0.36346341463414633,0.08097891740903639,15.829268292682928,5.8368875480103295,20.170731707317074,6.818284926177388,0.7870975609756098,0.11263648617863166,9.060975609756097,3.493724748271066,32.84146341463415,5.373619862306127,41.90243902439025,6.55387879892899,23.73170731707317,4.54619303628384,15.536585365853659,3.270500856237068,7.780487804878049,2.78897472308773,4.2439024390243905,2.0400978892621198,19.585365853658537,4.3031748816460516,-5.451219512195122,12.46045838586155,-6.980000000000001,-8.05,-1.0699999999999994,0.38461538461538464,26,-7.9862745098039225,51,-7.217071416733187
1610612737,ATL,Atlanta Hawks,2019,2018-19,82,113.34146341463415,13.18923945260496,119.36585365853658,13.281856365792008,105.39024390243902,6.397831610982991,107.6280487804878,11.468187607897631,113.06829268292684,10.787668749506615,-5.429268292682926,12.256744052424223,48.426829268292686,2.383225782628378,41.36585365853659,5.412633130964868,91.7560975609756,7.932681229983793,0.45178048780487806,0.05259254615314057,13.012195121951219,3.992257637963405,37.0,6.849348892187752,0.3509756097560976,0.08458511318831699,17.597560975609756,5.665271628059229,23.390243902439025,6.904562988577479,0.7518170731707318,0.08795749928355628,11.646341463414634,3.9201031455928197,34.451219512195124,5.436848304126547,46.09756097560975,7.073877795391811,25.829268292682926,4.752659757087241,17.036585365853657,4.293104209296807,8.231707317073171,2.919913665592478,5.109756097560975,2.298717288912466,23.5609756097561,4.93187556283601,-6.024390243902439,13.187138898929392,-8.64,-4.55,4.090000000000001,0.65,20,-9.67948717948718,39,-7.11719546460127
1610612737,ATL,Atlanta Hawks,2020,2019-20,67,111.76119402985074,13.83571306902715,119.73134328358209,13.946414864121499,104.46268656716418,5.214572698752449,107.05522388059701,12.535129830734123,114.42089552238805,12.270752827087037,-7.367164179104477,14.827272047876091,48.59701492537314,2.045391727262941,40.64179104477612,5.247514541644175,90.55223880597015,7.007103716055742,0.45029850746268657,0.0585100392642859,12.014925373134329,3.5053748224493195,36.059701492537314,6.367247150313827,0.33244776119402986,0.07475055155002548,18.46268656716418,5.952662654056471,23.37313432835821,6.741629649436947,0.7883582089552239,0.11440977674536987,9.865671641791044,3.5713316521061356,33.38805970149254,5.512946811083549,43.25373134328358,7.129416831057951,23.955223880597014,4.395013827057559,16.208955223880597,3.755954115287691,7.8059701492537314,2.9296747465047304,5.08955223880597,2.200078120400756,23.104477611940297,4.6551839086094144,-7.970149253731344,15.72102447626892,-3.34,-3.6700000000000004,-0.3300000000000005,0.4444444444444444,18,-8.993939393939394,33,-8.650687090881103
1610612737,ATL,Atlanta Hawks,2021,2020-21,72,113.69444444444444,11.889916296852803,111.375,12.81222732447737,99.44444444444444,5.03197911079905,114.31666666666668,10.404292180376707,112.10555555555555,11.719574198976717,2.2055555555555557,14.637602444417384,48.34722222222222,1.5305317332683666,40.791666666666664,4.858381751101556,87.23611111111111,7.12957153672923,0.4691388888888889,0.055607352223273995,12.430555555555555,3.8044687915138042,33.361111111111114,5.71951331416063,0.3701944444444444,0.08493504376193575,19.680555555555557,5.835361820344554,24.23611111111111,6.975799324294854,0.8134444444444444,0.07983978479622003,10.555555555555555,3.989030341736278,35.06944444444444,5.506273985930751,45.625,6.933156710462485,24.125,4.583920150227529,13.23611111111111,3.854732067397694,6.986111111111111,2.760348291738887,4.75,2.6203429514280363,19.333333333333332,3.587929686688372,2.3194444444444446,14.223395118645037,3.87,3.3600000000000008,-0.5099999999999993,0.5333333333333333,15,-3.172727272727273,33,-0.1945610718219472
1610612737,ATL,Atlanta Hawks,2022,2021-22,82,113.9390243902439,12.239732468002995,112.3780487804878,10.99229836322837,98.76829268292683,4.17014308452095,115.31951219512194,11.11262699686507,113.7243902439024,10.065704650814789,1.5987804878048784,13.21509139089617,48.0609756097561,0.5521576303742328,41.47560975609756,4.701524863633121,88.3048780487805,6.296557994455137,0.47113414634146333,0.055800518205284796,12.878048780487806,3.7396449422221067,34.40243902439025,5.641249656008964,0.3717439024390244,0.08203534483298591,18.109756097560975,5.713328790267815,22.304878048780488,6.693813293235581,0.8117682926829268,0.09490636044986239,10.036585365853659,3.716646311026202,33.9390243902439,4.547004334630753,43.97560975609756,5.721899904096213,24.597560975609756,4.455153088216605,11.853658536585366,3.1860883994909295,7.158536585365853,2.5746605299192353,4.2439024390243905,2.1917971407987857,18.70731707317073,3.252682861801623,1.5609756097560976,13.229314214727472,-2.5100000000000007,7.090000000000001,9.600000000000001,0.4666666666666667,15,0.5276595744680851,47,0.49099171969983046
1610612737,ATL,Atlanta Hawks,2023,2022-23,82,118.42682926829268,10.968001143399007,118.13414634146342,11.045095213469917,102.52439024390245,5.600320999962386,115.62682926829268,10.368816601887472,115.4560975609756,10.078752832420834,0.17073170731707346,12.857840839850711,48.426829268292686,1.6103867168783477,44.609756097560975,4.8983648003752185,92.36585365853658,7.582488264060557,0.48432926829268286,0.051179677409152434,10.75609756097561,2.9252454813514057,30.548780487804876,4.820615295557479,0.35339024390243906,0.08795000769903755,18.451219512195124,4.874099952430319,22.5609756097561,5.8141962513128576,0.8196585365853659,0.0771362782356927,11.21951219512195,4.154498945420947,33.15853658536585,4.646702035561024,44.3780487804878,5.912197569124066,24.98780487804878,3.7630231556687725,12.926829268292684,3.640582261817293,7.073170731707317,2.702447394697647,4.890243902439025,2.2443679720799268,18.79268292682927,3.6909559298373105,0.2926829268292683,13.00093805246,2.4899999999999998,1.5500000000000005,-0.9399999999999993,0.52,25,-2.0808510638297872,47,-1.0810889778321466
1610612737,ATL,Atlanta Hawks,2024,2023-24,82,118.1219512195122,12.71471417844563,120.35365853658537,14.574095021960156,101.54878048780488,5.356782798585314,116.31463414634146,10.699407182738186,118.30731707317074,12.073916182096738,-2.0,14.680103272755455,48.36280487804878,1.7276582841067205,42.97560975609756,5.13515025506809,92.3780487804878,7.598960689011796,0.46632926829268306,0.05090151587110657,13.695121951219512,3.2458483431031984,37.670731707317074,5.726384415173353,0.36379268292682926,0.07159897540560752,18.475609756097562,6.025103061986406,23.182926829268293,6.967522628224961,0.7938414634146341,0.09057831609154657,12.475609756097562,3.8784800693440085,32.1219512195122,5.4441955587158795,44.59756097560975,7.079547582841545,26.5609756097561,4.58418527025145,13.524390243902438,3.3230419269546845,7.5,2.816398190141461,4.487804878048781,2.206857451968578,18.51219512195122,3.6959901609851946,-2.231707317073171,14.583348173950379,3.5099999999999993,-7.81,-11.319999999999999,0.47619047619047616,21,-4.413461538461538,52,-3.586413261152596
1610612737,ATL,Atlanta Hawks,2025,2024-25,82,118.1829268292683,12.35096642270664,119.3170731707317,11.842461840302649,103.91463414634147,4.902005685537488,113.82195121951219,11.48915779171925,114.81585365853658,10.275903366761053,-0.9865853658536584,13.164699920575307,48.24390243902439,1.0836720337741033,43.36585365853659,4.925399514088325,91.8048780487805,7.648834373216282,0.47362195121951217,0.049300699978478614,13.5,3.6251862446834333,37.670731707317074,5.351946405018656,0.3570609756097561,0.0763742163785102,17.951219512195124,6.134103089829156,23.170731707317074,7.496179896336632,0.7738170731707317,0.08739962539807006,11.878048780487806,3.869444225580082,32.6219512195122,4.948226378601467,44.5,6.078194176270157,29.585365853658537,4.76600932922157,15.524390243902438,4.101266319818366,9.731707317073171,3.026829741437318,5.109756097560975,2.4088627384854444,19.073170731707318,4.105944163851191,-1.1341463414634145,13.556249704560397,-4.909999999999999,3.2399999999999998,8.149999999999999,0.5833333333333334,24,-4.384444444444444,45,-3.276011957844315
1610612738,BOS,Boston Celtics,2013,2012-13,81,96.51851851851852,10.838716611194231,96.74074074074075,10.884366974906921,94.46913580246914,6.793538142516546,102.27654320987654,10.253161361318497,102.74074074074075,10.289445779265492,-0.46296296296296297,13.451964953534153,48.98765432098765,2.786098648471074,37.04938271604938,4.45505677452011,79.74074074074075,7.72298157737311,0.46641975308641975,0.053826077369043636,6.148148148148148,2.403700850309326,17.160493827160494,4.340094440572281,0.3600493827160494,0.11485402705549422,16.271604938271604,5.019990900586903,20.962962962962962,5.929680523528322,0.7764814814814816,0.10411245255865303,8.074074074074074,3.181107424222647,31.271604938271604,4.839969900936916,39.34567901234568,5.863361863784207,22.753086419753085,4.686498864284325,14.580246913580247,3.0938010502085627,8.234567901234568,2.8428489448890506,4.506172839506172,2.236758015466377,21.19753086419753,3.941509079928713,-0.2222222222222222,12.652074928643128,1.0199999999999998,-1.7900000000000003,-2.81,0.56,25,-3.809375,32,-1.9925441588482322
1610612738,BOS,Boston Celtics,2014,2013-14,82,96.2439024390244,10.130702601509972,100.70731707317073,10.4721710047413,94.45121951219512,4.944512955890863,101.96951219512198,10.06284804964379,106.51829268292683,10.208639865980144,-4.543902439024389,12.169777355369048,48.1219512195122,0.7760336619661979,36.53658536585366,4.667182833758906,83.9390243902439,7.53157560774638,0.43700000000000006,0.05391053402640662,7.012195121951219,3.008194169096845,21.085365853658537,5.092238634328038,0.3271707317073171,0.09909526590803376,16.158536585365855,4.603995881719694,20.804878048780488,6.391427562074109,0.7854146341463414,0.08550069687384941,11.951219512195122,4.136266698138926,30.548780487804876,5.221400500420113,42.5,6.439174090127007,21.048780487804876,4.971281572164067,15.378048780487806,3.8893340821443148,7.121951219512195,2.6358883240475772,4.182926829268292,2.2505310691802007,21.25609756097561,3.711214155621158,-4.463414634146342,11.645160200596683,-2.73,-7.730000000000001,-5.000000000000002,0.391304347826087,23,-9.960526315789474,38,-6.430329180665951
1610612738,BOS,Boston Celtics,2015,2014-15,82,101.36585365853658,10.492221922319821,101.20731707317073,11.013726345868605,97.64634146341463,5.685962683226974,103.81707317073173,9.028169972719185,103.57317073170732,9.594276184337982,0.2548780487804878,11.999620903878427,48.48780487804878,1.6868694244915796,38.9390243902439,4.728029268609689,87.9390243902439,7.480588147761832,0.44432926829268293,0.05402218448694893,8.048780487804878,2.693854180589818,24.646341463414632,5.085374699329495,0.3261829268292683,0.07954766069591306,15.439024390243903,5.400268765546628,20.463414634146343,6.655908211675724,0.7567439024390242,0.10023771880386499,11.097560975609756,3.693871320950724,32.74390243902439,4.6263095593045325,43.84146341463415,5.4466424411155385,24.5,4.503085362035432,13.817073170731707,3.9880316280321653,8.21951219512195,2.8328949126766414,3.5853658536585367,1.8721560787010154,21.195121951219512,4.307441234067424,0.15853658536585366,11.723638157975486,-0.7899999999999998,7.609999999999999,8.399999999999999,0.4827586206896552,29,-4.205263157894737,38,-2.1070940436636985
1610612738,BOS,Boston Celtics,2016,2015-16,82,105.71951219512195,10.42583968284771,102.51219512195122,11.843885647063495,99.89024390243902,5.1400295372187195,105.79268292682927,8.383873121386522,102.55243902439024,10.80065413668018,3.2390243902439027,12.399828315194988,48.24390243902439,1.3385174737004315,39.21951219512195,4.637539764546573,89.2439024390244,6.60818978520426,0.44013414634146336,0.047434883812956574,8.74390243902439,2.7523770898416764,26.121951219512194,5.371139713762022,0.33530487804878045,0.08229811647851287,18.536585365853657,5.280280393675375,23.524390243902438,6.285836734339179,0.7886951219512195,0.08052462073063184,11.585365853658537,3.572705927203696,33.329268292682926,4.529886701902008,44.91463414634146,5.724543692014464,24.158536585365855,5.40568861819811,13.74390243902439,3.7278099869771153,9.170731707317072,3.141930200357816,4.2439024390243905,2.3283596494165186,21.902439024390244,4.78322623727718,3.207317073170732,12.390495964403621,7.119999999999999,-1.4000000000000004,-8.52,0.44,25,-1.435897435897436,39,1.3114908791184396
1610612738,BOS,Boston Celtics,2017,2016-17,82,108.01219512195122,9.057421624280053,105.3780487804878,10.310776148657022,97.6219512195122,4.6551186321158955,110.72073170731707,8.750431916040135,108.09634146341463,10.028815829582856,2.6280487804878043,11.588130095433955,48.18292682926829,0.944484296943331,38.63414634146341,4.244130864280058,85.08536585365853,6.0760635801422245,0.4550243902439025,0.048756886341038946,12.012195121951219,2.9207385436683198,33.426829268292686,5.3680133755534225,0.3587439024390244,0.0648288936832019,18.73170731707317,6.0635498311842415,23.20731707317073,7.346348391435495,0.8102317073170731,0.08536057128664508,9.060975609756097,3.316057308532505,32.90243902439025,5.081094846774176,41.96341463414634,6.029649216812524,25.23170731707317,4.571243395935516,13.268292682926829,3.7053474220668434,7.524390243902439,2.9615878697123104,4.146341463414634,2.0734771369655416,20.5609756097561,4.830708255143478,2.6341463414634148,11.099451877382043,-0.5499999999999997,2.86,3.4099999999999997,0.68,25,-1.6611111111111112,36,0.5975395853482965
1610612738,BOS,Boston Celtics,2018,2017-18,82,104.01219512195122,10.400016503357067,100.42682926829268,10.670173599204348,97.40243902439025,4.938785166008859,106.84999999999998,10.035963110511894,103.20853658536586,9.971467953146131,3.642682926829268,11.285771994115496,48.30487804878049,1.4374963178932458,38.30487804878049,4.814302314465487,85.0609756097561,6.209008908757291,0.451280487804878,0.056238310036917816,11.451219512195122,3.151141039759103,30.390243902439025,6.3103992117283765,0.381280487804878,0.095919240000264,15.951219512195122,4.906288328369629,20.695121951219512,5.614551254322418,0.771621951219512,0.11413698075730168,9.353658536585366,3.4368085655926723,35.09756097560975,5.1964131886427465,44.451219512195124,6.356007052774817,22.463414634146343,5.060608273474737,14.0,3.453393392871123,7.365853658536586,2.678271946665441,4.548780487804878,2.1951261333561147,19.73170731707317,3.9753834522334417,3.5853658536585367,10.846802133862557,9.51,1.0499999999999998,-8.46,0.5833333333333334,24,0.7044444444444442,45,1.9916244414552076
1610612738,BOS,Boston Celtics,2019,2018-19,82,112.39024390243902,10.574551442561622,107.95121951219512,11.360427786051181,101.0,4.303314829119352,111.30365853658536,9.840963080466215,107.07926829268293,11.019474767399426,4.229268292682926,14.276022268253634,48.24390243902439,1.0836720337741033,42.08536585365854,4.603276394938973,90.52439024390245,5.93217968342555,0.46582926829268295,0.05006903995905012,12.585365853658537,3.7116806599287027,34.5,6.035389459341122,0.36301219512195126,0.07556740003604975,15.634146341463415,5.7144222894161905,19.48780487804878,7.076729213168971,0.8063780487804879,0.09429866399219895,9.804878048780488,3.0849656315601406,34.74390243902439,4.526495321062303,44.548780487804876,6.01059237651761,26.28048780487805,5.089991123337241,12.829268292682928,3.3400113774064386,8.609756097560975,2.702335969649887,5.304878048780488,2.805149692932466,20.365853658536587,3.9299803509135636,4.439024390243903,14.353644146034926,2.4999999999999996,0.030000000000000072,-2.4699999999999993,0.5,18,-1.970588235294118,34,1.5756037754937238
1610612738,BOS,Boston Celtics,2020,2019-20,72,113.65277777777777,11.886979173255698,107.34722222222223,10.890181289276228,100.76388888888889,5.6952984206410555,112.85416666666667,10.500877729913418,106.4875,9.085074239854178,6.370833333333333,11.92130815087711,48.416666666666664,1.625067712565398,41.263888888888886,4.858542804654863,89.55555555555556,6.93610453827537,0.4619166666666667,0.05252491025392713,12.569444444444445,3.139150279254459,34.541666666666664,5.95981259748854,0.3658472222222222,0.08052357886196225,18.555555555555557,5.98563747858481,23.166666666666668,7.298465978121897,0.8029166666666666,0.08153487977374045,10.666666666666666,3.684761157623706,35.40277777777778,4.461603710352547,46.06944444444444,5.785670469842065,22.98611111111111,4.283913754722774,13.819444444444445,3.1234072623414924,8.26388888888889,2.8581144949693105,5.638888888888889,2.3930977953069474,21.569444444444443,4.258632951615861,6.305555555555555,12.129162725407113,9.12,6.459999999999999,-2.66,0.42857142857142855,21,3.18125,32,4.975911219743338
1610612738,BOS,Boston Celtics,2021,2020-21,72,112.625,12.932585223511202,111.16666666666667,11.517286456624392,99.61111111111111,5.061747055620823,113.03194444444445,11.219711356645838,111.89166666666667,10.913355947103026,1.1527777777777775,13.669890550704185,48.27777777777778,1.1533444597688496,41.458333333333336,5.068370574621605,88.90277777777777,6.448407865997604,0.4673611111111111,0.055440440204021196,13.597222222222221,3.938469432539564,36.361111111111114,7.231203035428691,0.3754722222222222,0.08317942124669922,16.11111111111111,6.154250919636494,20.77777777777778,7.658599552454178,0.7782916666666667,0.0970477503349275,10.625,3.4495866255718153,33.625,5.155162870885081,44.25,5.825514545369349,23.458333333333332,5.009673740466089,14.055555555555555,4.272047663159522,7.722222222222222,2.9845716998611196,5.319444444444445,2.720948410093664,20.430555555555557,4.334032987937688,1.4583333333333333,13.511536541722775,1.89,0.08000000000000015,-1.8099999999999998,0.5,24,-2.6212121212121207,33,-1.048700892219963
1610612738,BOS,Boston Celtics,2022,2021-22,82,111.7560975609756,14.147862008012792,104.47560975609755,13.385292840966242,98.39024390243902,5.941600768552495,113.73170731707317,14.108931398133231,106.18658536585365,11.715440504779059,7.549999999999999,16.654508528353148,48.548780487804876,1.9254785457729358,40.74390243902439,5.523934399467793,87.40243902439025,7.188570757339257,0.46708536585365856,0.058535881413261916,13.231707317073171,4.584727142917834,37.1219512195122,6.930680126072532,0.35243902439024394,0.09180590066312348,17.036585365853657,5.677430130585883,20.890243902439025,6.657412275905865,0.8164878048780487,0.09072142190603505,10.524390243902438,3.628507191452452,35.548780487804876,5.5090328496818595,46.073170731707314,6.7344342477417865,24.829268292682926,5.215846883992459,13.634146341463415,3.5884320146825677,7.2073170731707314,2.3186724856594756,5.829268292682927,2.5473533980462526,18.548780487804876,3.8140495281355955,7.280487804878049,16.092536718327338,-1.5699999999999996,14.169999999999998,15.739999999999998,0.25,20,5.189583333333334,48,6.430984120207507
1610612738,BOS,Boston Celtics,2023,2022-23,82,117.9390243902439,12.027075997977487,111.41463414634147,11.229317030684003,100.57317073170732,5.617500186102461,117.43536585365854,12.082610419766779,110.64390243902436,9.820337898199266,6.796341463414634,14.313047187206426,48.73170731707317,1.9439604507980062,42.19512195121951,5.176964705808917,88.7560975609756,7.258134603070562,0.4763048780487805,0.05305475602059346,16.036585365853657,4.350238029392851,42.58536585365854,6.5205301979232875,0.37540243902439024,0.078905297159973,17.51219512195122,6.18289936070993,21.573170731707318,7.032605698371153,0.8096463414634145,0.09197616061921879,9.707317073170731,4.0627418974608664,35.6219512195122,5.0470385985125015,45.329268292682926,6.505562440548175,26.658536585365855,4.683091498158718,13.353658536585366,3.2446421219060837,6.353658536585366,2.7459148162788227,5.2439024390243905,2.3911409312977168,18.804878048780488,3.7628431081496383,6.524390243902439,14.360633441233846,4.21,15.27,11.059999999999999,0.5416666666666666,24,4.939583333333332,48,5.620718305719203
1610612738,BOS,Boston Celtics,2024,2023-24,82,120.57317073170732,12.354866575319525,109.23170731707317,10.441251025380412,98.65853658536585,5.343091795088659,122.33170731707318,11.971291565258932,110.69024390243902,10.108199944234219,11.645121951219512,15.644934907392528,48.36585365853659,1.3100956059915254,43.91463414634146,5.164458834155214,90.1951219512195,6.735641379984471,0.48765853658536584,0.052396451560230525,16.475609756097562,3.9666063168645893,42.46341463414634,6.359973448875434,0.38759756097560977,0.076737947500375,16.26829268292683,6.620299460773369,20.170731707317074,7.636502460443848,0.7958902439024389,0.13189679898563053,10.682926829268293,3.5965623119467494,35.646341463414636,5.901186219358233,46.329268292682926,6.944319782078901,26.914634146341463,4.63801048107088,11.939024390243903,3.382407503231432,6.7926829268292686,2.7204656685536364,6.560975609756097,2.837567907386077,16.170731707317074,3.523483398636031,11.341463414634147,15.60011040812079,13.7,10.17,-3.5299999999999994,0.5263157894736842,19,8.240816326530611,49,9.819691965022615
1610612738,BOS,Boston Celtics,2025,2024-25,82,116.26829268292683,11.203007511199624,107.15853658536585,11.73837172147332,97.3048780487805,5.490033673670018,119.68048780487804,11.830786778929431,110.22682926829269,12.073407660573384,9.454878048780488,15.405499678858675,48.36585365853659,1.3100956059915252,41.6219512195122,4.409978146981042,90.02439024390245,6.580884419822622,0.46312195121951216,0.04467009114675411,17.76829268292683,3.9261666678074922,48.23170731707317,6.797419227927075,0.3690731707317073,0.07008861771380728,15.25609756097561,5.4474163671215825,19.085365853658537,6.394830511585592,0.8006951219512195,0.10345067280741063,11.378048780487806,3.939794579787685,33.9390243902439,5.236027994567218,45.31707317073171,6.347699201685109,26.146341463414632,4.800005018566081,11.865853658536585,3.459687401571331,7.182926829268292,3.147125079526533,5.512195121951219,1.793292732839489,15.890243902439025,3.559047235388678,9.109756097560975,14.920369784548853,11.21,11.48,0.2699999999999996,0.5882352941176471,17,6.7475000000000005,40,7.739358962690195
1610612739,CLE,Cleveland Cavaliers,2013,2012-13,82,96.5,10.340200824278982,101.1829268292683,9.898407464853069,93.48780487804878,4.505809425479661,103.30365853658536,10.616391299666864,108.28414634146338,9.882425722015789,-4.991463414634146,11.360275179456083,48.1219512195122,1.1043152607484656,36.5,4.025382429497066,84.15853658536585,5.64039555612097,0.434829268292683,0.04846401360053467,6.670731707317073,2.6761630818600404,19.28048780487805,4.999442907838666,0.3440243902439024,0.10032354764753174,16.829268292682926,5.2653183413514855,22.26829268292683,6.238171583356984,0.7553536585365853,0.1008632336385767,12.24390243902439,3.720351024224833,28.76829268292683,5.252392236836033,41.01219512195122,6.3469520291414545,20.658536585365855,4.231625529521932,14.012195121951219,3.7859190134328293,7.890243902439025,2.5628210611802436,4.073170731707317,2.318899738061604,21.182926829268293,4.589650323646168,-4.682926829268292,10.79423491393883,-7.5,-6.45,1.0499999999999998,0.41379310344827586,29,-8.409375,32,-6.2406435831812805
1610612739,CLE,Cleveland Cavaliers,2014,2013-14,82,98.21951219512195,12.388788629633085,101.51219512195122,12.41190577624945,94.92682926829268,5.860056224827978,103.42073170731707,10.921456261204456,107.05731707317074,11.570983616306812,-3.6268292682926826,14.09714136839857,48.609756097560975,1.9861004510108675,37.02439024390244,5.149554960409104,84.8170731707317,6.707519364062344,0.4377804878048781,0.06057298921120973,7.121951219512195,2.768385204332373,20.0,4.747969026493666,0.35476829268292676,0.11381263558705292,17.048780487804876,5.4634643715204945,22.695121951219512,6.411195886961627,0.7494999999999999,0.09815209286272673,12.060975609756097,4.223238360110799,32.0609756097561,5.407693561373348,44.1219512195122,7.026212375332111,21.195121951219512,5.039201936595099,14.182926829268293,3.718914114645673,7.060975609756097,2.525658750277749,3.707317073170732,2.8952400479511997,20.0,4.024615616949963,-3.292682926829268,13.604182186370185,-9.389999999999999,4.5,13.889999999999999,0.47619047619047616,21,-7.1184210526315805,38,-5.614216925097569
1610612739,CLE,Cleveland Cavaliers,2015,2014-15,82,103.13414634146342,12.694669042624804,98.65853658536585,10.67270605901342,93.6829268292683,4.496577707657202,110.09024390243901,12.380835546467212,105.31341463414633,10.809469581842157,4.781707317073171,16.211390052042173,48.24390243902439,1.0836720337741033,37.670731707317074,5.168888119921554,82.1829268292683,6.267943228489518,0.4589146341463415,0.057212663973986576,10.073170731707316,3.704453401991697,27.475609756097562,6.291726116483608,0.3637560975609756,0.0960318312679797,17.71951219512195,6.342633308805807,23.585365853658537,7.423604694124149,0.7450975609756096,0.09392058764776323,11.109756097560975,3.6413472529162045,31.853658536585368,4.748286113722059,42.96341463414634,5.967908254746143,22.121951219512194,5.405507579785819,14.28048780487805,3.6184519923355483,7.353658536585366,3.044411805256962,4.146341463414634,1.8600541026215642,18.414634146341463,3.9376348717240357,4.475609756097561,15.531907111249932,1.73,2.41,0.6800000000000002,0.6666666666666666,21,3.0916666666666672,36,3.3589061827887905
1610612739,CLE,Cleveland Cavaliers,2016,2015-16,82,104.32926829268293,11.002867054027865,98.32926829268293,11.195297599746219,94.6829268292683,5.089029713676146,110.36707317073171,11.94436749203169,104.05243902439024,11.85619831236649,6.313414634146341,13.796758987773062,48.426829268292686,1.6103867168783477,38.670731707317074,4.518972018055643,84.0,6.17041927862881,0.4619512195121951,0.056275754584456585,10.731707317073171,3.4785010979713338,29.609756097560975,6.181925261581313,0.3624512195121951,0.09077759451076624,16.25609756097561,5.970733097263636,21.74390243902439,7.2107789267946005,0.7491463414634145,0.11367097004466141,10.646341463414634,3.3531704224454897,33.86585365853659,4.956009433928065,44.51219512195122,5.97369522390656,22.695121951219512,5.24860716242301,13.585365853658537,3.7016887020945854,6.719512195121951,2.415354127571739,3.8658536585365852,2.3921796204182653,20.317073170731707,3.606845510662998,6.0,13.246942344612265,7.17,6.709999999999999,-0.46000000000000085,0.5454545454545454,22,2.2368421052631575,38,4.8369169274045545
1610612739,CLE,Cleveland Cavaliers,2017,2016-17,82,110.34146341463415,14.430950545076628,107.15853658536585,12.248929922721063,97.79268292682927,5.1561728674438525,112.83170731707318,13.623245185885798,109.76463414634148,11.348566798632204,3.0719512195121954,15.101011938868139,48.48780487804878,1.6868694244915796,39.9390243902439,5.536294524420297,84.91463414634147,6.3638663989363415,0.47082926829268296,0.05931248174554847,13.012195121951219,3.860192224597126,33.890243902439025,5.48624789716614,0.382170731707317,0.08748245748353912,17.451219512195124,5.395820145041832,23.329268292682926,6.257942860134681,0.7439146341463414,0.1049692725432522,9.341463414634147,3.2818976451080815,34.40243902439025,4.963719623048432,43.74390243902439,5.647704604439429,22.658536585365855,5.733203082489293,13.670731707317072,3.731927241985843,6.573170731707317,2.680659987855755,3.9878048780487805,2.157352644004497,18.121951219512194,3.9107015060211414,3.182926829268293,14.73144620793546,7.1,-0.7300000000000001,-7.83,0.55,20,-3.385714285714286,35,-0.08690694787946765
1610612739,CLE,Cleveland Cavaliers,2018,2017-18,82,110.86585365853658,12.032632784698707,109.92682926829268,12.05213006920597,98.95121951219512,4.719024901957351,112.10975609756098,11.644270670417706,111.05975609756098,10.960184505026438,1.05,13.730071978806588,48.1219512195122,0.7760336619661978,40.3780487804878,4.893029165797418,84.7560975609756,5.150958140787219,0.4772317073170731,0.05693125566086837,11.963414634146341,3.4478303141742277,32.146341463414636,5.586849531214564,0.3723658536585366,0.08973479611860415,18.146341463414632,5.1138204201331385,23.28048780487805,5.784770107031693,0.7780853658536585,0.09339775570564933,8.463414634146341,3.5804514576755335,33.670731707317074,4.779211356111973,42.13414634146341,5.855802641048653,23.365853658536587,4.473549686002672,13.731707317073171,3.3556614423609945,7.097560975609756,2.755957659270705,3.8048780487804876,1.9337102084152835,18.585365853658537,4.38558587246283,0.9390243902439024,13.676462217602957,-5.05,2.6000000000000005,7.65,0.6666666666666666,24,-2.6954545454545458,44,-0.8155690800053493
1610612739,CLE,Cleveland Cavaliers,2019,2018-19,82,104.47560975609755,11.418228451981157,114.08536585365853,12.347040650595657,97.8170731707317,5.303453449254278,106.83780487804877,10.465872112374035,116.89999999999999,11.8586114982601,-10.05609756097561,13.891325097988986,48.18292682926829,1.6564728911226985,38.890243902439025,4.758374288105456,87.60975609756098,7.181519660290237,0.44475609756097567,0.04963510331286975,10.329268292682928,3.562683404155005,29.121951219512194,6.902120346787767,0.3520243902439024,0.08593566005667666,16.365853658536587,6.50453250352636,20.658536585365855,7.747910131914621,0.7861951219512195,0.11496273567202034,10.71951219512195,3.891346494066865,31.9390243902439,5.936594112259887,42.65853658536585,8.046499909584371,20.70731707317073,4.536512515077854,13.487804878048781,4.034554153895651,6.512195121951219,2.731814855714391,2.3780487804878048,1.5286582828543582,20.024390243902438,4.006092920515559,-9.609756097560975,13.475864201941183,-11.21,-15.0,-3.789999999999999,0.5384615384615384,13,-12.142105263157896,38,-11.48767803825325
1610612739,CLE,Cleveland Cavaliers,2020,2019-20,65,106.8923076923077,10.104335512731462,114.78461538461538,12.748152203962134,99.95384615384616,4.665132531714564,106.93692307692308,8.627781602742122,114.88307692307693,12.45827497628044,-7.94923076923077,14.418749979160415,48.38461538461539,1.3427153888239367,40.292307692307695,4.204621998925249,87.92307692307692,6.47907133658948,0.4598307692307692,0.04980479684188602,11.184615384615384,3.4545816845726223,31.846153846153847,5.956170039418077,0.3478153846153846,0.07888121851629439,15.123076923076923,5.672046842597069,19.93846153846154,7.081836191705782,0.7574,0.10864474791723712,10.830769230769231,3.074945277812023,33.41538461538462,5.422442679769388,44.246153846153845,6.555128643929236,23.076923076923077,4.871177001979643,16.50769230769231,4.538457464144194,6.876923076923077,2.5156242534638165,3.246153846153846,2.10676565817405,18.276923076923076,3.6120790944572883,-7.892307692307693,14.292833734212616,-0.9200000000000002,-4.06,-3.1399999999999997,0.42857142857142855,14,-13.628125,32,-11.153288867653217
1610612739,CLE,Cleveland Cavaliers,2021,2020-21,72,103.83333333333333,12.722387941325223,112.27777777777777,12.42467130205086,98.70833333333333,5.887292354521358,105.1222222222222,10.541871205497724,113.57777777777777,11.33220789772433,-8.454166666666667,15.707950238787536,48.416666666666664,1.8289533680592331,38.583333333333336,4.938352351104766,85.76388888888889,6.323426276537458,0.4505277777777778,0.05153201445026223,10.0,3.4477998700130454,29.73611111111111,6.130030111718786,0.3367777777777778,0.09190445470700633,16.666666666666668,5.054631121520925,22.416666666666668,6.259077914359923,0.742736111111111,0.09063578142656675,10.430555555555555,3.038839608449942,32.31944444444444,5.550856776626163,42.75,5.818256841705799,23.833333333333332,4.475284238356767,15.472222222222221,4.069717165734823,7.763888888888889,2.8457680740254307,4.513888888888889,2.4205287255936665,18.166666666666668,3.9894226346360546,-8.444444444444445,15.728227865836857,-2.3,-17.45,-15.149999999999999,0.5454545454545454,11,-12.76388888888889,36,-10.450362842340935
1610612739,CLE,Cleveland Cavaliers,2022,2021-22,82,107.79268292682927,11.162921212522683,105.67073170731707,12.56199920989301,97.1219512195122,3.9390111057749313,110.92073170731707,9.792586485463303,108.92926829268292,12.334799590567984,1.9926829268292683,13.234044952298522,48.1219512195122,0.7760336619661979,39.69512195121951,4.775681773809618,84.63414634146342,6.213311466981772,0.46967073170731705,0.04980754439309712,11.621951219512194,3.6738658076880992,32.75609756097561,6.828699378376595,0.3528170731707317,0.07946287712328713,16.78048780487805,4.779132599236394,22.073170731707318,6.111677726873161,0.7667073170731707,0.10248739613021957,10.207317073170731,3.328655253921318,33.97560975609756,4.986340873087167,44.18292682926829,5.801506932335595,25.170731707317074,4.936147540786674,14.402439024390244,3.5620071886908726,7.073170731707317,2.6932952316927152,4.182926829268292,2.2229334905079643,17.475609756097562,4.140214134606744,2.1219512195121952,12.963757879872698,0.21999999999999992,-2.94,-3.1599999999999997,0.5185185185185185,27,0.6437499999999998,48,1.0532711558353665
1610612739,CLE,Cleveland Cavaliers,2023,2022-23,82,112.2560975609756,10.123692996708215,106.8780487804878,12.347229652693615,97.21951219512195,4.724572984150577,115.50975609756097,9.195484798558363,109.8939024390244,11.89686490044752,5.609756097560975,12.789169895127824,48.48780487804878,1.6868694244915796,41.5609756097561,4.303594710413207,85.17073170731707,5.997540397197778,0.4895121951219513,0.05367212852409653,11.585365853658537,3.65131878597916,31.573170731707318,5.715541921110569,0.36631707317073164,0.09373970765544297,17.548780487804876,5.395820145041832,22.48780487804878,6.672671189333667,0.783670731707317,0.09652467923123371,9.695121951219512,3.306144763137397,31.390243902439025,5.1225863875391955,41.08536585365854,5.562664827935927,24.9390243902439,4.849201438586601,13.341463414634147,3.794796672101893,7.146341463414634,2.4450602821194063,4.682926829268292,2.1249723238894185,19.024390243902438,3.431788972173737,5.378048780487805,12.344479691821306,10.67,6.11,-4.56,0.4,20,1.9893617021276593,47,4.0496836624166415
1610612739,CLE,Cleveland Cavaliers,2024,2023-24,82,112.63414634146342,10.903065822235451,110.21951219512195,11.087780383520535,98.20731707317073,4.534471003429118,114.74268292682926,10.545422393331572,112.24634146341464,11.230065412361313,2.497560975609756,15.5768661613887,48.30487804878049,1.4374963178932458,41.76829268292683,5.006905800098191,87.17073170731707,6.982880084378466,0.47956097560975613,0.04745084462711448,13.512195121951219,4.003837364388036,36.78048780487805,7.109417142409616,0.3663780487804878,0.07497862086134419,15.585365853658537,6.2754690336972985,20.365853658536587,7.8826457222976885,0.7623414634146342,0.10844822619910945,9.853658536585366,3.6383483948705475,33.4390243902439,5.600038714539038,43.292682926829265,6.808650642912719,28.036585365853657,5.129062971124307,13.560975609756097,3.083598831314507,7.378048780487805,2.729085424982213,4.634146341463414,2.6458082156729072,17.51219512195122,4.243350360557686,2.4146341463414633,14.841509373435798,-3.0799999999999996,-4.640000000000001,-1.560000000000001,0.6470588235294118,17,-2.077083333333333,48,-0.04261176970529835
1610612739,CLE,Cleveland Cavaliers,2025,2024-25,82,121.9390243902439,10.745481463198427,112.40243902439025,11.58528201684432,100.8170731707317,5.05556300067947,121.03170731707317,9.756718205190788,111.8719512195122,11.234100142970172,9.152439024390244,13.444244494470498,48.18292682926829,1.2285497701720602,44.53658536585366,4.836065950267712,90.78048780487805,6.467438652362438,0.4914512195121951,0.04879793368399694,15.890243902439025,3.711863189132771,41.47560975609756,6.2325818714318695,0.384609756097561,0.075090522506573,16.975609756097562,6.396325352784134,21.865853658536587,7.517489394281484,0.7717317073170732,0.09261869911998716,11.182926829268293,3.6315763634362472,34.21951219512195,4.9015603215985415,45.40243902439025,5.660911578857549,28.097560975609756,5.027356657864237,13.195121951219512,3.501107494586248,8.170731707317072,2.9514795538441416,4.2682926829268295,2.3043104026579515,18.134146341463413,4.162626767793314,9.536585365853659,13.169545041169346,12.44,2.8600000000000003,-9.579999999999998,0.6111111111111112,18,5.180487804878049,41,7.2894843601542325
1610612740,NOH,New Orleans Hornets,2013,2012-13,82,94.07317073170732,10.686070878016718,97.9390243902439,10.831307572393689,89.98780487804878,4.077925829704178,104.58658536585367,11.328155268029006,108.94146341463416,11.337656596106514,-4.363414634146341,14.147560206666897,48.24390243902439,1.0836720337741033,36.03658536585366,4.606611250004941,80.35365853658537,5.580769342112653,0.448890243902439,0.05227137311046418,6.524390243902439,3.015292749360846,17.975609756097562,4.157324667263725,0.35834146341463413,0.12643108887796947,15.475609756097562,4.769309316033341,19.951219512195124,5.745427465910114,0.7798414634146341,0.12230850182054012,12.048780487804878,3.886991407005307,29.585365853658537,4.791842913376226,41.63414634146341,6.199387056762495,20.98780487804878,4.6174491981244215,14.548780487804878,3.56302146376071,6.341463414634147,2.4806386682362045,5.365853658536586,2.5892093035955894,20.402439024390244,4.521170382991394,-3.8658536585365852,12.592141577554788,-5.94,-8.190000000000001,-2.250000000000001,0.32,25,-9.244186046511627,43,-6.599560796760944
1610612740,NOH,New Orleans Hornets,2014,2013-14,82,99.71951219512195,11.060188186557752,102.42682926829268,10.442116156332618,93.9390243902439,5.278298362572548,106.14512195121951,9.858244058191612,109.11097560975612,9.16356184587093,-2.967073170731707,12.122767630851339,48.426829268292686,1.9565053741640452,37.81707317073171,4.680213271442327,82.45121951219512,7.598168133718584,0.4602682926829269,0.053159217818026544,5.926829268292683,2.503234883919418,15.890243902439025,4.886378389660146,0.3725,0.10467955216743768,18.158536585365855,5.802233525235006,23.609756097560975,7.292404466480184,0.7717682926829268,0.08856835245339241,11.378048780487806,3.9083331166467254,30.317073170731707,4.374104631568988,41.69512195121951,6.384179954281364,21.28048780487805,4.098401947654818,13.768292682926829,3.3046872080287364,7.890243902439025,2.901707022337176,6.378048780487805,3.361511432183772,22.646341463414632,4.611772245025546,-2.707317073170732,11.625310620969485,1.6,-8.29,-9.889999999999999,0.5769230769230769,26,-6.508510638297872,47,-5.06157195350488
1610612740,NOH,New Orleans Hornets,2015,2014-15,82,99.35365853658537,11.771876877341887,98.5609756097561,11.072262709381974,92.78048780487805,5.347260496818637,107.17439024390244,11.978992012001983,106.38658536585366,11.330770540251558,0.7804878048780485,14.788120349213163,48.24390243902439,1.3385174737004315,37.90243902439025,5.08352399423272,82.86585365853658,6.197893300229993,0.4585121951219512,0.060958039383598304,7.146341463414634,2.8636588493429267,19.304878048780488,4.3594342831260695,0.3715,0.12509120129719478,16.402439024390244,5.494912924859832,21.829268292682926,6.682952105223456,0.7481341463414635,0.10741942282417809,11.487804878048781,3.9790932103020915,31.963414634146343,4.633333658276619,43.451219512195124,6.152691750638903,22.024390243902438,4.914015254341773,13.25609756097561,3.3215011317387995,6.7439024390243905,2.7880298615479115,6.219512195121951,3.4283653025892082,18.658536585365855,4.0283547853215165,0.7926829268292683,13.701164954415372,5.51,3.3099999999999996,-2.2,0.6363636363636364,22,-3.934883720930232,43,-2.054742208719243
1610612740,NOH,New Orleans Hornets,2016,2015-16,82,102.71951219512195,11.433408260464887,106.51219512195122,10.386653238282367,98.0609756097561,5.167198445693329,104.8439024390244,11.292017256396637,108.54756097560976,9.93075066611444,-3.690243902439024,11.682345123908048,48.24390243902439,1.0836720337741033,38.451219512195124,4.4890881117078,85.85365853658537,6.995804653230448,0.44892682926829275,0.048627274896876724,8.560975609756097,3.154841707111252,23.79268292682927,5.353521524476972,0.3576341463414634,0.09817363204806667,17.25609756097561,6.599309682585039,22.23170731707317,8.011255632057189,0.7792560975609756,0.09969605796974328,9.536585365853659,3.304299936880673,33.073170731707314,5.417804411120568,42.609756097560975,6.316265691487034,22.170731707317074,4.16571804919656,13.439024390243903,4.219582686567533,7.719512195121951,3.048069173269306,4.170731707317073,2.4078312461313462,20.890243902439025,4.326222363653673,-3.792682926829268,11.799495495469547,-9.04,-4.38,4.659999999999999,0.45454545454545453,22,-5.866666666666666,42,-4.96110271196978
1610612740,NOH,New Orleans Hornets,2017,2016-17,82,104.34146341463415,11.676947335093459,106.4390243902439,13.356551599921781,99.67073170731707,5.187960607065526,104.68536585365854,10.526640184227936,106.80975609756098,12.617493341047663,-2.11829268292683,13.489503263043066,48.548780487804876,1.7578918281892584,39.146341463414636,4.929432770362004,86.95121951219512,7.100517176476776,0.45093902439024397,0.049950184458433154,9.365853658536585,3.093251096935093,26.78048780487805,5.39781480762172,0.34665853658536583,0.08455639063862636,16.682926829268293,5.689231866354881,22.25609756097561,6.510790617083317,0.7471219512195122,0.10080311947013927,8.573170731707316,3.266101567920431,35.109756097560975,5.161601095174161,43.68292682926829,6.162166623903705,22.79268292682927,4.647414799431671,12.853658536585366,3.5594490876944973,7.780487804878049,3.0103705126290072,5.524390243902439,2.7090411485606865,18.170731707317074,3.81616082059075,-2.097560975609756,13.669475552447215,-7.970000000000001,-0.7500000000000003,7.220000000000001,0.5217391304347826,23,-6.845238095238094,42,-4.199770127502177
1610612740,NOH,New Orleans Hornets,2018,2017-18,82,111.71951219512195,11.641002873775818,110.41463414634147,11.319110050425097,102.96341463414635,6.201244641997818,108.56829268292684,9.907509037123637,107.45243902439024,10.112359210022772,1.1109756097560974,12.04807249680573,48.670731707317074,2.04308456010097,42.68292682926829,5.376854945569116,88.3048780487805,8.342497219747065,0.48432926829268297,0.052401831764715065,10.207317073170731,3.4092749487246117,28.195121951219512,5.348217712564969,0.35943902439024394,0.09054854745356225,16.146341463414632,5.788711772124149,20.926829268292682,7.224410758670702,0.7743536585365853,0.11106703258478912,8.682926829268293,3.280612893582982,35.646341463414636,5.380283968868834,44.329268292682926,6.612847350066274,26.76829268292683,5.4643599028474545,14.914634146341463,3.407331309782203,8.012195121951219,3.267852779520198,5.914634146341464,2.923726775805218,19.146341463414632,3.960053470207383,1.3048780487804879,12.306466256132966,-0.21000000000000013,5.37,5.58,0.6666666666666666,24,-1.6480000000000001,50,-0.6400611008002672
1610612740,NOH,New Orleans Hornets,2019,2018-19,82,115.4390243902439,12.579718696903557,116.76829268292683,10.77754728331745,104.3048780487805,5.719123269575383,110.70243902439023,10.811584728803078,111.97439024390243,8.424256731335959,-1.2756097560975612,12.082285379595108,48.18292682926829,0.9444842969433311,43.670731707317074,4.866247770020465,92.23170731707317,7.457366530324234,0.47456097560975613,0.0477599702113809,10.268292682926829,3.457140688551686,29.865853658536587,5.84947437782561,0.3440731707317073,0.09521227492290676,17.829268292682926,6.682952105223458,23.426829268292682,7.874055675781421,0.7574634146341462,0.11223753417233122,11.085365853658537,3.732411326333566,36.207317073170735,4.460354314880468,47.292682926829265,5.607507764624334,27.024390243902438,4.288876251438197,14.817073170731707,4.018869224848178,7.439024390243903,3.0311044353771788,5.378048780487805,2.2805687177990124,21.121951219512194,4.214584448277808,-1.329268292682927,12.685225077248875,-2.2699999999999996,-8.78,-6.51,0.42857142857142855,28,-5.6825,40,-3.15396569853762
1610612740,NOH,New Orleans Hornets,2020,2019-20,72,115.84722222222223,10.907627157335499,117.13888888888889,11.543311648676315,104.83333333333333,4.608626326761404,110.54305555555555,9.720963645341609,111.83472222222221,9.969575685974426,-1.2861111111111114,12.57368485610801,48.416666666666664,1.391624848265458,42.56944444444444,4.433630721784551,91.63888888888889,7.144988503830835,0.4661527777777777,0.05061916903570638,13.63888888888889,3.4977077224125086,36.888888888888886,6.334692218932756,0.3698888888888889,0.0744155737818587,17.069444444444443,5.797829581492115,23.430555555555557,7.325099410735105,0.7269583333333333,0.10626149482145514,11.069444444444445,3.735352195581981,35.43055555555556,4.5154707111605745,46.5,6.467687833800651,26.833333333333332,5.015469028661705,16.40277777777778,3.909755664791913,7.486111111111111,2.8033835469703567,4.972222222222222,2.2578328274436785,21.166666666666668,4.324838187968734,-1.2916666666666667,13.078783485660612,-4.9,-1.2899999999999996,3.6100000000000008,0.23529411764705882,17,-5.7725,40,-3.9937406155834427
1610612740,NOH,New Orleans Hornets,2021,2020-21,72,114.59722222222223,11.298335565094137,114.88888888888889,12.180052447394603,101.43055555555556,5.548318839119835,113.1236111111111,10.899302123356929,113.48333333333332,12.09142403570678,-0.3611111111111107,14.209375555513384,48.416666666666664,1.391624848265458,42.5,4.705405941087606,89.05555555555556,6.833819975801152,0.47876388888888893,0.05449214778827341,10.583333333333334,3.892028690020625,30.416666666666668,6.499729138451805,0.3469027777777777,0.1024373611038558,19.01388888888889,5.685397791168043,26.083333333333332,7.058607770798137,0.7271388888888889,0.10117455360583309,11.73611111111111,3.6230601630702903,35.666666666666664,5.523318047471205,47.40277777777778,6.80443045856262,26.0,4.608626326761404,14.61111111111111,4.207824889101208,7.569444444444445,3.010902203887923,4.375,2.0992117903739658,17.98611111111111,3.825389810038716,-0.2916666666666667,14.312840192156035,-0.589999999999999,-2.43,-1.8400000000000012,0.39285714285714285,28,-2.9282051282051285,39,-2.2342005554180755
1610612740,NOH,New Orleans Hornets,2022,2021-22,82,109.29268292682927,10.45211043120597,110.28048780487805,13.318764624286045,98.29268292682927,4.6147584099467265,111.26097560975609,10.141015072011074,112.009756097561,12.826617865427467,-0.7499999999999994,16.38290474553382,48.18292682926829,0.944484296943331,40.170731707317074,4.365422152450516,87.95121951219512,6.3865260152771715,0.4579512195121952,0.049977995760362624,10.646341463414634,2.7860851387712082,32.0609756097561,5.596179386670234,0.3355609756097561,0.08361346952169958,18.304878048780488,6.261165876503548,23.20731707317073,7.5616606133545,0.7897682926829268,0.09152956734456713,11.963414634146341,4.0013735973365705,33.24390243902439,5.725319497494357,45.207317073170735,6.725183562372565,24.963414634146343,4.223523547855436,14.060975609756097,3.9168756791373305,8.292682926829269,3.3719533294884316,4.0,2.1659542988464366,19.658536585365855,3.9353400787837924,-0.9878048780487805,16.26364111392172,-10.77,1.3199999999999998,12.09,0.5294117647058824,17,-4.824528301886792,53,-3.842047888008511
1610612740,NOH,New Orleans Hornets,2023,2022-23,82,114.36585365853658,10.548549950225096,112.47560975609755,11.330310718671049,100.47560975609755,5.183605708589907,113.89878048780488,9.65923716925722,112.03536585365856,10.413125287806746,1.8658536585365861,14.586339114679985,48.426829268292686,1.4057245204096498,42.03658536585366,4.34455845815503,87.5609756097561,7.15800089509722,0.4813536585365854,0.04649555187837387,10.963414634146341,3.6428354237765768,30.097560975609756,5.714633060377069,0.36156097560975603,0.09233742437266255,19.329268292682926,5.7393054125467495,24.390243902439025,7.208972628574079,0.7949024390243903,0.08023755005246709,10.560975609756097,3.7320684397400785,33.13414634146341,5.422318294053152,43.69512195121951,6.836158448326319,25.878048780487806,4.506210375493843,14.585365853658537,3.641161188792698,8.304878048780488,3.0578335927974547,4.109756097560975,2.0787347621527172,20.463414634146343,3.443351518188041,1.8902439024390243,14.68770048778193,3.9099999999999993,7.76,3.8500000000000005,0.42105263157894735,19,0.47500000000000014,48,-0.08000157873011565
1610612740,NOH,New Orleans Hornets,2024,2023-24,82,115.07317073170732,13.399631916636928,110.65853658536585,12.395956640850875,98.79268292682927,4.40464907271612,116.47195121951218,12.263096042223633,111.87804878048779,10.843431468971547,4.6,16.778226631229202,48.0609756097561,0.5521576303742328,42.48780487804878,5.587119009440816,87.3780487804878,6.959566191785088,0.4867682926829267,0.053540177317343084,12.475609756097562,4.352452436983079,32.59756097560975,6.095656733671491,0.3781341463414634,0.08869837391791364,17.621951219512194,6.249227594547608,22.841463414634145,7.3020705877864085,0.7708414634146342,0.10712061616565002,10.390243902439025,3.38754471542981,33.573170731707314,4.971599558293254,43.96341463414634,6.221121176295602,26.951219512195124,5.553115995534533,13.012195121951219,3.335162099967906,8.341463414634147,3.1119820693377322,4.609756097560975,2.077249472710474,18.390243902439025,4.171496748765646,4.414634146341464,16.939216839879265,-6.88,-1.7200000000000002,5.16,0.4,15,1.2660377358490564,53,2.2086184512934874
1610612740,NOH,New Orleans Hornets,2025,2024-25,82,109.82926829268293,12.758734483906862,119.2560975609756,11.885057508921207,100.14634146341463,5.171436152749376,109.64634146341466,11.237066036850152,119.18048780487804,11.319691561304104,-9.52560975609756,14.509007938243139,48.18292682926829,0.944484296943331,40.63414634146341,5.222251052218177,89.85365853658537,6.953322238582662,0.4524634146341463,0.04866189604267318,12.024390243902438,3.6984334680286612,34.6219512195122,6.127533981052174,0.3448536585365854,0.07976123659393124,16.536585365853657,4.901990328833864,21.9390243902439,5.648877438959481,0.7516829268292684,0.10248226321080832,12.109756097560975,3.893667215392402,31.5,5.457467417885694,43.609756097560975,6.662509995936217,25.841463414634145,5.022098111040504,14.646341463414634,3.9232512066029384,8.548780487804878,3.3004019172544794,5.2317073170731705,2.2624076571445504,18.28048780487805,3.922944189908059,-9.426829268292684,14.416237833746111,-11.01,-12.91,-1.9000000000000004,0.2727272727272727,22,-12.9625,48,-11.446597431058986
1610612741,CHI,Chicago Bulls,2013,2012-13,82,93.1829268292683,11.11902834459528,92.86585365853658,11.456587080534733,90.97560975609755,4.674532021882762,102.43170731707319,10.995811526356555,101.90853658536585,11.20953299342768,0.5280487804878048,14.94036106452357,48.36585365853659,1.3100956059915252,35.68292682926829,4.510284677392676,81.6829268292683,6.673844374520631,0.4385975609756097,0.05776407097160212,5.439024390243903,2.648538199080837,15.426829268292684,4.524366097894242,0.3508170731707317,0.12974877225792553,16.378048780487806,5.703887008868318,21.195121951219512,7.021024905644833,0.7743292682926829,0.09978038290066678,12.512195121951219,3.739161794362522,30.658536585365855,4.848875425674155,43.170731707317074,6.174029394501408,23.0,4.608098078517271,14.28048780487805,3.9511660733706973,7.170731707317073,2.2377506235182483,5.085365853658536,2.961486194764817,19.71951219512195,4.101413156774807,0.3170731707317073,13.582739635996537,0.3500000000000002,-1.3,-1.6500000000000004,0.5517241379310345,29,-3.9470588235294124,34,-1.7789834324087295
1610612741,CHI,Chicago Bulls,2014,2013-14,82,93.65853658536585,11.521552013289758,91.8048780487805,11.072643437815277,92.0609756097561,5.8210931071716026,101.75731707317074,10.919492486825034,99.88048780487804,10.280767601456521,1.8768292682926833,14.754821758699242,48.609756097560975,2.5325344625443313,34.670731707317074,5.185580382410345,80.20731707317073,8.112994918043443,0.4332804878048781,0.05719174471859239,6.195121951219512,2.6361167867413147,17.79268292682927,4.569728102990425,0.34659756097560973,0.11686838220583795,18.121951219512194,5.973997656309473,23.26829268292683,7.573587600856481,0.7811219512195121,0.10161150783518962,11.426829268292684,3.8201237385585074,32.71951219512195,4.568475960166023,44.146341463414636,6.168662242113107,22.682926829268293,4.933828926009003,14.914634146341463,3.982062309265013,7.2439024390243905,2.8265101966203687,5.170731707317073,2.527893174649401,19.085365853658537,3.6925056550595547,1.853658536585366,13.672647247192506,4.4,9.12,4.719999999999999,0.55,20,-2.8885714285714283,35,-0.13962874758040944
1610612741,CHI,Chicago Bulls,2015,2014-15,82,100.79268292682927,10.752820824137322,97.79268292682927,11.696509772628174,94.8170731707317,5.715752650784524,106.43170731707316,10.85223852482514,103.1987804878049,10.06678309844905,3.2280487804878053,13.138871500014277,48.48780487804878,1.8608633496046498,36.59756097560975,4.5996772728915,82.89024390243902,7.4120457474302865,0.4431829268292683,0.05446374443604277,7.865853658536586,2.651634460413636,22.25609756097561,4.7682358867662815,0.3535853658536585,0.09356280668910864,19.73170731707317,6.198464127742352,25.20731707317073,7.304214587327619,0.781890243902439,0.0820284512667631,11.695121951219512,4.418504926715984,34.048780487804876,5.6457182268422255,45.74390243902439,6.839989487411162,21.71951219512195,4.5195716781759785,13.963414634146341,4.158718706855052,6.2682926829268295,2.4193090559787644,5.804878048780488,3.2751930463893473,18.23170731707317,4.025532034426346,3.0,12.260545977007753,4.37,9.989999999999998,5.619999999999998,0.631578947368421,19,1.4142857142857146,35,2.0489241304275416
1610612741,CHI,Chicago Bulls,2016,2015-16,82,101.64634146341463,10.467317685839303,103.1219512195122,11.78866398769916,97.65853658536585,6.202786136621968,104.2487804878049,10.34825975591601,105.60609756097561,11.059908105359932,-1.3585365853658538,12.233055312407558,48.548780487804876,2.4852773351682496,38.59756097560975,3.937348095749253,87.4390243902439,6.849524739709434,0.4432195121951219,0.049967649877966154,7.939024390243903,2.785977058813887,21.378048780487806,4.1622650644483095,0.3688780487804878,0.10077433416190539,16.51219512195122,5.527135981590127,20.975609756097562,6.150329931441292,0.7820121951219512,0.10413743221202712,11.060975609756097,3.692994906862697,35.23170731707317,5.324758802832374,46.292682926829265,6.81589972119122,22.804878048780488,5.014642816546049,13.914634146341463,4.5056924750046425,6.036585365853658,2.348864301097103,5.7317073170731705,2.6668924926963444,18.841463414634145,4.173607588299854,-1.475609756097561,12.061801361850689,2.1,-0.009999999999999964,-2.11,0.6551724137931034,29,-3.9288888888888884,45,-3.4158260016629267
1610612741,CHI,Chicago Bulls,2017,2016-17,82,102.86585365853658,11.528560557221775,102.4390243902439,11.487080838791405,96.57317073170732,5.2728760578177925,106.48902439024391,10.223707695177657,106.35609756097564,11.741370327842894,0.12926829268292667,15.85128018201091,48.24390243902439,1.0836720337741033,38.646341463414636,4.851808753265071,87.08536585365853,6.575677629282912,0.4447439024390245,0.053151265846884274,7.597560975609756,3.1303364553026194,22.329268292682926,5.877462453312087,0.33440243902439026,0.09635541971035134,17.975609756097562,6.124179178572559,22.536585365853657,7.11665603599036,0.7973536585365854,0.09891315207350604,12.182926829268293,3.4929489779384384,34.109756097560975,5.830964804992492,46.292682926829265,6.964615691147928,22.573170731707318,5.531125145745504,13.560975609756097,3.745277061981224,7.841463414634147,2.710152436126066,4.7926829268292686,2.3713193956110605,17.74390243902439,3.6168705373833205,0.4268292682926829,15.325304248730914,5.9799999999999995,10.08,4.1000000000000005,0.5238095238095238,21,-1.3441176470588234,34,-1.9660723473512862
1610612741,CHI,Chicago Bulls,2018,2017-18,82,102.92682926829268,12.697604019933605,109.96341463414635,12.068165572906755,99.51219512195122,5.2546132639852745,103.40975609756099,11.420142587984644,110.54146341463414,11.367583879790686,-7.134146341463413,14.711801087480046,48.426829268292686,1.7918229065718263,38.65853658536585,5.2943471185997275,88.84146341463415,6.930821325913071,0.4358414634146341,0.05653415214121289,11.048780487804878,3.5794421215933636,31.085365853658537,5.502415226179207,0.35351219512195126,0.08988555740323276,14.560975609756097,5.130633154621271,19.195121951219512,6.163290415871736,0.7570365853658536,0.1048234783240349,9.634146341463415,3.4587951770934944,35.02439024390244,5.166309688399143,44.65853658536585,6.258267642196284,23.451219512195124,4.419799557000183,13.987804878048781,3.622610416959341,7.634146341463414,2.6828775555958164,3.524390243902439,2.217915881672533,19.158536585365855,4.08390249153593,-7.036585365853658,14.383156405891109,-7.25,-10.180000000000001,-2.9300000000000015,0.5,24,-10.168000000000001,50,-9.324229583399893
1610612741,CHI,Chicago Bulls,2019,2018-19,82,104.9390243902439,13.430523151495423,113.35365853658537,14.199958225655395,100.39024390243902,7.039142935976688,104.54512195121953,11.075879169061947,112.85365853658537,12.534704368686095,-8.308536585365854,14.299021819427795,48.548780487804876,2.606508657825306,39.829268292682926,5.057215546881921,87.86585365853658,7.8485072814020524,0.45418292682926825,0.05002718472071959,9.085365853658537,3.262965475094571,25.890243902439025,5.910873214847312,0.3491829268292684,0.09278557892003177,16.195121951219512,5.651262339896018,20.670731707317074,7.086859476225866,0.7882926829268293,0.10321576200390312,8.75609756097561,3.191659561387531,34.13414634146341,4.80422189617658,42.890243902439025,5.528838195464671,21.902439024390244,4.339339871561967,14.134146341463415,4.288261886010594,7.353658536585366,2.821311975779941,4.280487804878049,2.0921628612804137,20.28048780487805,3.775405759385022,-8.414634146341463,14.148202537767256,-7.840000000000002,-13.430000000000001,-5.59,0.4090909090909091,22,-12.946153846153846,39,-11.120617784593586
1610612741,CHI,Chicago Bulls,2020,2019-20,65,106.84615384615384,11.062649390560182,109.92307692307692,10.460203888290868,100.96923076923076,4.537927771741025,105.88461538461539,10.534500325852413,109.04,10.521671088757717,-3.1661538461538465,12.064737835463378,48.23076923076923,1.0572551544156508,39.58461538461538,5.021492269772464,88.64615384615385,6.541766698565574,0.4478923076923077,0.056246145167058746,12.2,3.4604912945996555,35.10769230769231,5.247389460850619,0.3479692307692308,0.08588563784743954,15.476923076923077,5.87927422260736,20.49230769230769,6.946498841419766,0.7518923076923076,0.096420972024523,10.461538461538462,3.4779525365010153,31.4,4.917443441464274,41.86153846153846,6.020477875231654,23.23076923076923,3.3854893976408285,15.461538461538462,4.172367894392086,10.03076923076923,3.0412231850915616,4.076923076923077,2.306971041130639,21.8,3.9496835316262997,-3.076923076923077,12.307654747538841,-4.510000000000001,-3.7299999999999995,0.7800000000000011,0.4375,16,-9.276923076923078,26,-6.984731067707961
1610612741,CHI,Chicago Bulls,2021,2020-21,72,110.68055555555556,11.360701214334313,111.56944444444444,11.160577486306702,100.27777777777777,5.49576590472149,110.46666666666667,10.626408771559737,111.58472222222223,10.281826709545976,-1.1166666666666667,13.097112895488957,48.27777777777778,1.1533444597688496,42.15277777777778,4.436277218068722,88.61111111111111,5.844355783376959,0.4771944444444444,0.05380209925452773,12.555555555555555,4.1448725795970445,33.97222222222222,6.06530707563539,0.36552777777777773,0.08579979517067744,13.819444444444445,4.95707316214904,17.47222222222222,6.028038295863806,0.7919444444444443,0.1093939629213179,9.625,3.3669374222925206,35.333333333333336,4.9276454966692835,44.958333333333336,5.946800536399242,26.76388888888889,4.250908951866401,15.125,4.055729732362825,6.694444444444445,2.58183736785515,4.222222222222222,2.2216744238741195,18.916666666666668,3.8593219867203485,-0.8888888888888888,12.832129081965036,-5.4,1.5900000000000005,6.990000000000001,0.2777777777777778,18,-6.627777777777777,36,-3.355269843816859
1610612741,CHI,Chicago Bulls,2022,2021-22,82,111.60975609756098,12.241153114368222,112.0,12.133007728638843,99.07317073170732,3.90877609528653,112.64512195121951,11.515798621293222,113.28048780487805,12.357098614920162,-0.6378048780487803,15.499658620246239,48.1219512195122,0.7760336619661978,41.73170731707317,5.535628217748279,86.91463414634147,5.223879688536204,0.4802560975609757,0.05798207704676534,10.634146341463415,3.4012060138559903,28.829268292682926,5.208741176443668,0.3665,0.09072550514574507,17.51219512195122,5.679166828214501,21.536585365853657,6.184798412737715,0.8086097560975609,0.0973724878244618,8.670731707317072,3.506800722859289,33.65853658536585,5.389105407322961,42.329268292682926,6.3732753717509665,23.878048780487806,5.538619170748134,12.841463414634147,3.9952734797079077,7.134146341463414,2.6562862552213398,4.097560975609756,2.2804036684977076,18.78048780487805,3.181832650905443,-0.3902439024390244,15.18670316514407,6.790000000000001,-6.899999999999999,-13.69,0.5909090909090909,22,-3.9823529411764707,51,-3.5420397912180626
1610612741,CHI,Chicago Bulls,2023,2022-23,82,113.1219512195122,11.99731476530636,111.82926829268293,12.55487203453996,100.3048780487805,5.293109950483483,112.87926829268294,11.469968708503261,111.52317073170731,11.870071284178476,1.3487804878048781,15.058906916067148,48.548780487804876,1.9254785457729358,42.53658536585366,4.685662718325622,86.78048780487805,6.2302020066013375,0.4914512195121952,0.05406378319000084,10.414634146341463,3.744794640769462,28.865853658536587,5.172964370008894,0.357,0.10121203754104488,17.634146341463413,5.090567881978968,21.804878048780488,5.701286457361612,0.8077560975609754,0.08191783914244895,8.463414634146341,3.221053895284338,33.890243902439025,5.265790122934024,42.353658536585364,6.222960176912974,24.463414634146343,4.853902901945155,13.378048780487806,4.141450345054743,7.853658536585366,2.7267397944531897,4.524390243902439,2.389408779377311,18.914634146341463,3.8432278727370037,1.2926829268292683,14.765230935034172,1.8399999999999994,6.209999999999999,4.369999999999999,0.3333333333333333,21,-3.0020833333333337,48,-0.3766192288596098
1610612741,CHI,Chicago Bulls,2024,2023-24,82,112.26829268292683,11.104496676202736,113.70731707317073,10.54735096913555,98.51219512195122,5.418860302111789,113.99756097560974,9.711454044412191,115.84024390243901,11.011339382722955,-1.8487804878048784,13.1260578071315,48.73170731707317,1.9439604507980062,42.048780487804876,4.61586753084733,89.5,7.41411733131255,0.4713536585365854,0.0511585219603334,11.475609756097562,3.439873704816621,32.073170731707314,5.7279485647668205,0.3569024390243902,0.08392760103922868,16.695121951219512,4.872926021358794,21.109756097560975,5.8203688686317525,0.7927439024390245,0.08589497045820003,11.170731707317072,4.3851738933910624,32.646341463414636,5.092652541324082,43.81707317073171,7.027508644439107,24.975609756097562,4.438817576276277,12.24390243902439,3.7500978608128337,7.780487804878049,2.85892317742491,4.804878048780488,2.431475822685128,18.79268292682927,3.203924310067761,-1.4390243902439024,12.675530583752487,-3.4799999999999995,0.45999999999999996,3.9399999999999995,0.55,20,-5.276923076923077,52,-4.681859600402829
1610612741,CHI,Chicago Bulls,2025,2024-25,82,117.8048780487805,11.975735781813512,119.36585365853658,11.885785882826337,104.04878048780488,4.139250361618368,113.34512195121955,11.737301017275202,114.97317073170728,11.88428829761636,-1.6280487804878048,15.548143268850536,48.18292682926829,0.944484296943331,43.207317073170735,4.943477570578835,92.01219512195122,5.909803327426793,0.4705853658536586,0.05382939470043403,15.439024390243903,3.758439264256039,42.03658536585366,6.720973478047856,0.3684512195121951,0.07472933091985368,15.951219512195122,5.510713334713787,19.71951219512195,6.224750260732668,0.8092926829268294,0.09718945324644371,10.060975609756097,2.907408845850311,35.792682926829265,6.133771733281342,45.853658536585364,7.194171082270397,29.0609756097561,4.522502205298371,14.670731707317072,3.861985921836551,7.573170731707317,2.7035892366656356,4.7073170731707314,2.1687329456577755,17.609756097560975,4.075691557045532,-1.5609756097560976,15.99621680657194,-5.3999999999999995,4.590000000000001,9.99,0.5882352941176471,17,-6.461363636363637,44,-4.940346655329151
1610612742,DAL,Dallas Mavericks,2013,2012-13,82,101.13414634146342,11.43501466432735,101.73170731707317,10.137388053895068,96.54878048780488,5.475314837386382,104.87317073170732,11.55994626819594,105.38902439024392,8.582166495267042,-0.5170731707317076,14.464761820983773,48.73170731707317,1.9439604507980064,38.80487804878049,4.836688552903092,84.04878048780488,6.063251865607054,0.46267073170731715,0.05653537183563753,7.390243902439025,3.1338695268600634,19.853658536585368,4.7091241911204,0.36609756097560975,0.12266008534640596,16.134146341463413,5.832565441779524,20.353658536585368,6.957315984567883,0.7919634146341463,0.10284453629136771,9.353658536585366,3.12841201866162,32.5609756097561,4.690672543780691,41.91463414634146,5.867258428724349,23.24390243902439,4.359071640912921,13.951219512195122,4.070072766129604,7.902439024390244,2.2749834138457166,5.536585365853658,3.0069677189808797,20.70731707317073,4.211940126191075,-0.5975609756097561,14.055322576986615,1.02,1.3,0.28,0.48,25,-7.277499999999999,40,-3.586298287338588
1610612742,DAL,Dallas Mavericks,2014,2013-14,82,104.84146341463415,10.489818122910016,102.4390243902439,11.958877647672058,95.7560975609756,5.281135716822674,109.56219512195122,9.964364161683504,107.14756097560974,10.812957768627074,2.4121951219512194,11.282143547357734,48.36585365853659,1.3100956059915252,39.6219512195122,5.076307212055958,83.63414634146342,7.162164296525077,0.4747439024390243,0.05552528308010835,8.792682926829269,2.984477557845787,22.890243902439025,4.8787928520140715,0.38180487804878044,0.0965706341664912,16.804878048780488,7.036832593426339,21.134146341463413,8.002718974865072,0.7888292682926829,0.10079484173530731,10.24390243902439,3.4803184741805415,30.658536585365855,4.659305072422737,40.90243902439025,5.574655514125904,23.597560975609756,5.10352034419806,13.536585365853659,4.11019545944532,8.585365853658537,2.993619632898267,4.341463414634147,2.189872944029097,19.951219512195124,4.198478381110425,2.402439024390244,10.773607161098282,2.8800000000000003,1.7599999999999998,-1.1200000000000006,0.5714285714285714,28,-0.5441860465116276,43,0.4666043924622039
1610612742,DAL,Dallas Mavericks,2015,2014-15,82,105.21951219512195,12.977686824494736,102.3170731707317,13.335072154008191,97.26829268292683,6.442621927134572,108.2939024390244,12.379117696884835,104.96097560975609,11.84814155450947,3.3353658536585367,15.45443619200153,48.48780487804878,1.8608633496046498,39.69512195121951,5.449405957862404,85.8048780487805,7.111873265389998,0.4635365853658536,0.05860227845440976,8.926829268292684,3.2877644016282965,25.390243902439025,5.552790639884999,0.34903658536585364,0.09626089101402299,16.902439024390244,5.870221473722866,22.475609756097562,7.6161388256295375,0.7563536585365853,0.09526381458437361,10.463414634146341,3.762042792699757,31.804878048780488,4.585104773875231,42.26829268292683,5.975358412697326,22.51219512195122,5.767606222836672,12.951219512195122,3.596646033732018,8.085365853658537,2.9656520092228096,4.524390243902439,2.3106068347070647,20.048780487804876,4.094267112168845,2.902439024390244,14.77536300746648,9.73,-2.0800000000000005,-11.81,0.6956521739130435,23,-1.0666666666666669,45,0.0966321709008512
1610612742,DAL,Dallas Mavericks,2016,2015-16,82,102.29268292682927,11.799233920390764,102.59756097560975,12.76652621148689,96.95121951219512,5.53753173839109,105.47073170731707,10.11208161160317,105.7829268292683,10.771783039331593,-0.3121951219512192,12.546854312800582,48.792682926829265,1.998380856186221,37.36585365853659,4.707525352165694,84.14634146341463,6.836940242678977,0.4447926829268293,0.04922428834511892,9.829268292682928,3.3731140246701825,28.5609756097561,5.665789825353283,0.34301219512195125,0.09150369268706518,17.73170731707317,5.908873386983562,22.329268292682926,7.0097901168783885,0.7929878048780489,0.08903009532812091,9.158536585365853,3.3498461810830347,33.91463414634146,5.087387501743277,43.073170731707314,5.597134381014341,22.109756097560975,4.0429975970073,12.768292682926829,3.6861394723443968,6.829268292682927,2.508281975843278,3.731707317073171,2.024838237634744,19.451219512195124,4.052593862324216,-0.3048780487804878,12.127602456502645,0.6599999999999999,1.94,1.28,0.375,24,-5.871428571428571,42,-3.326264874349982
1610612742,DAL,Dallas Mavericks,2017,2016-17,82,97.91463414634147,11.573918336802269,100.84146341463415,12.007682224304554,93.51219512195122,4.349666944647443,104.73902439024391,11.679905251788467,107.66707317073171,11.524403038855738,-2.926829268292683,15.452292560584603,48.24390243902439,1.0836720337741033,36.19512195121951,4.509082807259373,82.3170731707317,5.914781752504917,0.4403414634146342,0.051220708464543484,10.707317073170731,3.2678297433551773,30.158536585365855,5.339046736469024,0.3553658536585366,0.09238078900754926,14.817073170731707,5.393475822822428,18.48780487804878,6.126735385176669,0.7972439024390243,0.08982665899422307,7.890243902439025,3.1856394499706453,30.682926829268293,4.49108320619317,38.573170731707314,5.57558719225088,20.79268292682927,4.3111620984328765,11.853658536585366,3.3596073816007834,7.487804878048781,2.8684916776360483,3.7439024390243905,1.9551197469547101,19.109756097560975,3.60728377537358,-2.926829268292683,14.63277269473981,-7.15,-7.090000000000001,0.05999999999999961,0.5,20,-6.188095238095237,42,-5.841898599678165
1610612742,DAL,Dallas Mavericks,2018,2017-18,82,102.3170731707317,10.167581074580138,105.35365853658537,11.798066331645789,97.0609756097561,4.688698155614147,105.48170731707317,9.83206053343002,108.35975609756098,10.990679100959639,-2.882926829268293,12.650279896167122,48.30487804878049,1.203790560412963,38.146341463414636,4.210867630661277,85.8780487804878,5.8907549326553585,0.4455121951219513,0.050461143565487754,11.792682926829269,3.405651819839561,32.78048780487805,5.811917068061302,0.360890243902439,0.08518404274399861,14.231707317073171,4.37811273531823,18.658536585365855,5.270976933356692,0.7631829268292685,0.09229503525146221,8.121951219512194,3.5325304605029535,33.13414634146341,5.4154835063869795,41.25609756097561,6.438332303831628,22.658536585365855,3.9790175355265403,12.28048780487805,3.5005269100519127,7.048780487804878,2.27657116563642,3.7804878048780486,2.2663637610455005,19.24390243902439,3.660132142287533,-3.0365853658536586,12.264014530073636,-9.52,-6.4,3.119999999999999,0.20833333333333334,24,-4.243396226415094,53,-3.8831259173526975
1610612742,DAL,Dallas Mavericks,2019,2018-19,82,108.86585365853658,10.647856325289087,110.14634146341463,12.566978040370264,100.1951219512195,5.4352280822364705,108.81341463414637,10.68615999116709,110.19634146341464,11.888478135396072,-1.3914634146341462,14.254686915767255,48.24390243902439,1.0836720337741033,38.80487804878049,4.503603562334577,86.85365853658537,7.207886543583572,0.4476585365853658,0.04704902080092428,12.463414634146341,3.151308260370915,36.609756097560975,6.284914522653521,0.3414512195121951,0.06774719755290404,18.79268292682927,5.904042985720529,25.317073170731707,7.181729302358709,0.7415243902439024,0.08562987040988519,10.146341463414634,3.162753727564403,35.170731707317074,5.445135734001337,45.31707317073171,6.2239641386754645,23.390243902439025,4.373760417157158,14.231707317073171,4.693833044966541,6.5,2.7091522978303577,4.280487804878049,2.358459374953538,20.121951219512194,4.350082286443056,-1.2804878048780488,14.21290874760514,-3.5900000000000007,3.5599999999999996,7.15,0.4482758620689655,29,-0.6976744186046513,43,-1.7477527434708438
1610612742,DAL,Dallas Mavericks,2020,2019-20,75,117.01333333333334,11.74560680762298,112.06666666666666,11.951855372570687,100.92,5.3795408223620225,116.03066666666666,10.765836522817725,111.26666666666667,11.020881081829158,4.760000000000001,14.516290941652509,48.46666666666667,1.4642896380648684,41.653333333333336,5.4014345775447,90.29333333333334,6.751923316246154,0.46182666666666666,0.05259261414935621,15.146666666666667,3.8014696067667266,41.266666666666666,5.9759276862853445,0.3668266666666667,0.07710967502189321,18.56,6.472895671828674,23.826666666666668,7.7901069161960645,0.7789466666666666,0.09359240170899376,10.546666666666667,3.3178197551898334,36.38666666666666,5.397430152605243,46.93333333333333,6.237058673838246,24.653333333333332,4.55148723342558,12.706666666666667,3.6196660042028714,6.133333333333334,2.4950401249729883,4.84,2.5257591847718697,19.493333333333332,4.384781215329484,4.946666666666666,14.21827272488748,2.91,-2.32,-5.23,0.2962962962962963,27,-1.7941176470588236,34,1.619688727436913
1610612742,DAL,Dallas Mavericks,2021,2020-21,72,112.44444444444444,11.512257874854601,110.18055555555556,13.984222889665912,98.08333333333333,3.841031258237892,114.6611111111111,11.050008674466746,112.30277777777778,13.350370277317069,2.363888888888889,15.860574786269908,48.06944444444444,0.5892556509887894,41.083333333333336,4.775966829337237,87.31944444444444,5.535611697916459,0.4704166666666667,0.045009779844941936,13.805555555555555,4.019806206837847,38.111111111111114,5.798386263011984,0.3595555555555556,0.07871304433817045,16.47222222222222,5.533437976271686,21.166666666666668,6.5756700510076005,0.7756805555555555,0.11496819234201795,9.125,3.103553165892462,34.208333333333336,5.616719256938841,43.333333333333336,6.175827480623348,22.875,4.638897088444957,12.069444444444445,3.6204675944557096,6.25,2.699765248010685,4.319444444444445,2.3306070592177788,19.38888888888889,4.023016720916806,2.263888888888889,15.634913130785177,5.25,3.0599999999999996,-2.1900000000000004,0.6470588235294118,17,2.386111111111111,36,1.859114485345942
1610612742,DAL,Dallas Mavericks,2022,2021-22,82,108.02439024390245,12.57469103246195,104.71951219512195,11.05237183666469,95.98780487804878,4.016920700247227,112.65243902439025,13.205098394459133,109.10975609756098,10.995022552383944,3.552439024390244,15.94200310856575,48.18292682926829,0.9444842969433311,39.292682926829265,5.3437116727452,85.14634146341463,5.76091974656892,0.4623048780487804,0.0614860596514887,13.085365853658537,3.5283725465803077,37.353658536585364,4.892352185468114,0.3510243902439024,0.08692127495467991,16.353658536585368,5.5005542957937985,21.20731707317073,6.717836594879885,0.7751585365853659,0.11984428884265762,9.25609756097561,2.473618709750665,33.76829268292683,5.200424437777384,43.02439024390244,5.54437900152003,23.390243902439025,5.302587529468835,12.5,3.266931206219813,6.7317073170731705,2.5045577243818147,3.9634146341463414,2.252269757494412,19.658536585365855,3.6011641197206643,3.3048780487804876,15.652624932224464,-2.13,9.01,11.14,0.5882352941176471,17,1.01875,48,1.0875567466606049
1610612742,DAL,Dallas Mavericks,2023,2022-23,82,114.21951219512195,11.991791832918338,114.14634146341463,11.522518962448617,98.5609756097561,5.7307866027114915,115.9231707317073,10.67584441718188,116.1268292682927,10.226545568606593,-0.20121951219512213,12.662236007777285,48.609756097560975,1.8240918427777388,40.03658536585366,5.002333090116506,84.2560975609756,7.100358147130668,0.47628048780487797,0.05482773795390272,15.195121951219512,3.6664613558352395,41.0,6.261779023824609,0.37131707317073176,0.07306751115502458,18.951219512195124,6.338014720178142,25.085365853658537,6.737038253743249,0.7491463414634146,0.11490749064444385,7.621951219512195,3.230411982679299,31.170731707317074,5.284042779914816,38.792682926829265,6.1075500834360925,22.926829268292682,4.351189670738076,12.21951219512195,3.548689169374672,6.2682926829268295,2.429493573646624,3.707317073170732,1.9968357986738423,20.695121951219512,4.13861378471323,0.07317073170731707,11.99462892946989,4.73,-3.1399999999999997,-7.87,0.5142857142857142,35,-1.184313725490196,51,-0.7682143643183289
1610612742,DAL,Dallas Mavericks,2024,2023-24,82,117.85365853658537,14.27258613023324,115.64634146341463,12.186181154948523,100.76829268292683,4.65421296071092,116.93780487804878,12.734890735123386,114.94268292682928,11.678364828122012,2.0000000000000004,17.875080937397698,48.0609756097561,0.5521576303742327,43.109756097560975,5.367957281115038,89.65853658536585,6.361961635900493,0.48148780487804876,0.05405147156033775,14.597560975609756,4.027252091664529,39.53658536585366,6.020941073138231,0.36701219512195127,0.07800023645143632,17.036585365853657,6.181304193263728,22.463414634146343,7.430659080402352,0.7531829268292682,0.09960193959745375,9.71951219512195,3.2670233752480784,33.21951219512195,5.454694184644781,42.9390243902439,6.010993141121329,25.682926829268293,4.626488545990888,12.524390243902438,3.7456991295733246,6.865853658536586,2.488304470681514,4.951219512195122,2.6846727231139105,18.29268292682927,3.942449589077958,2.207317073170732,18.058025680524167,6.16,2.9299999999999997,-3.2300000000000004,0.6666666666666666,15,-2.6865384615384613,52,-1.252656244829529
1610612742,DAL,Dallas Mavericks,2025,2024-25,82,114.1951219512195,11.8701191652523,115.39024390243902,12.742226967368197,100.46341463414635,4.643314913024056,113.70975609756101,11.05841514950445,114.98414634146343,11.66237454922744,-1.2768292682926827,15.639916475263123,48.1219512195122,0.7760336619661978,41.98780487804878,4.723186574575211,87.73170731707317,6.981543181649007,0.4798170731707317,0.05081414405234391,12.439024390243903,3.641657338662889,34.15853658536585,6.100940045346831,0.36245121951219506,0.07850943993551511,17.78048780487805,5.687379118767288,23.097560975609756,6.814309120705661,0.7674878048780488,0.09348654671846732,10.097560975609756,3.619596035360719,32.951219512195124,4.776233442979604,43.048780487804876,6.710784464133758,25.24390243902439,4.762406735705202,14.036585365853659,3.6563664144639874,7.7560975609756095,2.5798888654873453,5.426829268292683,3.53476731140813,17.78048780487805,3.9784120855024137,-1.1951219512195121,15.70046710352577,3.6199999999999997,-9.09,-12.709999999999999,0.391304347826087,23,-7.723404255319149,47,-4.097441960890884
1610612743,DEN,Denver Nuggets,2013,2012-13,82,106.14634146341463,10.749817054107389,101.0609756097561,11.09036681419834,97.07317073170732,6.411372010491246,109.42073170731707,9.699188432447224,104.33536585365853,10.678365944619742,5.080487804878049,12.331205412270227,48.548780487804876,2.2230689443799143,40.71951219512195,4.813238919367205,85.15853658536585,8.781953313746198,0.4797073170731707,0.04931693616510498,6.353658536585366,2.6217134686294177,18.51219512195122,4.706821690970797,0.34212195121951217,0.11680990046022834,18.353658536585368,5.840201144894537,26.195121951219512,7.557906536833608,0.6990243902439024,0.09406275494002692,13.317073170731707,4.1688973252120505,31.71951219512195,5.482349659023954,45.03658536585366,7.539926845686351,24.414634146341463,4.82266055230619,15.28048780487805,4.010093408117166,9.292682926829269,2.7865984613221872,6.5,2.7045914321417968,20.51219512195122,4.164055188848772,5.085365853658536,11.65046623293444,-2.09,9.709999999999999,11.799999999999999,0.5384615384615384,26,4.371794871794871,39,4.222888647057335
1610612743,DEN,Denver Nuggets,2014,2013-14,82,104.3780487804878,12.811684716755316,106.52439024390245,11.726540131290552,99.34146341463415,5.683459892573962,105.04024390243904,10.996181826188216,107.23292682926828,9.988413718497242,-2.1999999999999997,13.871633725780905,48.18274390243903,0.9445216152912987,38.3780487804878,5.614443991253668,85.8780487804878,7.857355198388353,0.44745121951219513,0.05369027602122353,8.560975609756097,2.9105918153267654,23.890243902439025,4.929142608340463,0.35719512195121955,0.08965784605168094,19.0609756097561,5.808354053792915,26.26829268292683,7.451984209190186,0.7271097560975609,0.09263895217023474,12.304878048780488,4.191964754558752,33.13414634146341,4.760335591245931,45.4390243902439,6.771577420721841,22.414634146341463,5.118234696426935,15.914634146341463,4.166892496138482,7.5,2.6399120823370494,5.597560975609756,2.614582827227626,23.048780487804876,4.1689695533074715,-2.1463414634146343,13.82351007864171,-0.9200000000000005,-1.6299999999999997,-0.7099999999999992,0.4230769230769231,26,-5.0125,48,-3.720511972720508
1610612743,DEN,Denver Nuggets,2015,2014-15,82,101.46341463414635,13.026274608330466,105.01219512195122,12.776805665861314,97.6951219512195,5.785654938843488,103.8780487804878,11.956082437690464,107.04634146341462,10.404381735085016,-3.164634146341463,14.919548630772317,48.48780487804878,1.8608633496046498,37.792682926829265,5.027671097402408,87.29268292682927,7.4344672858349,0.43443902439024396,0.05873503961051513,8.048780487804878,2.8970075621953497,24.78048780487805,6.326554637894879,0.32702439024390245,0.0944538525522876,17.829268292682926,5.76238307623277,24.28048780487805,6.894754474619205,0.7328048780487806,0.09191185243420012,12.341463414634147,4.237456470354729,32.353658536585364,4.6623576699409375,44.69512195121951,6.508662839650932,21.804878048780488,4.389772131632841,14.21951219512195,3.4030646690629833,7.817073170731708,2.7672156919795703,4.475609756097561,2.2998959168939836,22.951219512195124,4.444173433471636,-3.548780487804878,14.55356427348059,-4.94,-3.2099999999999995,1.7300000000000009,0.375,16,-5.882978723404255,47,-4.754872279504987
1610612743,DEN,Denver Nuggets,2016,2015-16,82,101.89024390243902,12.455358406171896,104.98780487804878,11.298960842024613,97.10975609756098,5.335661754602728,104.90853658536585,11.478075732601539,108.21341463414635,10.278021164627164,-3.3036585365853655,11.263855063623154,48.36585365853659,1.3100956059915252,37.71951219512195,5.06567824238818,85.40243902439025,7.862804695617287,0.4423536585365854,0.05074807591103418,8.0,2.6943012562182536,23.695121951219512,4.52888950057308,0.336829268292683,0.08541630874404485,18.451219512195124,6.494351656070142,24.073170731707318,8.42069831977806,0.7698292682926829,0.09057658990580383,11.475609756097562,3.8657266090865683,33.146341463414636,5.028614298045384,44.6219512195122,5.5547560400307185,22.658536585365855,4.149132029402104,14.658536585365853,4.104257085885343,7.426829268292683,2.7578417389166057,4.817073170731708,2.211798043939034,21.01219512195122,4.083976222827196,-3.097560975609756,10.877102187734051,-5.13,-7.110000000000001,-1.9800000000000013,0.6071428571428571,28,-5.7023809523809526,42,-5.077452382649942
1610612743,DEN,Denver Nuggets,2017,2016-17,82,111.71951219512195,12.324095028748651,111.20731707317073,10.05385228653465,99.59756097560975,5.284170995863024,112.25731707317075,11.738298933356601,111.88658536585366,10.088347540482584,0.3695121951219512,13.624068109704755,48.18292682926829,0.9444842969433309,41.18292682926829,5.319723488545241,87.73170731707317,7.521243626625647,0.4708902439024391,0.0582404564528903,10.609756097560975,3.2951745399021206,28.841463414634145,5.473774764973193,0.36812195121951213,0.08702424669133954,18.74390243902439,7.051505356506048,24.21951219512195,8.235761210845762,0.7723414634146343,0.1111715635005882,11.78048780487805,4.371694561535105,34.59756097560975,5.00828882360837,46.3780487804878,5.532485976847193,25.329268292682926,5.502086872435017,14.951219512195122,4.002784336564571,6.926829268292683,2.3767416631711953,3.9390243902439024,2.300550449298633,19.109756097560975,4.027700681441379,0.5121951219512195,13.538462722913891,-4.7,-0.15,4.55,0.38095238095238093,21,-2.3891891891891888,37,-1.7318171193922909
1610612743,DEN,Denver Nuggets,2018,2017-18,82,110.0,14.098419489388357,108.52439024390245,13.503749465374694,98.71951219512195,5.327020315159409,111.36219512195123,12.462661668467614,109.8451219512195,10.866577509734505,1.5195121951219512,13.950843498764147,48.48780487804878,1.6868694244915796,40.707317073170735,5.7337807854638365,86.60975609756098,6.203854034231364,0.47034146341463423,0.06084146967652803,11.463414634146341,3.884744210246339,30.926829268292682,5.1129959997977315,0.3672073170731707,0.09597925930847975,17.121951219512194,5.2337703141516245,22.317073170731707,6.546845529691508,0.7709634146341463,0.09433293353166833,11.0,3.972125095937662,33.51219512195122,4.969645893535716,44.51219512195122,5.890448226335277,25.109756097560975,5.732743504459738,14.951219512195122,4.274248006994164,7.646341463414634,3.1125867580531326,4.926829268292683,2.3135696741523657,18.695121951219512,3.892661739355612,1.475609756097561,13.645625726783628,-0.16999999999999957,1.6200000000000003,1.7899999999999998,0.5217391304347826,23,-1.3489795918367342,49,-0.5092602621134986
1610612743,DEN,Denver Nuggets,2019,2018-19,82,110.67073170731707,11.372540980224406,106.71951219512195,12.18304264763817,98.73170731707317,5.087017561043558,112.21341463414636,11.34285833068132,108.1109756097561,11.419714446901922,4.098780487804878,14.598312890028428,48.1219512195122,0.7760336619661978,41.9390243902439,4.932501333685089,90.04878048780488,6.0876366089052745,0.4669512195121952,0.05614683185086663,11.012195121951219,3.4083916138783343,31.353658536585368,5.217188948460518,0.34970731707317076,0.08603379867064276,15.78048780487805,5.621880512768787,20.902439024390244,7.553283573595635,0.7637804878048781,0.10410405814960288,11.853658536585366,3.4964601189552766,34.53658536585366,5.491171639468592,46.390243902439025,7.256765421606352,27.378048780487806,4.968146048385143,13.439024390243903,3.624667071899683,7.7317073170731705,2.8633433815535536,4.426829268292683,2.227939799067424,20.048780487804876,4.097281360098682,3.951219512195122,14.805656609223107,9.46,-0.4099999999999997,-9.870000000000001,0.7916666666666666,24,0.7624999999999997,40,1.6071453357151952
1610612743,DEN,Denver Nuggets,2020,2019-20,73,111.28767123287672,11.14360735037357,109.17808219178082,11.662311646393057,98.86301369863014,5.396282332652604,112.69452054794522,10.878123949914839,110.47534246575343,11.482750116078922,2.212328767123288,12.350291777991403,48.61643835616438,1.8531514972720673,42.04109589041096,4.550452835110613,88.87671232876713,6.940111281287314,0.4745753424657534,0.05353579223499275,10.972602739726028,4.126380586272935,30.602739726027398,5.839852847336036,0.3549452054794521,0.10285546633922753,16.232876712328768,6.074812635302712,20.904109589041095,7.126173165719694,0.7709999999999999,0.11658449487150702,10.767123287671232,4.056957494180712,33.36986301369863,5.287582017527978,44.136986301369866,6.307656433285289,26.73972602739726,4.552250350895679,13.767123287671232,3.802486569284504,8.027397260273972,2.4942857068135984,4.616438356164384,2.4473916783786898,20.34246575342466,4.137293727930372,2.1095890410958904,12.064136065024872,2.13,-4.25,-6.38,0.5714285714285714,21,-0.11944444444444421,36,1.413656726887641
1610612743,DEN,Denver Nuggets,2021,2020-21,72,115.05555555555556,10.658447537627751,110.125,11.776005085539317,98.93055555555556,5.903750034998378,116.40138888888889,9.817166526406627,111.54722222222222,11.030622832034362,4.851388888888888,13.715848682676254,48.55555555555556,1.977969430323089,43.25,4.7285468094941665,89.19444444444444,6.464723099826743,0.48622222222222217,0.053496142344064405,12.875,3.0578345463213106,34.19444444444444,5.517293909279907,0.3777916666666667,0.07981844495434359,15.680555555555555,5.440656518195464,19.52777777777778,6.99491207894533,0.8077222222222222,0.08659135405921932,10.527777777777779,3.9857924520788224,33.916666666666664,5.64376759585796,44.44444444444444,7.0248831154406055,26.84722222222222,3.851686011738281,13.5,3.8014081897833747,8.083333333333334,2.6577020678943946,4.486111111111111,2.245452716708458,19.083333333333332,4.398303129905352,4.930555555555555,13.505686219159367,3.9199999999999995,2.48,-1.4399999999999995,0.6,20,0.8722222222222221,36,2.8590145746129423
1610612743,DEN,Denver Nuggets,2022,2021-22,82,112.71951219512195,13.384415472365108,110.41463414634147,12.298701346189779,99.0609756097561,4.792863936671597,113.76219512195122,12.15913658650805,111.50609756097563,11.184472785810568,2.2560975609756095,14.259708389318101,48.30487804878049,1.203790560412963,41.65853658536585,4.9121153126045405,86.32926829268293,5.591119232569575,0.48379268292682925,0.05929477269756794,12.670731707317072,3.6986980627281745,35.90243902439025,4.940659615325435,0.35154878048780486,0.08315598201075759,16.73170731707317,6.118276164241126,21.036585365853657,7.439376586703723,0.796329268292683,0.09752645160376215,9.170731707317072,3.2728017900202895,34.9390243902439,4.864452974398921,44.109756097560975,6.081760014835243,27.79268292682927,4.885700487775333,14.5,4.202439033128321,7.219512195121951,2.2609098476842493,3.7195121951219514,1.964338799597088,19.98780487804878,3.6497721979953575,2.3048780487804876,13.969710641850927,2.9699999999999998,1.38,-1.5899999999999999,0.65,20,-1.5270833333333336,48,-0.21561183445931456
1610612743,DEN,Denver Nuggets,2023,2022-23,82,115.79268292682927,11.235677088036061,112.46341463414635,10.022437940461417,99.13414634146342,4.898380168445083,116.85853658536585,10.305505555069027,113.6060975609756,9.88066259037987,3.256097560975609,14.199261827109492,48.18292682926829,0.944484296943331,43.58536585365854,4.640006437607803,86.4390243902439,5.704876754980884,0.5053658536585367,0.05434401444549706,11.817073170731707,3.528116514902547,31.20731707317073,5.541622093673262,0.3760121951219512,0.08953411569973926,16.804878048780488,4.782785552297456,22.365853658536587,6.050226391278858,0.7536585365853659,0.11054513848322965,10.097560975609756,3.7171931402491163,32.91463414634146,4.851374298129143,43.01219512195122,6.2548626070492,28.878048780487806,4.932608164676479,14.536585365853659,3.692485268160953,7.536585365853658,2.8982545703148817,4.487804878048781,2.379147593172682,18.597560975609756,3.7444930959502107,3.3292682926829267,14.069540585872048,2.33,0.1299999999999999,-2.2,0.68,25,3.08936170212766,47,2.5702563028628997
1610612743,DEN,Denver Nuggets,2024,2023-24,82,114.85365853658537,12.357955353695795,109.59756097560975,8.898411227448374,97.51219512195122,4.016152272084377,117.86707317073173,12.475527202576822,112.3890243902439,9.183022527476371,5.469512195121952,13.963432747003736,48.0609756097561,0.5521576303742328,44.02439024390244,5.537694866857704,88.76829268292683,5.880074704505299,0.49702439024390244,0.06191132160962781,11.682926829268293,3.4991288114364107,31.21951219512195,5.447900015044652,0.3732682926829268,0.08838943693949622,15.121951219512194,5.635842623039181,19.853658536585368,6.905217120909489,0.7596219512195121,0.1149048602958227,10.74390243902439,3.5340005505940315,33.68292682926829,4.578203995208213,44.426829268292686,5.4660128059841,29.451219512195124,5.414093266821029,12.634146341463415,3.659967601293393,7.134146341463414,2.5616458594395874,5.560975609756097,2.74017914605673,18.158536585365855,3.515291155232009,5.2560975609756095,13.64525058748657,9.549999999999999,8.45,-1.0999999999999996,0.5,22,1.7076923076923083,52,3.332649248065583
1610612743,DEN,Denver Nuggets,2025,2024-25,82,120.7560975609756,13.368990262257642,116.86585365853658,12.029554341592714,101.5609756097561,5.520103687019579,118.92439024390244,11.931694083309438,115.1670731707317,11.160391325477338,3.7475609756097557,15.117671987558024,48.426829268292686,1.6103867168783477,45.41463414634146,5.582050642073349,89.7439024390244,7.198784149072136,0.5073536585365854,0.05974438802122013,12.0,3.406602159279087,31.926829268292682,5.410963921805745,0.37669512195121946,0.09068023986424383,17.926829268292682,6.251479800726054,23.28048780487805,7.510115631343218,0.7713780487804878,0.10840113436651946,11.207317073170731,3.4844905215138304,34.53658536585366,5.077656507064437,45.74390243902439,6.472755773162334,31.0,5.997942033895902,14.25609756097561,4.591486957859241,8.0,2.935521069693979,4.902439024390244,2.3233105163742818,17.609756097560975,3.7573174616577725,3.8902439024390243,14.905468461716794,2.4899999999999998,3.97,1.4800000000000004,0.5714285714285714,21,-1.1883720930232557,43,1.2628010604755338
1610612744,GSW,Golden State Warriors,2013,2012-13,82,101.17073170731707,10.37066717861486,100.28048780487805,12.161743692236403,96.2560975609756,5.321308146069543,105.22073170731706,10.295650979303069,104.1951219512195,11.382571716173512,1.030487804878049,13.321714280228614,48.30487804878049,1.437496317893246,38.170731707317074,4.990867902575417,83.41463414634147,7.314709042950182,0.45854878048780484,0.05333429453740878,8.024390243902438,2.779890795244283,19.902439024390244,3.7797699195035963,0.40010975609756105,0.10894567749288735,16.804878048780488,5.453369157697788,21.26829268292683,6.616568765928969,0.7926341463414636,0.08064424423524977,10.792682926829269,3.3175098681667734,34.15853658536585,5.861507647871186,44.951219512195124,6.763924711790859,22.5,4.774546711081199,15.073170731707316,3.4202753762677007,6.914634146341464,2.8030020040786656,4.219512195121951,2.1546641355177565,21.378048780487806,4.296539646723011,0.8902439024390244,12.87643660695239,-2.03,4.09,6.119999999999999,0.7222222222222222,18,-2.857894736842105,38,-0.7037567497849836
1610612744,GSW,Golden State Warriors,2014,2013-14,82,104.2560975609756,11.987453292288933,99.45121951219512,12.73388833289645,98.10975609756098,5.300841064317991,106.22926829268292,10.521154325780202,101.33170731707318,11.303499709871138,4.909756097560976,13.166977115478339,48.36585365853659,1.3100956059915252,39.46341463414634,5.1882943317500425,85.42682926829268,6.2460466268126735,0.4623170731707317,0.05430637323596525,9.439024390243903,3.277674427657323,24.841463414634145,5.419374279846774,0.3790487804878049,0.10554630397339855,15.890243902439025,5.130413064401551,21.109756097560975,6.7311806195027755,0.7560487804878048,0.10277278095228945,10.926829268292684,3.4810970592505623,34.3780487804878,5.772733361824959,45.30487804878049,6.943669333436377,23.317073170731707,4.750251582110717,15.207317073170731,3.930689019730302,7.829268292682927,3.2576780265491627,4.963414634146342,2.441640421809245,21.75609756097561,4.361902902247591,4.804878048780488,13.072862310805924,7.31,6.960000000000001,-0.34999999999999876,0.5172413793103449,29,0.6813953488372091,43,2.4591913406340464
1610612744,GSW,Golden State Warriors,2015,2014-15,82,109.95121951219512,10.87629934230013,99.85365853658537,11.161134009400229,99.63414634146342,4.2644444303223645,110.35243902439022,9.650883994689403,100.41829268292682,10.308597970180523,9.930487804878048,12.101073200283306,48.1219512195122,0.7760336619661978,41.58536585365854,4.248314755236525,87.03658536585365,7.295263340597931,0.4792317073170732,0.04692318355646571,10.768292682926829,3.0155923214323255,27.036585365853657,4.517305877827765,0.39787804878048777,0.08690300968575274,16.01219512195122,5.273960964754449,20.841463414634145,6.2251372382018575,0.7673780487804879,0.11497113327920085,10.402439024390244,3.8260309063357125,34.31707317073171,4.553869738971265,44.71951219512195,5.886318915620581,27.414634146341463,4.82266055230619,14.451219512195122,3.900466698965398,9.292682926829269,3.2564761871511796,6.048780487804878,2.438894907734361,19.853658536585368,4.422506834000156,10.097560975609756,12.293338310533219,9.59,4.209999999999999,-5.380000000000001,0.8125,16,8.555813953488371,43,8.707925878767584
1610612744,GSW,Golden State Warriors,2016,2015-16,82,114.89024390243902,11.6279846534243,104.13414634146342,11.601151704344215,101.2560975609756,5.887444216106998,113.55487804878051,10.67991252147815,102.82073170731707,9.856535562009354,10.723170731707317,12.342872174905093,48.48780487804878,1.6868694244915796,42.548780487804876,4.629887978338164,87.3048780487805,6.278886872313807,0.48847560975609766,0.05209943617375918,13.134146341463415,4.008516227819236,31.609756097560975,5.989200357930222,0.41423170731707315,0.0940182933054064,16.658536585365855,6.0209910840697525,21.829268292682926,7.726505411746481,0.7678414634146341,0.10460607700310784,9.951219512195122,3.5828895126505773,36.24390243902439,5.250657749766134,46.19512195121951,6.5043936231363935,28.9390243902439,5.06585656529461,15.182926829268293,4.355011442148759,8.402439024390244,3.0260586601641735,6.073170731707317,2.571354486728102,20.74390243902439,3.974644873055649,10.75609756097561,12.597825577230182,16.360000000000003,7.25,-9.110000000000003,0.8666666666666667,15,9.055263157894736,38,10.287621152942446
1610612744,GSW,Golden State Warriors,2017,2016-17,82,115.89024390243902,12.54326448299622,104.2560975609756,11.141969344745712,100.96341463414635,5.114600552693275,114.82682926829267,11.504352893637911,103.40121951219511,9.577539232688563,11.423170731707316,14.746318216200738,48.24390243902439,1.3385174737004315,43.073170731707314,4.890859420564588,87.07317073170732,6.531557747770903,0.4959634146341464,0.05523070471895033,11.975609756097562,3.4389763397823274,31.24390243902439,5.596650178895608,0.3859512195121951,0.09902361639241773,17.76829268292683,6.371810565968497,22.5609756097561,7.39719259555232,0.7842317073170731,0.09909794366698227,9.390243902439025,3.509268495267346,35.03658536585366,5.329732863273475,44.426829268292686,5.92969194920496,30.378048780487806,5.530254038105858,14.768292682926829,3.4004312743460554,9.573170731707316,2.9732572976695333,6.7682926829268295,3.128123251052132,19.329268292682926,3.6482868567121716,11.634146341463415,14.86192599645143,7.8100000000000005,12.23,4.42,0.45454545454545453,11,7.905405405405405,37,9.993248226338586
1610612744,GSW,Golden State Warriors,2018,2017-18,82,113.46341463414635,14.121339356922325,107.48780487804878,11.858469809931732,100.6219512195122,5.299988921261281,112.66585365853656,12.09138270348034,106.86463414634149,10.72382108921011,5.807317073170733,15.15499983086546,48.1219512195122,0.7760336619661978,42.792682926829265,5.658464226660469,85.10975609756098,5.912961484740459,0.5035243902439025,0.06332479973888024,11.292682926829269,3.649751572394858,28.890243902439025,5.960789776077663,0.3888048780487805,0.092615951886336,16.585365853658537,5.381613002295312,20.341463414634145,6.154832513080846,0.8139268292682925,0.0954792693533109,8.426829268292684,3.6986166509905627,35.08536585365854,4.922112412901537,43.51219512195122,6.074118139395541,29.29268292682927,5.75741669796671,15.426829268292684,3.6312446861222143,8.0,2.5772030010540448,7.463414634146342,2.9863687101343697,19.597560975609756,3.606782897071356,5.975609756097561,15.39598762044165,8.91,-5.68,-14.59,0.7333333333333333,15,2.4122448979591833,49,3.4685192558534874
1610612744,GSW,Golden State Warriors,2019,2018-19,82,117.6829268292683,13.393270881609174,111.21951219512195,11.81234381593151,102.3170731707317,5.241991066403964,115.07560975609756,12.375110035431582,108.6280487804878,10.914315827064001,6.447560975609758,16.032014464965968,48.30487804878049,1.203790560412963,44.048780487804876,5.230259628200115,89.76829268292683,6.400807781753654,0.4914024390243903,0.05401551211951316,13.25609756097561,4.373915316994705,34.4390243902439,7.151098613647683,0.38449999999999995,0.10043415016078207,16.329268292682926,5.663517377710093,20.390243902439025,6.929550423770625,0.8035853658536586,0.10961030311348441,9.71951219512195,3.3564913715083398,36.46341463414634,4.486454570825329,46.18292682926829,5.8544655295385635,29.426829268292682,5.568940515422837,14.25609756097561,3.325215951809268,7.621951219512195,2.9213570493756436,6.402439024390244,2.3615215648336445,21.426829268292682,3.5660625580634,6.463414634146342,16.216281348968973,13.16,13.719999999999995,0.5599999999999952,0.5454545454545454,22,2.551351351351351,37,3.9869834869949665
1610612744,GSW,Golden State Warriors,2020,2019-20,65,106.33846153846154,12.372192766286576,115.04615384615384,12.505537235099561,101.8923076923077,5.39132137363802,104.32615384615386,10.615853076341136,112.99538461538461,10.999764639090449,-8.66769230769231,14.179288457247992,48.38461538461539,1.3427153888239367,38.61538461538461,4.752276782278639,88.15384615384616,8.295764674727794,0.4390307692307692,0.04625269222933448,10.430769230769231,3.88896367449459,31.26153846153846,6.659760044187316,0.33175384615384623,0.09647555240338591,18.676923076923078,6.317405747980368,23.246153846153845,6.85116497673655,0.8001846153846154,0.096405214509462,9.953846153846154,3.9387131830664615,32.89230769230769,5.093264783402308,42.84615384615385,7.368070408082536,25.584615384615386,5.018379680273765,14.907692307692308,4.798186756874534,8.215384615384615,2.7866439699725936,4.6,2.4545875417267156,20.06153846153846,4.076904934647588,-8.707692307692307,14.338238948833506,-9.06,-8.88,0.17999999999999972,0.25,12,-11.620588235294116,34,-10.372875095401936
1610612744,GSW,Golden State Warriors,2021,2020-21,72,113.70833333333333,12.983670676097423,112.65277777777777,11.853756428704301,102.94444444444444,4.493779390239102,110.55555555555556,12.45918281055099,109.44583333333334,11.082798974022381,1.0958333333333334,17.701201021558784,48.06944444444444,0.5892556509887895,41.291666666666664,5.276676023706111,88.15277777777777,6.101626941251279,0.4691666666666667,0.05758129586769316,14.555555555555555,4.083249496121237,38.736111111111114,6.255123095929201,0.37419444444444444,0.07954884032385456,16.569444444444443,5.845008437177222,21.11111111111111,6.917126236217041,0.782875,0.08906287342397624,7.972222222222222,3.1843464946216327,35.05555555555556,4.935895794346226,43.02777777777778,5.453961532741681,27.65277777777778,5.571961300893443,15.0,3.3314548697672275,8.152777777777779,3.1068290170962176,4.75,2.453798435194582,21.194444444444443,3.825926708650951,1.0555555555555556,18.563092937474636,-2.5599999999999996,10.45,13.009999999999998,0.4444444444444444,18,-5.283333333333334,36,-2.479942974603806
1610612744,GSW,Golden State Warriors,2022,2021-22,82,111.0,11.777777777777779,105.46341463414635,11.129091143386683,99.03658536585365,4.754322586663089,112.13536585365854,11.306246191858657,106.65487804878047,10.66233884933464,5.484146341463414,14.724066714746135,48.1219512195122,0.7760336619661978,40.52439024390244,4.879348291223341,86.42682926829268,5.524424974947541,0.4691829268292682,0.0514402753407326,14.341463414634147,3.5736329068562673,39.40243902439025,5.546347382409393,0.36452439024390243,0.08266416149276916,15.609756097560975,5.557235518352973,20.304878048780488,6.915163200077763,0.7717073170731706,0.09893700300233178,9.75609756097561,3.469660301477408,35.73170731707317,4.377407712750721,45.48780487804878,5.471009797868304,27.109756097560975,5.077196897387268,14.890243902439025,3.4995805659118693,8.768292682926829,3.267115541676151,4.536585365853658,2.2177461696212255,21.01219512195122,3.7168083428869028,5.536585365853658,14.720603786891605,13.52,3.2,-10.32,0.47619047619047616,21,1.2839999999999998,50,2.993076873861962
1610612744,GSW,Golden State Warriors,2023,2022-23,82,118.9390243902439,11.464758197097586,117.13414634146342,11.256561537935648,103.3170731707317,5.431681295720843,115.24999999999997,10.806767998245416,113.52073170731708,10.995214871719357,1.7268292682926825,15.36233206946348,48.36585365853659,1.527623791205016,43.146341463414636,5.322029574846754,90.15853658536585,7.965154842131998,0.4797926829268293,0.053558491806294274,16.621951219512194,4.135484039928659,43.170731707317074,6.612380602761184,0.3846341463414634,0.07270751692337941,16.024390243902438,4.911502271391,20.182926829268293,5.810012746805013,0.7935243902439024,0.1059058778034879,10.536585365853659,4.012927018780033,34.0609756097561,5.95113343489218,44.59756097560975,7.665635608764581,29.829268292682926,5.134739773777667,16.29268292682927,3.4587081184801804,7.170731707317073,2.6611279426458214,3.951219512195122,1.904526375940121,21.414634146341463,3.5519120898648766,1.8048780487804879,15.782033091571655,-4.64,12.78,17.419999999999998,0.45,20,-1.7571428571428573,49,0.026547251352275366
1610612744,GSW,Golden State Warriors,2024,2023-24,82,117.76829268292683,11.722405243950687,115.15853658536585,13.101191645164816,100.7439024390244,5.260641127921966,116.96951219512192,10.844793812955986,114.46463414634144,11.547233883416661,2.508536585365854,13.518119538481292,48.36585365853659,1.527623791205016,43.68292682926829,5.265489903181457,91.64634146341463,8.176104827701772,0.47793902439024394,0.05311374878642578,14.768292682926829,3.814523190719699,38.91463414634146,6.338596681379089,0.3790609756097561,0.07834859544952276,15.634146341463415,5.738137941880464,20.048780487804876,7.041153172641696,0.777219512195122,0.10708794405871312,12.146341463414634,3.919315735250293,34.5609756097561,5.072553989333816,46.707317073170735,6.368300749920131,29.29268292682927,5.167533511219976,14.317073170731707,4.008873025284232,6.975609756097561,2.5914179814286125,4.597560975609756,2.493744054592676,19.48780487804878,4.630131860744049,2.6097560975609757,13.579901722912972,3.1200000000000006,8.23,5.109999999999999,0.4230769230769231,26,-0.1754716981132069,53,0.03611590965313209
1610612744,GSW,Golden State Warriors,2025,2024-25,82,113.79268292682927,13.525228192208436,110.48780487804878,11.890699656951552,99.67073170731707,4.529886701902008,114.15609756097562,12.484559328225965,111.05243902439024,11.561528644387883,3.1085365853658526,16.665919992307746,48.1219512195122,0.7760336619661978,40.75609756097561,5.210532959185597,90.39024390243902,6.868708969139698,0.45158536585365855,0.05201969029376819,15.414634146341463,4.02753246613025,42.3780487804878,5.813225117711856,0.36304878048780487,0.07846189645952546,16.865853658536587,6.584235184588572,22.085365853658537,7.82241353855716,0.7576341463414634,0.10661254555170961,12.548780487804878,3.4930351831502766,32.829268292682926,5.401885537405355,45.3780487804878,6.72684000052423,29.097560975609756,5.191659398597994,14.048780487804878,3.477981673200816,9.402439024390244,3.513149043228849,4.780487804878049,2.1489267504644705,19.158536585365855,4.167687318533474,3.3048780487804876,17.02988587595076,11.65,11.680000000000001,0.030000000000001137,0.5238095238095238,21,-2.417777777777778,45,0.6762689291965991
1610612745,HOU,Houston Rockets,2013,2012-13,82,105.95121951219512,13.39052773651325,102.47560975609755,11.94041338672282,97.41463414634147,5.2515752357831875,108.8109756097561,12.948683198198149,105.24390243902437,10.490561278643847,3.5585365853658537,14.975106514343361,48.24390243902439,1.0836720337741033,38.09756097560975,5.6363234582363795,82.70731707317073,6.231120234733471,0.4610853658536585,0.0635178989490485,10.573170731707316,3.3074195969431974,28.890243902439025,5.120778532536176,0.3658170731707317,0.0885942516944707,19.182926829268293,5.48427167200511,25.451219512195124,6.815292243988705,0.7551219512195122,0.08606821730879315,11.085365853658537,3.709185193916617,32.34146341463415,4.769293532059154,43.426829268292686,5.050438161665956,23.195121951219512,4.887472078516422,16.4390243902439,3.938093669846388,8.28048780487805,2.7183618444080238,4.378048780487805,2.5850483860239275,20.26829268292683,4.10675078223079,3.475609756097561,14.65422503416685,-1.19,4.83,6.02,0.4375,16,-0.3473684210526315,38,1.3631808249542652
1610612745,HOU,Houston Rockets,2014,2013-14,82,107.67073170731707,12.385829097034948,103.10975609756098,11.33878528730609,98.04878048780488,6.063251865607054,109.76951219512196,10.12561461660708,105.26097560975607,9.879917979586086,4.507317073170731,13.596330119301982,48.36585365853659,1.527623791205016,38.02439024390244,5.211515288178284,80.52439024390245,7.6630033272847875,0.47353658536585375,0.05788327870489391,9.5,3.334259130694146,26.573170731707318,5.438841760787482,0.3565975609756097,0.09814487398878259,22.121951219512194,7.1256626183589065,31.085365853658537,9.559690603382512,0.7139024390243903,0.09737677997309387,11.21951219512195,3.5695017816195644,34.109756097560975,4.976503054939941,45.329268292682926,6.899731392246736,21.402439024390244,5.710851174580843,16.134146341463413,3.8642463533727183,7.573170731707317,3.15849037156692,5.621951219512195,2.950790828932069,20.4390243902439,4.106897423097175,4.560975609756097,13.275892530945892,1.8,0.95,-0.8500000000000001,0.55,20,0.3181818181818183,44,2.7086122680801843
1610612745,HOU,Houston Rockets,2015,2014-15,82,103.92682926829268,10.04899170398638,100.48780487804878,11.535499585085459,98.01219512195122,5.126772869966333,106.08170731707318,9.432477752703923,102.63170731707316,10.907069607344217,3.4560975609756093,12.45865357012899,48.30487804878049,1.203790560412963,36.97560975609756,4.396900170016239,83.3170731707317,6.8437193858030865,0.444719512195122,0.04779541648313305,11.378048780487806,3.218926452058811,32.68292682926829,5.877091009616976,0.34847560975609754,0.07771302472936291,18.597560975609756,7.289193347465129,26.01219512195122,10.042494774446773,0.7179146341463416,0.10313651521576707,11.682926829268293,3.813161252205404,32.0,4.575835618216445,43.68292682926829,5.693570228353842,22.195121951219512,4.264232593864214,16.658536585365855,4.052798186515126,9.475609756097562,3.1317790067410782,4.963414634146342,2.6361453431858575,21.98780487804878,3.93306308688381,3.4390243902439024,12.134124476624287,9.929999999999998,4.33,-5.599999999999998,0.7391304347826086,23,-1.1977272727272732,44,0.9374699155185813
1610612745,HOU,Houston Rockets,2016,2015-16,82,106.54878048780488,11.508614528733363,106.35365853658537,11.197852474028734,99.2560975609756,5.381291266421848,107.42804878048781,10.815104599760648,107.47560975609755,11.126173801031864,-0.05000000000000019,13.098979792523473,48.36585365853659,1.3100956059915254,37.73170731707317,5.0773006838542445,83.5,7.201251605891716,0.45249999999999996,0.05236605488008146,10.707317073170731,3.622589636710347,30.890243902439025,6.303058433712123,0.34806097560975613,0.09797988550957044,20.378048780487806,6.500978547239266,29.353658536585368,9.489919214449513,0.6995609756097562,0.09665837736629876,11.341463414634147,4.0283547853215165,31.71951219512195,5.242924427190627,43.0609756097561,6.424005060065212,22.20731707317073,4.418641221450598,15.939024390243903,3.9357417641361674,10.012195121951219,3.643000738568478,5.2439024390243905,2.5654926396681605,21.829268292682926,4.460539960805776,0.1951219512195122,13.066250016401689,-7.1,7.24,14.34,0.5862068965517241,29,-4.71025641025641,39,-2.554214043841531
1610612745,HOU,Houston Rockets,2017,2016-17,82,115.34146341463415,12.102667303395137,109.57317073170732,11.040923301663085,101.08536585365853,5.818661378261242,114.12682926829268,10.216859085620642,108.59756097560975,10.60570514544123,5.529268292682927,13.93937922883064,48.24390243902439,1.3385174737004315,40.30487804878049,4.697488229251526,87.21951219512195,6.592222110313131,0.463280487804878,0.05265336784516373,14.402439024390244,4.112191317838663,40.31707317073171,7.077835424116348,0.3561829268292683,0.08265727665439083,20.329268292682926,6.170529076799186,26.548780487804876,7.398952943982608,0.7647560975609756,0.08432338705445863,10.878048780487806,3.7396449422221067,33.48780487804878,5.969560445466205,44.36585365853659,7.268250243899794,25.24390243902439,4.665505081915215,15.121951219512194,4.269877969466375,8.170731707317072,3.078419018835065,4.2926829268292686,2.1400807927407777,19.926829268292682,3.832223632630384,5.7682926829268295,14.237230605728298,3.62,-2.6799999999999997,-6.3,0.7142857142857143,21,0.6394736842105264,38,1.998945614416122
1610612745,HOU,Houston Rockets,2018,2017-18,82,112.35365853658537,11.598607782800796,103.8780487804878,11.405424574560394,98.51219512195122,4.76935666764248,114.01707317073172,10.064113054553136,105.73902439024388,10.734515187952617,8.273170731707317,12.106809111379418,48.18292682926829,1.2285497701720607,38.707317073170735,4.514688797166474,84.21951219512195,6.840374674316798,0.46030487804878056,0.04661073076904556,15.317073170731707,3.291883204431315,42.31707317073171,6.537410006991929,0.3638292682926829,0.06820807035231527,19.621951219512194,6.691878704084802,25.134146341463413,7.897119642311774,0.7802317073170731,0.08306182418268487,9.012195121951219,3.1011503339174253,34.451219512195124,4.753562508174342,43.46341463414634,5.126053332167706,21.548780487804876,4.677639055806326,13.841463414634147,3.4586428230821022,8.524390243902438,3.139653239310596,4.780487804878049,2.090687111601082,19.475609756097562,4.889458577303105,8.475609756097562,11.744424061536078,4.54,5.729999999999999,1.1899999999999986,0.75,16,7.461224489795917,49,7.362356038896477
1610612745,HOU,Houston Rockets,2019,2018-19,82,113.91463414634147,13.702483526819885,109.14634146341463,12.23546953920961,99.14634146341463,5.491007128876329,114.85121951219513,11.76870975759989,110.12439024390247,10.807022876387736,4.726829268292683,13.542553407142451,48.36585365853659,1.3100956059915252,39.24390243902439,4.728586497249394,87.35365853658537,7.879292992064883,0.45079268292682934,0.05164425745923266,16.134146341463413,4.3083673832652645,45.3780487804878,7.729437466798386,0.3536341463414634,0.06272977755796802,19.29268292682927,6.250901771740764,24.402439024390244,7.4814334074139435,0.7921463414634144,0.09570545373874341,10.195121951219512,3.7529873677478798,31.865853658536587,4.938541282910485,42.0609756097561,5.905317881651113,21.23170731707317,4.782423530686024,13.341463414634147,3.642070745257401,8.536585365853659,2.7406186647292268,4.939024390243903,2.116061803197942,21.98780487804878,3.4120118334467784,4.7682926829268295,13.897596186575973,-5.75,16.380000000000003,22.130000000000003,0.52,25,2.03421052631579,38,3.3196049044079063
1610612745,HOU,Houston Rockets,2020,2019-20,72,117.80555555555556,13.722233309886354,114.84722222222223,11.330700812733,104.70833333333333,5.519332221293993,112.57777777777777,12.312151586230415,109.87222222222222,9.511419707453257,2.6999999999999997,14.381884144620821,48.27777777777778,1.426334040466039,40.77777777777778,5.407929030657297,90.44444444444444,7.222595391827872,0.45165277777777774,0.0553251998519133,15.63888888888889,3.9763581453581986,45.291666666666664,6.77700648527124,0.346375,0.07611137826506921,20.61111111111111,6.19530843746845,26.055555555555557,7.604462901812272,0.79375,0.0964913701169294,9.777777777777779,4.007817087776921,34.5,5.507996747367784,44.27777777777778,7.498774026038105,21.625,4.397302310011651,14.680555555555555,4.161616657999355,8.708333333333334,2.6132786594836523,5.152777777777778,2.053233260777058,21.75,3.4344977286187457,2.9583333333333335,15.259665604665038,2.1,-4.05,-6.15,0.5333333333333333,15,-0.1676470588235294,34,1.1913484124278444
1610612745,HOU,Houston Rockets,2021,2020-21,72,108.79166666666667,13.13841534381064,116.69444444444444,11.911219576503784,101.66666666666667,4.459520595721245,107.04444444444444,12.1340736502208,114.39166666666668,10.549384202040114,-7.356944444444445,14.725543834993218,48.06944444444444,0.5892556509887894,39.25,5.327975595257731,88.5,6.408620954246808,0.4441111111111111,0.056580381698202085,13.777777777777779,4.36123196905988,40.59722222222222,6.427624629087869,0.3386388888888889,0.08632093825860927,16.51388888888889,5.178484893315548,22.305555555555557,6.475607294135124,0.7410972222222223,0.08909342457238037,9.319444444444445,2.963754703164903,33.27777777777778,4.594001668502466,42.59722222222222,5.3091993566899225,23.59722222222222,4.952335406461356,14.722222222222221,3.553305234674728,7.583333333333333,2.366134304999565,5.013888888888889,2.1979058890998022,19.541666666666668,3.778879407637241,-7.902777777777778,15.259409216613289,-1.1300000000000001,-10.83,-9.7,0.38461538461538464,13,-10.61025641025641,39,-9.022531039689042
1610612745,HOU,Houston Rockets,2022,2021-22,82,109.71951219512195,11.931154767251003,118.1951219512195,12.175100095302021,101.5,4.886994582499833,108.15609756097562,11.017036163030639,116.40609756097562,11.185686925279303,-8.25,13.176468456595428,48.18292682926829,0.944484296943331,39.3780487804878,4.731403476959941,86.3780487804878,6.940025694445691,0.4569756097560976,0.05089931373321743,13.475609756097562,3.8175216889795887,38.65853658536585,5.913407056609878,0.34585365853658534,0.07515713940627208,17.48780487804878,4.76935666764248,24.51219512195122,5.892543734683781,0.712719512195122,0.1008537964409334,9.585365853658537,3.307123697179962,32.4390243902439,5.7779862376403015,42.02439024390244,6.075605156580625,23.5609756097561,4.621734912815321,16.475609756097562,4.172886053880345,7.317073170731708,2.7165612284946183,4.658536585365853,2.0621187246246167,20.634146341463413,3.9299803509135645,-8.475609756097562,13.490944022241797,-7.109999999999999,-3.7099999999999995,3.4,0.3888888888888889,18,-12.498,50,-10.983289329504515
1610612745,HOU,Houston Rockets,2023,2022-23,82,110.7439024390244,10.962124439964999,118.59756097560975,12.29760566487756,100.2439024390244,3.8379552671102948,110.44390243902441,9.670958147801965,118.66219512195119,11.862542356987982,-8.220731707317073,12.500288765107827,48.18292682926829,1.2285497701720607,40.59756097560975,4.873358555180111,88.86585365853658,6.29474049538547,0.45720731707317075,0.04871173403010009,10.439024390243903,3.7353749740727014,31.9390243902439,6.844566306591213,0.32314634146341464,0.07737516779554107,19.109756097560975,6.263762324537521,25.341463414634145,7.3572329611290685,0.7520975609756098,0.08802743816856723,13.414634146341463,3.684975231543794,32.86585365853659,5.32583314092607,46.28048780487805,6.590817387333894,22.378048780487806,4.141450345054743,16.24390243902439,3.9301335874313112,7.317073170731708,2.8712196779460104,4.560975609756097,2.7981367741418897,20.475609756097562,4.043667842888106,-7.853658536585366,12.637512209486731,-9.440000000000001,-8.370000000000001,1.0700000000000003,0.5294117647058824,17,-10.780769230769229,52,-9.425093055914594
1610612745,HOU,Houston Rockets,2024,2023-24,82,114.32926829268293,12.587525549447541,113.20731707317073,13.304355366773091,100.58536585365853,4.873590253936422,113.69634146341461,11.588462175183858,112.86585365853661,12.694600966817147,0.8304878048780484,14.213449455994876,48.426829268292686,1.4057245204096498,41.76829268292683,6.031396825476296,90.96341463414635,7.09276299912513,0.4594756097560976,0.05805111107065211,12.71951219512195,3.3417463839901393,36.146341463414636,5.756632141309563,0.35206097560975613,0.07259941630908028,18.073170731707318,5.654192125120508,23.353658536585368,6.3603166922074825,0.7695975609756098,0.10958832727740304,11.463414634146341,4.019075263553071,33.98780487804878,6.179404067393883,45.451219512195124,7.677371655160797,24.817073170731707,4.886686495792439,12.74390243902439,3.9715375497259076,7.7926829268292686,2.5421765967061987,4.573170731707317,2.469720271084237,20.75609756097561,4.367559918843167,1.1219512195121952,14.552069339845284,4.050000000000002,-4.869999999999999,-8.920000000000002,0.47619047619047616,21,-3.325,52,-2.447504387993146
1610612745,HOU,Houston Rockets,2025,2024-25,82,114.29268292682927,13.615974464366213,109.78048780487805,11.602494825633915,99.51219512195122,5.256962232323405,114.74756097560974,11.204686250748725,110.340243902439,11.16549866479793,4.403658536585366,13.808598547907454,48.24390243902439,1.0836720337741033,42.48780487804878,5.668287137448887,93.40243902439025,6.9581815349999205,0.45512195121951227,0.05140672729284129,12.658536585365853,3.4648838442580643,35.829268292682926,6.042656757798053,0.3525365853658537,0.07711242315917893,16.658536585365855,5.8778082590999645,22.573170731707318,7.318217565832625,0.7403170731707317,0.11851351728381972,14.634146341463415,4.33051815997524,33.84146341463415,5.618464954884232,48.47560975609756,7.395737193542846,23.341463414634145,5.611319054882018,13.902439024390244,3.92085199892455,8.402439024390244,3.5930651865096572,5.012195121951219,2.401100069073404,18.98780487804878,3.9705517931018486,4.512195121951219,14.010792931834422,4.4,4.659999999999999,0.2599999999999989,0.625,24,-1.271111111111111,45,2.2385190706972633
1610612746,LAC,LA Clippers,2013,2012-13,82,101.08536585365853,10.66458454159118,94.63414634146342,11.553965911089408,92.09756097560975,4.705158073458964,109.83048780487803,10.950784277955554,102.85487804878049,11.626546385283199,6.985365853658536,15.145509230940327,48.1219512195122,0.7760336619661978,38.53658536585366,5.033701536572204,80.58536585365853,5.6041237451468175,0.47800000000000004,0.0507348469137143,7.646341463414634,3.1402286274379048,21.365853658536587,5.5255013629220215,0.35437804878048784,0.09914357219334419,16.365853658536587,5.804451665645397,23.024390243902438,7.425308090637809,0.717329268292683,0.1157314958548075,11.439024390243903,3.131274189332593,30.182926829268293,4.516439242000131,41.6219512195122,5.385486311597672,23.878048780487806,5.6925123961487465,14.597560975609756,3.9498703091619394,9.560975609756097,2.7581419804975518,5.621951219512195,2.6880634357522375,20.926829268292682,4.171568931853682,6.451219512195122,13.90457109226536,9.36,6.4300000000000015,-2.929999999999998,0.5,16,2.2162162162162167,37,4.880542706673275
1610612746,LAC,LA Clippers,2014,2013-14,82,107.92682926829268,11.385262824170072,100.95121951219512,11.214961830733074,97.0,5.038126243890948,111.29268292682927,10.460363524214504,104.14268292682928,11.468841637912147,7.150000000000002,13.721626167891255,48.18292682926829,0.944484296943331,39.1219512195122,5.264346052038732,82.45121951219512,7.311672452317933,0.4753658536585366,0.055869449279928624,8.451219512195122,3.143295585274267,23.975609756097562,5.811813447585295,0.3512560975609756,0.1021530938933832,21.23170731707317,6.8227990716815325,29.073170731707318,9.202496290164468,0.7315609756097561,0.0946924974619407,10.463414634146341,3.2818058938214905,32.53658536585366,4.8027644353036685,43.0,5.8668350144195935,24.585365853658537,4.692918804063808,13.853658536585366,3.975610679760406,8.573170731707316,3.05517366423563,4.841463414634147,2.5066307729656394,21.548780487804876,4.000470463149073,6.975609756097561,13.837661625189314,4.11,6.38,2.2699999999999996,0.47058823529411764,17,3.5162790697674415,43,5.054185049034229
1610612746,LAC,LA Clippers,2015,2014-15,82,106.71951219512195,10.366463485258965,100.13414634146342,11.934763203309085,95.65853658536585,4.69888222115373,111.59634146341463,9.763480015108346,104.73902439024391,11.682209288111972,6.862195121951219,14.314540998957671,48.1219512195122,0.7760336619661978,39.36585365853659,4.062816012770997,83.29268292682927,5.996887680192177,0.4735,0.04548809368028811,10.085365853658537,3.1902676829993437,26.853658536585368,5.028614298045384,0.3724756097560975,0.08571733990701484,17.902439024390244,6.836015293197395,25.20731707317073,9.076815949151257,0.7114512195121951,0.11600544393771262,9.560975609756097,3.185993889059765,33.0609756097561,6.12492894587279,42.6219512195122,6.615806444506319,24.76829268292683,5.075476698375066,12.341463414634147,3.5144130472308204,7.804878048780488,2.5261057932658826,4.987804878048781,2.7954720992622497,21.329268292682926,3.7877478830956806,6.585365853658536,13.735554674281547,1.53,10.489999999999998,8.959999999999999,0.5,24,1.0883720930232559,43,3.6401498729396664
1610612746,LAC,LA Clippers,2016,2015-16,82,104.5,11.041168751876198,100.21951219512195,12.529495462676545,97.5,4.96966104117751,107.20975609756101,10.191167923426681,102.69878048780487,11.720726538623568,4.510975609756098,13.052883945065487,48.36585365853659,1.3100956059915252,38.30487804878049,4.30242258598584,82.42682926829268,6.701815651912489,0.4662073170731707,0.05236899888832027,9.71951219512195,3.2098397723324092,26.70731707317073,6.042008914705763,0.36517073170731706,0.09444128163044593,18.170731707317074,6.048782916144086,26.24390243902439,9.407851955155195,0.7067682926829268,0.10649828130306081,8.792682926829269,3.1573461464253305,33.25609756097561,5.06211046508615,42.048780487804876,5.818027409601457,22.841463414634145,3.821542291575393,12.963414634146341,3.21817800592321,8.646341463414634,2.821311975779941,5.609756097560975,2.3399699141306143,21.29268292682927,4.5690526475139555,4.280487804878049,12.735945427487831,1.6400000000000006,11.940000000000001,10.3,0.6666666666666666,24,-1.0078947368421054,38,1.764099368362103
1610612746,LAC,LA Clippers,2017,2016-17,82,108.67073170731707,11.940236858962137,104.3780487804878,13.965248088395372,97.17073170731707,4.6449358539837995,111.81585365853658,10.921193231874867,107.44390243902438,13.003912968187363,4.365853658536585,15.361875363846993,48.18292682926829,1.2285497701720607,39.53658536585366,4.776989914242111,83.17073170731707,7.430010680830402,0.47632926829268296,0.04981968842750374,10.25609756097561,2.9389297439284023,27.378048780487806,4.731403476959941,0.3736829268292683,0.08370684855513089,19.341463414634145,6.930375993568115,25.951219512195124,9.143441877030055,0.7488780487804877,0.09833256625487405,9.0,3.220305943597653,34.02439024390244,5.0771227628976305,43.02439024390244,5.693781771211051,22.536585365853657,4.774404809266404,12.951219512195122,3.6545335924547206,7.463414634146342,3.3117639995807373,4.2317073170731705,2.1099340606852213,19.829268292682926,3.841954486040848,4.2926829268292686,14.965382115029364,15.64,10.55,-5.09,0.42105263157894735,19,1.8615384615384614,39,1.8995129565963584
1610612746,LAC,LA Clippers,2018,2017-18,82,108.98780487804878,11.260653559129743,108.95121951219512,11.11544630874431,99.59756097560975,5.06466762732249,109.4426829268293,10.046448060830464,109.3609756097561,11.092103253756266,0.08536585365853694,13.128661718030287,48.0609756097561,0.5521576303742329,40.26829268292683,4.447356769393117,85.41463414634147,6.9263341087104875,0.4729634146341464,0.05209474870385032,9.475609756097562,3.055962032584011,26.78048780487805,5.835236494290004,0.35115853658536583,0.07896294951027882,18.975609756097562,6.146313980715048,25.548780487804876,7.257439672032748,0.7393170731707317,0.10929322638909417,10.146341463414634,3.685547185263373,33.73170731707317,5.5423148448283825,43.8780487804878,6.7648150064628645,22.341463414634145,4.8565076925482975,14.682926829268293,3.623919332423568,7.658536585365853,3.088087474753817,4.536585365853658,2.0135045423354327,19.975609756097562,3.8199463823917856,0.036585365853658534,13.190386624638322,3.8599999999999994,-6.38,-10.239999999999998,0.5789473684210527,19,-4.6755102040816325,49,-2.474765769405386
1610612746,LAC,LA Clippers,2019,2018-19,82,115.14634146341463,12.017602266161177,114.29268292682927,10.141575357789815,103.35365853658537,4.9922704481670745,111.51341463414637,11.465070541314347,110.47560975609755,9.42055227569822,1.0353658536585364,14.092572003256459,48.36585365853659,1.3100956059915252,41.26829268292683,5.6591426748681375,87.53658536585365,7.032894706265183,0.47200000000000003,0.05746023853366499,10.012195121951219,3.7101592340092777,25.829268292682926,5.773085440851997,0.38753658536585367,0.12093975595689109,22.597560975609756,6.6812059163175075,28.536585365853657,7.495175603822027,0.7894512195121951,0.09488695710224909,9.707317073170731,3.57455964611804,35.80487804878049,5.432956188660761,45.51219512195122,5.6464648668278805,24.024390243902438,5.0892663852127775,14.548780487804878,4.372056156734411,6.841463414634147,2.826110672935868,4.695121951219512,2.2916327910775376,23.329268292682926,3.9033220357516885,0.8536585365853658,14.571341695106305,6.34,0.0600000000000005,-6.279999999999999,0.6190476190476191,21,-4.678947368421053,38,-1.5573895332228842
1610612746,LAC,LA Clippers,2020,2019-20,72,116.34722222222223,13.562749027736167,109.90277777777777,13.26135943812341,102.72222222222223,5.376585183144771,113.30138888888888,12.172185946652098,106.90694444444445,11.338744824452716,6.386111111111112,14.541463838934158,48.27777777777778,1.4263340404660387,41.55555555555556,5.404455357867244,89.23611111111111,6.538064182545631,0.4665416666666667,0.058131937720143065,12.430555555555555,3.895921988145448,33.47222222222222,6.016344457058462,0.36944444444444446,0.08901018914437829,20.805555555555557,6.310373504913794,26.305555555555557,7.7671008764557135,0.7926527777777778,0.08792813322193065,10.652777777777779,3.440273990981001,37.0,5.001408252386747,47.65277777777778,6.472389293080984,23.72222222222222,4.862104749777515,14.597222222222221,4.051289908381372,7.097222222222222,2.7535366360845432,4.694444444444445,2.5155230122261103,22.13888888888889,4.52008212425567,6.444444444444445,15.073424883389308,5.43,6.4399999999999995,1.0099999999999998,0.6666666666666666,18,3.202777777777778,36,4.074087418393137
1610612746,LAC,LA Clippers,2021,2020-21,72,114.01388888888889,12.37500098797043,107.83333333333333,9.704072036238552,97.72222222222223,4.33531915494971,116.69305555555555,11.856231812241296,110.70277777777778,10.226284446646522,5.9875,15.693310115917743,48.0,0.0,41.791666666666664,5.009673740466089,86.69444444444444,6.303674065913027,0.4831111111111111,0.0569176710983073,14.26388888888889,3.548429748159217,34.69444444444444,5.0172628441785205,0.41255555555555556,0.09161322385770791,16.166666666666668,5.616875979995275,19.26388888888889,6.333441437179684,0.8388194444444443,0.09702668812310207,9.416666666666666,3.0707617075879936,34.736111111111114,5.082400052862781,44.15277777777778,5.7523044303810025,24.38888888888889,4.748774654568777,13.180555555555555,3.9301162541988495,7.069444444444445,2.927895888671296,4.097222222222222,1.9221446518401806,19.208333333333332,4.430806050090788,6.180555555555555,15.341489716753863,0.5600000000000002,2.11,1.5499999999999998,0.47368421052631576,19,1.3111111111111111,36,4.289166849609628
1610612746,LAC,LA Clippers,2022,2021-22,82,108.41463414634147,13.595525062179483,108.39024390243902,12.86564580248834,99.03658536585365,4.9126823076182795,109.48048780487804,12.643970299881833,109.58658536585367,12.614842934828816,-0.11219512195121954,15.180570673928855,48.24390243902439,1.0836720337741033,40.0609756097561,5.670690425391985,87.4390243902439,6.627845414529818,0.4587804878048781,0.05922024686933754,12.768292682926829,3.5980062397018515,34.170731707317074,5.568440342955674,0.3730365853658537,0.08326863342011274,15.524390243902438,6.096397660784781,19.585365853658537,7.176696202502733,0.7897439024390244,0.10697095613383986,9.109756097560975,3.5381731268522807,34.8780487804878,5.699014954742724,43.98780487804878,6.7905051766455475,24.01219512195122,5.224571345022975,13.731707317073171,3.6986777099617676,7.414634146341464,2.8456213689824854,4.951219512195122,2.382562367011826,18.634146341463413,4.0870533172232975,0.024390243902439025,15.458407444970469,3.9,6.2,2.3000000000000003,0.6818181818181818,22,-2.65625,48,-2.710253468339253
1610612746,LAC,LA Clippers,2023,2022-23,82,113.58536585365853,14.573738616837687,113.08536585365853,13.018696166072031,99.60975609756098,5.701973012569725,114.03658536585368,12.857197745828548,113.59146341463415,11.1165453513233,0.45000000000000007,13.312921876466072,48.36585365853659,1.527623791205016,41.09756097560975,5.3231610308569115,86.09756097560975,6.987837327881026,0.4790609756097562,0.061878883603968426,12.695121951219512,4.2995521569549995,33.34146341463415,6.204776161530275,0.377,0.09285765024959733,18.695121951219512,5.65617552679216,23.926829268292682,5.883184842958509,0.7750853658536585,0.09994284801634173,9.792682926829269,4.325456672894508,33.4390243902439,4.969282336280499,43.23170731707317,6.633805642012373,23.890243902439025,4.959107091972679,14.231707317073171,4.281163971435358,7.073170731707317,2.896487817028499,4.439024390243903,2.3939097674529033,19.48780487804878,3.7325525057755002,0.5,13.232255763572308,-3.85,2.45,6.300000000000001,0.42105263157894735,19,-2.614583333333333,48,-1.6954641485380373
1610612746,LAC,LA Clippers,2024,2023-24,82,115.6219512195122,12.947796651208572,112.34146341463415,12.350058241673159,98.04878048780488,3.9624859357132975,117.92926829268293,12.348544051779356,114.66219512195123,12.62646290503883,3.274390243902438,14.097060467386036,48.0609756097561,0.5521576303742329,42.353658536585364,5.692472723617019,86.6829268292683,6.968851418515491,0.48913414634146335,0.05803442192591063,12.634146341463415,3.0490322088194723,33.15853658536585,4.975171719091458,0.3824268292682927,0.07997484642953234,18.28048780487805,5.52943725005706,22.158536585365855,6.525296478189678,0.8299878048780488,0.09490313370861125,10.024390243902438,3.4853329711669794,32.9390243902439,5.525133507074984,42.96341463414634,6.445297112080488,25.573170731707318,4.584004631794996,13.146341463414634,3.5280951780907173,7.804878048780488,2.750708211344242,5.036585365853658,2.426424092226821,18.524390243902438,3.8529309342500775,3.2804878048780486,14.007294739954185,0.8000000000000002,2.2500000000000004,1.4500000000000002,0.5294117647058824,17,-0.5905660377358487,53,0.39145509597895106
1610612746,LAC,LA Clippers,2025,2024-25,82,112.8780487804878,12.44086282179325,108.21951219512195,11.83427162711309,98.76829268292683,4.375291963415812,114.38170731707316,12.469390948612066,109.43780487804878,11.827678776725719,4.941463414634147,16.87164288486594,48.30487804878049,1.203790560412963,41.573170731707314,5.10151390700156,86.28048780487805,5.932281201438101,0.48309756097560974,0.059904988509294495,12.463414634146341,3.1316588195010175,33.390243902439025,5.378870636341166,0.3772682926829268,0.08727196724140511,17.26829268292683,5.052926741406397,21.658536585365855,5.791052085047363,0.7958414634146344,0.09361484918513427,10.25609756097561,3.395025320765068,33.53658536585366,5.060608273474739,43.792682926829265,5.949868356004104,25.170731707317074,4.906042829829152,14.878048780487806,4.134737646453339,9.426829268292684,3.258532911591183,4.512195121951219,2.3998143057741226,18.329268292682926,4.207737957294137,4.658536585365853,16.71786175130307,2.9899999999999998,14.040000000000003,11.050000000000002,0.5454545454545454,22,-0.8636363636363636,44,1.702108112088143
1610612747,LAL,Los Angeles Lakers,2013,2012-13,82,102.20731707317073,9.82907981435642,101.04878048780488,11.913165700725726,95.48780487804878,5.126170814625343,107.12073170731706,9.61897222256559,105.95121951219512,11.524201521869166,1.1768292682926829,12.31192635468079,48.18292682926829,0.9444842969433309,37.08536585365854,4.565574942529875,80.97560975609755,7.473369362182452,0.4596341463414634,0.05449238528639155,8.71951219512195,3.155533608076659,24.573170731707318,5.319497070363131,0.35343902439024383,0.09943048909665182,19.317073170731707,5.803102722204432,27.914634146341463,8.136491826777354,0.6963536585365855,0.09829024441389742,11.487804878048781,3.932278271676845,33.31707317073171,5.072019708213472,44.80487804878049,6.530912295923369,22.170731707317074,5.4451357340013375,15.024390243902438,3.6344565363978933,7.024390243902439,2.6009286554077042,5.2317073170731705,2.5400436493177883,17.890243902439025,3.7777977043950797,1.1585365853658536,11.719425166237466,5.59,2.4300000000000006,-3.1599999999999993,0.625,24,-2.567567567567568,37,-0.5087818601831379
1610612747,LAL,Los Angeles Lakers,2014,2013-14,82,102.95121951219512,11.216062598916986,109.2439024390244,13.476601556817972,99.71951219512195,5.41665103187237,103.36951219512194,11.059275633462006,109.10853658536583,10.39568050396992,-5.754878048780488,13.844151525695818,48.0609756097561,0.5521576303742328,38.28048780487805,4.808106298623377,85.1219512195122,5.873964829006546,0.4509268292682927,0.058052292409687616,9.439024390243903,3.450165717886498,24.78048780487805,5.013621914083701,0.3770731707317073,0.10415501036860432,16.951219512195124,5.146981469513545,22.378048780487806,6.133575365398487,0.7579512195121951,0.09565381284650747,9.085365853658537,3.4648186652431265,31.951219512195124,5.411242159089348,41.03658536585366,6.169308987359249,24.463414634146343,5.569305477792395,15.109756097560975,3.896836632737677,7.451219512195122,2.740426383983764,5.439024390243903,2.524436428858605,19.841463414634145,4.544619698318957,-6.2926829268292686,14.402921347085188,-5.9799999999999995,-4.6800000000000015,1.299999999999998,0.5263157894736842,19,-10.510416666666666,48,-7.872961019056844
1610612747,LAL,Los Angeles Lakers,2015,2014-15,82,98.45121951219512,11.136806332362651,105.29268292682927,11.70046723228517,96.2439024390244,5.143762795276241,102.20243902439023,9.203206306684455,109.43536585365854,11.007992292372986,-7.2353658536585375,10.90774299623465,48.609756097560975,1.8240918427777386,37.24390243902439,5.049290319550371,85.60975609756098,7.147055160738677,0.4356463414634147,0.05269182988915026,6.487804878048781,2.72276140891053,18.853658536585368,4.916894410844651,0.3402804878048781,0.09988589470116857,17.475609756097562,5.818713127755442,23.597560975609756,7.083034426978802,0.7386829268292683,0.09462621436815963,11.609756097560975,4.212726449380264,32.28048780487805,5.169412389282436,43.890243902439025,6.05123413095861,20.914634146341463,4.784752582099314,13.24390243902439,3.825066692260528,7.048780487804878,2.680070199119263,4.463414634146342,2.3736991080559613,21.23170731707317,4.691202116301874,-6.841463414634147,10.646357415897704,-10.26,-14.339999999999998,-4.079999999999998,0.42105263157894735,19,-10.23695652173913,46,-8.711400202576279
1610612747,LAL,Los Angeles Lakers,2016,2015-16,82,97.34146341463415,11.552584566998735,106.90243902439025,11.4359296869506,96.70731707317073,4.5717538706473455,100.69634146341464,11.442345493843549,110.43658536585367,11.63290896175053,-9.740243902439024,13.4929689944599,48.1219512195122,0.7760336619661978,35.1219512195122,4.686176793065184,84.82926829268293,5.834772051253874,0.41531707317073174,0.05770719578743106,7.7926829268292686,2.547028309003534,24.585365853658537,4.993702749308299,0.31786585365853653,0.08339372066764461,19.304878048780488,5.727751426580712,24.73170731707317,6.677858717364542,0.7784634146341463,0.09431915809239423,10.707317073170731,3.736664535229341,32.25609756097561,4.842739189194673,42.96341463414634,5.934717112775645,18.024390243902438,3.6917512648315203,13.707317073170731,3.543339447672676,7.2317073170731705,2.6956699640821093,4.109756097560975,1.93732727664022,20.26829268292683,3.8651618415568683,-9.560975609756097,12.829458348097576,-4.97,-15.780000000000001,-10.810000000000002,0.3684210526315789,19,-14.776744186046514,43,-11.855253962811593
1610612747,LAL,Los Angeles Lakers,2017,2016-17,82,104.57317073170732,11.744218948539386,111.45121951219512,12.042263475175275,99.3048780487805,4.915807267993265,105.36829268292684,11.287312642020298,112.09756097560975,11.304855021809757,-6.7231707317073175,15.830352926355113,48.0609756097561,0.5521576303742327,39.31707317073171,4.578203995208213,87.36585365853658,6.491232824607207,0.45048780487804885,0.044642957749273654,8.902439024390244,3.4591433896361155,25.73170731707317,5.890039259731667,0.34249999999999997,0.09689860425296558,17.036585365853657,5.5431976374813,22.597560975609756,6.80025372819581,0.7553780487804878,0.1068434461318565,11.378048780487806,4.01429619279856,32.146341463414636,4.991652170187352,43.52439024390244,6.0066333902890845,20.926829268292682,4.749998018985625,15.158536585365853,4.301792655882027,8.21951219512195,2.8632382178998017,3.902439024390244,2.4726142315798847,20.70731707317073,3.7001428229960402,-6.878048780487805,15.855357192485283,3.53,-3.5100000000000002,-7.04,0.3333333333333333,15,-9.5875,40,-8.944835307838675
1610612747,LAL,Los Angeles Lakers,2018,2017-18,82,108.07317073170732,12.100179049593406,109.6219512195122,12.947796651208572,101.96341463414635,5.969976574082334,105.98780487804882,10.138831235682687,107.27439024390246,10.631223649715682,-1.2902439024390242,12.565587042297505,48.548780487804876,1.7578918281892588,40.707317073170735,5.215096331811646,88.39024390243902,6.911711473675151,0.460890243902439,0.049832312908556844,10.024390243902438,3.610600339111563,29.073170731707318,5.660738702841603,0.3399756097560976,0.0954214790130137,16.634146341463413,5.392065948057046,23.29268292682927,7.330787108259146,0.718451219512195,0.11244698640506488,10.682926829268293,3.934268717342393,35.69512195121951,6.249323962233379,46.3780487804878,6.81798682118757,23.76829268292683,4.792738284004057,15.792682926829269,3.7506799544143523,7.719512195121951,2.5447811045785085,4.7317073170731705,2.05509772972266,21.170731707317074,4.168680633417086,-1.548780487804878,12.636565050368995,-0.85,-1.4300000000000004,-0.5800000000000004,0.5,22,-4.3173076923076925,52,-3.1135160178307255
1610612747,LAL,Los Angeles Lakers,2019,2018-19,82,111.76829268292683,11.631480039671612,113.48780487804878,11.99098828538427,104.07317073170732,4.752596399694808,107.42439024390244,10.3691203595587,108.98048780487804,10.777439158762952,-1.5499999999999998,13.329900020926685,48.24390243902439,1.0836720337741033,42.573170731707314,4.73502965901222,90.54878048780488,6.702040299300037,0.47102439024390247,0.04730123471093713,10.329268292682928,3.531358211229678,30.98780487804878,6.1171564087702235,0.33117073170731703,0.08201788496284808,16.29268292682927,4.741432311797694,23.29268292682927,5.823510894021863,0.6976829268292684,0.099436669844914,10.182926829268293,3.67550466436785,36.40243902439025,5.079272223793145,46.58536585365854,6.40977498018436,25.5609756097561,4.946872215395011,15.658536585365853,3.9821190220851506,7.536585365853658,2.9279206035211987,5.365853658536586,2.225065931174371,20.74390243902439,4.033229186319158,-1.7195121951219512,13.68000648891975,-0.7300000000000002,1.75,2.4800000000000004,0.5,24,-6.830952380952381,42,-3.518323563044742
1610612747,LAL,Los Angeles Lakers,2020,2019-20,71,113.43661971830986,11.999681417635575,107.64788732394366,11.500433024827862,101.56338028169014,4.906940840326361,111.75070422535212,11.273608539282437,106.24366197183097,11.23837472228037,5.511267605633803,13.404067072515979,48.140845070422536,0.8331656437585732,42.33802816901409,5.184988392249938,88.29577464788733,5.50426942394248,0.47911267605633795,0.04752880308545986,11.014084507042254,3.470253007435291,31.577464788732396,5.523099471003541,0.3477042253521127,0.09077151761683162,17.746478873239436,6.032574219208709,24.338028169014084,7.547835379331009,0.7284788732394366,0.09401441517963835,10.661971830985916,3.093512391033998,35.070422535211264,4.975149512934897,45.732394366197184,5.7320097360072655,25.3943661971831,4.716169369427561,15.169014084507042,3.5172469570591214,8.619718309859154,2.7326920122477794,6.591549295774648,3.3618764521734095,20.718309859154928,3.6378294100880275,5.788732394366197,13.595078408808456,7.19,-4.62,-11.81,0.7058823529411765,17,0.9675675675675677,37,2.7100328389220754
1610612747,LAL,Los Angeles Lakers,2021,2020-21,72,109.54166666666667,11.924572216025666,106.75,10.447386626517833,99.77777777777777,4.999217466150619,109.72777777777777,9.949566091780609,106.92500000000001,9.860159556461205,2.7986111111111107,13.182473352054284,48.486111111111114,1.711543702811987,40.625,5.29000519182897,86.06944444444444,6.130795938696748,0.4720972222222222,0.0526088836610567,11.055555555555555,3.393817447964688,31.22222222222222,5.908271171130511,0.3534305555555555,0.08442678741661219,17.23611111111111,5.105901185594753,23.319444444444443,6.381810394579509,0.7384999999999999,0.07781668599804485,9.652777777777779,3.154070574568421,34.583333333333336,5.306785451757581,44.236111111111114,6.394304366036122,24.65277777777778,4.535182410798658,15.208333333333334,4.182247862465661,7.805555555555555,2.900407396779398,5.361111111111111,2.7234276019335257,19.125,3.707386992189938,2.7916666666666665,13.489628253681982,7.159999999999999,0.36999999999999983,-6.789999999999999,0.5,18,-0.5861111111111106,36,0.4854372883617742
1610612747,LAL,Los Angeles Lakers,2022,2021-22,82,112.09756097560975,11.970756297051434,115.14634146341463,12.141269231370744,101.95121951219512,6.085608278887084,110.06463414634148,10.961001260374472,112.90853658536585,11.052011729277032,-2.846341463414634,12.94598650921505,48.73170731707317,2.2390958299057577,41.646341463414636,5.214822064645531,88.76829268292683,6.575860795152963,0.4691463414634146,0.04738836705488887,11.975609756097562,3.3627428904190904,34.46341463414634,5.739607079835197,0.3468170731707317,0.07719961748270558,16.829268292682926,5.902091861948904,22.975609756097562,7.234989757014254,0.7352073170731708,0.10421437281562948,9.536585365853659,3.1237644350541425,34.46341463414634,4.8079027586950165,44.0,5.468202133050792,24.0,4.502399908745513,14.524390243902438,3.8975320135243092,7.634146341463414,2.452069899724435,5.182926829268292,2.3419315062070307,20.170731707317074,3.841954486040848,-3.048780487804878,12.93850835662401,-1.0699999999999998,-5.799999999999999,-4.729999999999999,0.5,26,-5.7333333333333325,51,-5.331711502746071
1610612747,LAL,Los Angeles Lakers,2023,2022-23,82,117.17073170731707,10.296595239790125,116.59756097560975,10.076080655945791,102.8780487804878,5.3619377460627815,114.06951219512194,10.289797044446447,113.3621951219512,10.18612758225378,0.715853658536585,10.994976063866007,48.48780487804878,1.6868694244915796,42.8780487804878,4.467689888058781,89.0,6.509252673723027,0.48309756097560974,0.04989930842839447,10.792682926829269,3.2154634282972734,31.195121951219512,6.477766389146162,0.34803658536585363,0.07975555944428199,20.621951219512194,5.8933740653495175,26.609756097560975,6.781886000041209,0.7733536585365854,0.08340417314236127,9.975609756097562,3.0990863239607305,35.73170731707317,5.792819694418648,45.707317073170735,6.687906544473101,25.26829268292683,4.42230256902946,14.073170731707316,4.410370740567764,6.414634146341464,2.712345891450612,4.609756097560975,2.175940821413968,17.878048780487806,3.8885404412225393,0.573170731707317,11.42450310971222,-7.2299999999999995,7.25,14.48,0.4583333333333333,24,-0.9291666666666666,48,-0.6260994835382742
1610612747,LAL,Los Angeles Lakers,2024,2023-24,82,118.03658536585365,12.441909585037674,117.4390243902439,12.440572374764093,102.28048780487805,5.57612722423342,115.41341463414633,10.594451869660299,114.92682926829266,11.659056235025135,0.4878048780487805,15.16934359968842,48.426829268292686,1.7918229065718263,43.65853658536585,4.72246930646424,87.52439024390245,6.367792434415939,0.49960975609756103,0.04872364905995399,11.817073170731707,3.5629369518663965,31.365853658536587,4.712767515731295,0.37426829268292683,0.0919118000162888,18.902439024390244,6.643682148946929,24.182926829268293,7.343642667246928,0.7741707317073172,0.09802227069673715,8.24390243902439,3.1291578783118923,34.86585365853659,5.809235293424528,43.109756097560975,6.849359882790121,28.524390243902438,4.464470465484971,13.975609756097562,4.127521630324005,7.378048780487805,3.012895100477276,5.536585365853658,2.573344472971569,15.646341463414634,3.4043253214563594,0.5975609756097561,15.116714448123725,-5.2,4.16,9.36,0.75,24,-2.687272727272727,55,-1.3033475100898806
1610612747,LAL,Los Angeles Lakers,2025,2024-25,82,113.39024390243902,12.38453445903146,112.17073170731707,11.906845088092048,98.58536585365853,4.642666378178228,115.0292682926829,11.480154511422864,113.82073170731707,10.977707352505524,1.2060975609756097,16.089091063500874,48.1219512195122,0.7760336619661978,40.926829268292686,4.580636884406699,85.45121951219512,6.16471929016465,0.47967073170731706,0.04837100827389588,13.317073170731707,3.7642832471733993,36.353658536585364,6.094668690738201,0.36478048780487804,0.08291703787599676,18.21951219512195,5.680863241314309,23.195121951219512,7.11534426848191,0.7882560975609756,0.09387525357603928,9.658536585365853,3.531933727672375,32.76829268292683,4.733121488446102,42.426829268292686,5.717701532084112,25.98780487804878,4.2730678326230835,13.963414634146341,4.214745198136573,7.719512195121951,2.7856527937816953,4.475609756097561,2.5103519489422124,17.25609756097561,4.276871406460731,1.2195121951219512,15.75195413332479,-0.22999999999999937,4.910000000000001,5.140000000000001,0.5714285714285714,21,-0.31590909090909103,44,-0.042694379686775995
1610612748,MIA,Miami Heat,2013,2012-13,82,102.8780487804878,10.53083683952994,95.01219512195122,10.94598850071357,92.34146341463415,5.518139586730748,111.48902439024391,10.096020559368936,103.2890243902439,11.004634333507525,8.19390243902439,12.829935553671032,48.48780487804878,1.8608633496046498,38.390243902439025,4.487997979690176,77.41463414634147,7.238360123115322,0.49702439024390244,0.0481222659918619,8.74390243902439,3.328926626435541,22.0609756097561,5.901135193104713,0.39356097560975606,0.10767774252868358,17.353658536585368,4.94755695098074,23.01219512195122,6.56683380580492,0.759060975609756,0.09592581335684487,8.24390243902439,3.3722212176815494,30.365853658536587,5.5255013629220215,38.609756097560975,7.08808093194497,23.048780487804876,4.139250361618367,13.939024390243903,3.957638530757769,8.658536585365853,2.699883455166999,5.378048780487805,2.5945824084299765,18.695121951219512,4.451907690385069,7.865853658536586,11.5649130863301,3.6300000000000003,6.6,2.9699999999999993,0.75,20,3.453571428571429,28,6.496898580606654
1610612748,MIA,Miami Heat,2014,2013-14,82,102.1951219512195,9.94731680974017,97.4390243902439,11.337796028749205,92.86585365853658,5.59929932812795,110.15365853658537,9.721735798904003,104.94268292682928,9.877159466809845,5.21341463414634,12.767423458810056,48.48780487804878,1.8608633496046498,38.31707317073171,4.354302679160056,76.48780487804878,6.2819433622010505,0.501829268292683,0.05006583440597626,8.109756097560975,2.9271234670968402,22.304878048780488,5.510235200084741,0.36415853658536584,0.09519317196078421,17.451219512195124,4.858878697614615,22.975609756097562,5.9191582854990905,0.7634634146341464,0.10502582811343301,7.646341463414634,3.044411805256962,29.23170731707317,4.386564167686339,36.8780487804878,5.0095963315419425,22.524390243902438,4.6593212289952035,14.78048780487805,3.5172393433792464,8.926829268292684,2.8750973694939557,4.475609756097561,2.420211243489609,19.463414634146343,4.349528488568573,4.7560975609756095,11.833788176558185,8.61,-0.4000000000000007,-9.01,0.5,26,2.1583333333333337,36,4.0386176567767915
1610612748,MIA,Miami Heat,2015,2014-15,82,94.6829268292683,10.586362119862118,97.28048780487805,9.617723339140325,91.78048780487805,4.248527385376478,103.14756097560976,10.336394117893995,106.2939024390244,11.142548277383462,-3.1487804878048773,13.587051242171436,48.1219512195122,0.7760336619661979,35.18292682926829,4.436459629475136,77.1951219512195,5.846681076865226,0.45670731707317075,0.05279718656105097,6.780487804878049,2.6806319056203316,20.23170731707317,4.820990064004462,0.3358536585365854,0.11385686508590778,17.536585365853657,5.9591098886882605,23.658536585365855,7.836633681728906,0.7419878048780487,0.10432706097610568,9.109756097560975,3.277329903717639,30.01219512195122,4.854662776909101,39.1219512195122,6.333119380211528,19.829268292682926,4.550959410581467,14.804878048780488,3.713302827157901,7.829268292682927,3.1419302003578164,4.536585365853658,2.5151154009860117,19.951219512195124,4.145211245787984,-2.597560975609756,12.53524390096698,0.7700000000000001,-6.11,-6.880000000000001,0.5217391304347826,23,-9.418421052631578,38,-6.233962731777024
1610612748,MIA,Miami Heat,2016,2015-16,82,100.04878048780488,10.887644417575602,98.40243902439025,10.143245342417927,94.86585365853658,4.90593542035463,105.51829268292683,10.638099803040578,103.86463414634149,10.699560068851792,1.648780487804878,13.651194890969052,48.36585365853659,1.3100956059915252,38.41463414634146,4.75563660240438,81.67073170731707,7.14411590405609,0.4719024390243902,0.057555900847548025,6.073170731707317,2.6377154715325952,18.048780487804876,4.216084541941701,0.333109756097561,0.1279070849201845,17.146341463414632,5.61110440311923,23.036585365853657,7.174104877189837,0.7478780487804877,0.10542803879446384,9.841463414634147,4.161758626952716,34.28048780487805,5.707422912516521,44.1219512195122,7.640680992050541,20.841463414634145,4.730957964733684,14.085365853658537,3.6622910575791994,6.7439024390243905,2.679648841973566,6.475609756097561,2.9906257231890354,18.317073170731707,3.962409943769218,1.646341463414634,12.837418254365588,4.980000000000001,3.7900000000000005,-1.1900000000000008,0.7368421052631579,19,-3.3674999999999997,40,-0.3153920833002731
1610612748,MIA,Miami Heat,2017,2016-17,82,103.17073170731707,11.087535965171984,102.10975609756098,9.977760576031912,96.03658536585365,5.049007045642113,107.49268292682926,10.789693075507548,106.4829268292683,9.665757363082696,1.0024390243902443,12.302202709620003,48.24390243902439,1.3385174737004315,39.048780487804876,4.752913178211293,85.8170731707317,6.3617841444639405,0.4558414634146342,0.051483059544419084,9.853658536585366,3.531592692212914,26.98780487804878,5.269277136543902,0.36090243902439023,0.0920290627412854,15.21951219512195,4.518888725634241,21.5609756097561,5.85650964391542,0.7077926829268293,0.0992375548443152,10.634146341463415,4.096105332129538,32.98780487804878,4.900223986916436,43.6219512195122,6.062717973991449,21.24390243902439,4.401349331850589,13.439024390243903,3.552420704758278,7.170731707317073,2.7116797129089543,5.719512195121951,2.262274558682431,20.48780487804878,3.3082161186027914,1.0609756097560976,11.970485886954137,-3.8300000000000005,3.25,7.08,0.43478260869565216,23,-1.6857142857142853,35,0.11189447783323081
1610612748,MIA,Miami Heat,2018,2017-18,82,103.41463414634147,11.56084410980294,102.9390243902439,12.833547435420012,97.3780487804878,6.074923652220424,106.27926829268293,10.456018856246967,105.91707317073171,12.156741815750916,0.3560975609756101,13.2199820470263,48.609756097560975,1.8240918427777386,38.829268292682926,5.153938630660232,85.32926829268293,7.669170087327895,0.4560243902439024,0.05286530183884791,11.012195121951219,3.5363854827273915,30.5609756097561,5.142650421467754,0.35797560975609755,0.09503852053470781,14.74390243902439,4.716168605059832,19.524390243902438,5.812344482998186,0.7557682926829268,0.10520401095255766,9.304878048780488,3.992860988543576,34.15853658536585,5.932687256116902,43.46341463414634,6.908922700948711,22.70731707317073,4.686433809288328,14.365853658536585,3.591870777467292,7.560975609756097,2.8375679073860773,5.329268292682927,2.5095121657099875,20.097560975609756,3.6161836376454044,0.47560975609756095,12.572972786311746,-3.4,1.4800000000000004,4.880000000000001,0.5555555555555556,27,-2.628888888888889,45,-1.5093542366083508
1610612748,MIA,Miami Heat,2019,2018-19,82,105.70731707317073,10.823485900301524,105.9390243902439,11.418360307980063,99.04878048780488,4.92637757640374,106.85609756097561,11.006104900317101,107.1268292682927,10.599511388464776,-0.26951219512195135,14.203804819978588,48.1219512195122,0.7760336619661978,39.646341463414636,4.211600532156047,88.02439024390245,6.310828651261469,0.4518536585365854,0.05104370481523338,11.317073170731707,2.87121967794601,32.41463414634146,4.825219804402173,0.3505731707317073,0.07792510340345804,15.097560975609756,5.369345446227821,21.73170731707317,6.872828555822091,0.6891951219512196,0.11203707929254804,11.231707317073171,4.0224640212397205,35.109756097560975,5.539991749249496,46.34146341463415,6.628072569014801,24.28048780487805,4.119434188176047,14.731707317073171,3.617682159833204,7.646341463414634,2.803753882312167,5.463414634146342,2.3050943150475813,20.878048780487806,4.122776973460938,-0.23170731707317074,13.931311904126948,1.78,-0.4,-2.18,0.4230769230769231,26,-4.294736842105263,38,-2.8883108092959375
1610612748,MIA,Miami Heat,2020,2019-20,73,112.04109589041096,12.109957285185224,109.0958904109589,10.86938154169475,100.08219178082192,5.768095739731553,111.96712328767124,10.755077028425545,109.2917808219178,9.386393127889635,2.6671232876712323,12.63102501772829,48.61643835616438,1.6552117772047361,39.45205479452055,4.798845624761146,84.38356164383562,7.323156076193253,0.4689178082191781,0.05433991612082472,13.41095890410959,3.487420315451094,35.397260273972606,6.28211687169619,0.38019178082191785,0.07897127774884125,19.726027397260275,6.872368736818078,25.205479452054796,8.281436577117638,0.7800684931506848,0.08605333113300587,8.493150684931507,2.981998247219997,35.87671232876713,4.573307839698903,44.36986301369863,5.767501985057377,25.91780821917808,5.648877530235381,14.904109589041095,4.5648548217198535,7.493150684931507,2.887344453103505,4.5479452054794525,2.444046598314696,20.561643835616437,4.876207261824909,2.9452054794520546,12.709238121844571,4.8500000000000005,0.10999999999999979,-4.740000000000001,0.5714285714285714,21,0.21818181818181837,33,0.8927446035826991
1610612748,MIA,Miami Heat,2021,2020-21,72,108.06944444444444,12.09856980127431,108.04166666666667,13.160373191335086,97.72222222222223,5.243969634483645,110.59861111111111,11.071527917960767,110.6625,11.569744875271592,-0.062499999999999604,13.95524473571864,48.27777777777778,1.1533444597688494,39.22222222222222,5.214341604887137,83.73611111111111,6.530520018022324,0.4686527777777778,0.0531265191258452,12.944444444444445,3.2669445124725236,36.19444444444444,6.256577133983871,0.35911111111111116,0.07358535439777833,16.680555555555557,5.362431624407678,21.11111111111111,6.163398448760608,0.7895416666666666,0.10184688002993016,8.041666666666666,3.2606812560446823,33.458333333333336,5.3337551182981615,41.5,6.753194340667008,26.319444444444443,4.291578352708184,14.069444444444445,4.015204865202542,7.902777777777778,3.122655615140232,3.9722222222222223,2.020822745725132,18.930555555555557,3.6048730277453442,0.027777777777777776,13.48444301567104,-2.8200000000000003,5.35,8.17,0.5,18,-5.519444444444447,36,-2.86196908002567
1610612748,MIA,Miami Heat,2022,2021-22,82,110.02439024390245,11.715743981114247,105.57317073170732,9.921955312827714,97.40243902439025,5.476909455851366,113.08170731707315,11.553996989431734,108.55487804878047,10.120449319540548,4.528048780487804,13.850072642232673,48.426829268292686,2.108363637931103,39.58536585365854,4.845645160862738,84.8048780487805,7.70511938906589,0.46804878048780485,0.05234144840102012,13.585365853658537,4.085358438154766,35.80487804878049,6.8103752083693205,0.3785609756097561,0.085493642469719,17.26829268292683,5.852189166178407,21.378048780487806,7.2002061765789325,0.8125243902439026,0.09789919552371976,9.841463414634147,3.649689694893986,33.8780487804878,5.348105107840035,43.71951219512195,7.1237290661907835,25.48780487804878,4.009999545700613,14.560975609756097,3.9972137239523895,7.390243902439025,3.0337854671622435,3.231707317073171,1.8744466211395177,20.475609756097562,4.12826932845941,4.451219512195122,13.879688009287895,8.56,4.069999999999999,-4.490000000000001,0.5555555555555556,18,1.2000000000000002,48,2.7331190508039835
1610612748,MIA,Miami Heat,2023,2022-23,82,109.47560975609755,10.646074579139253,109.79268292682927,9.70266325266005,97.45121951219512,4.735347612683562,112.41341463414632,10.36145232914604,112.97926829268295,10.036608765284083,-0.5658536585365854,11.713990996442654,48.30487804878049,1.203790560412963,39.207317073170735,4.995647006077846,85.2560975609756,7.160955477336041,0.4604512195121951,0.049799884089067444,11.951219512195122,3.1891112544398355,34.78048780487805,6.194430772767977,0.3443170731707317,0.07551794456830602,19.109756097560975,6.332370487357786,22.98780487804878,6.844830260480586,0.8281829268292683,0.08788195337837865,9.707317073170731,3.2145034172032045,30.890243902439025,5.361053189234543,40.59756097560975,6.33208517154443,23.841463414634145,4.816303362423499,13.487804878048781,3.6556869359674486,7.987804878048781,2.8652619402331703,2.9634146341463414,1.4609748305791126,18.48780487804878,4.263667645187403,-0.3170731707317073,11.21273311554796,-1.6600000000000001,1.5699999999999998,3.23,0.6153846153846154,39,-2.031372549019608,51,-1.3201180849554033
1610612748,MIA,Miami Heat,2024,2023-24,82,110.14634146341463,11.476354597385278,108.39024390243902,11.107506190272309,97.2560975609756,4.1746175269762364,113.24634146341462,10.741912779089589,111.60000000000001,11.770511385305438,1.6451219512195123,14.953525967939239,48.18292682926829,1.2285497701720605,39.829268292682926,4.455001013007271,85.63414634146342,4.867407845949793,0.4654634146341464,0.04800287931743499,12.463414634146341,3.217218804853303,33.71951219512195,5.254684894392395,0.36999999999999994,0.08079542830239779,18.024390243902438,5.769172244701959,22.024390243902438,6.638785419474678,0.8168048780487804,0.08776124162445759,9.341463414634147,2.876981924251897,32.951219512195124,5.042785921735531,42.292682926829265,5.55663946065914,25.804878048780488,4.528207953362446,12.658536585365853,4.089189337376859,7.524390243902439,2.9406709982423473,3.4146341463414633,2.3144805540053723,17.25609756097561,3.616870537383321,1.7560975609756098,14.557303521515404,-0.47999999999999954,10.669999999999998,11.149999999999999,0.5263157894736842,19,-1.3782608695652174,46,-1.2168995708658665
1610612748,MIA,Miami Heat,2025,2024-25,82,110.59756097560975,12.111477829409814,110.03658536585365,11.566709490742818,98.36585365853658,5.172367691287554,112.52560975609757,11.83054021261805,112.08902439024392,11.184491093104928,0.42804878048780465,15.685955614917015,48.609756097560975,1.9861004510108675,40.46341463414634,5.441484732824394,87.04878048780488,7.713868285531465,0.4658780487804879,0.05575816172198358,13.707317073170731,3.532871405437683,37.31707317073171,6.436543142418109,0.3703414634146341,0.08649159232845116,15.963414634146341,4.8545387238148345,20.170731707317074,6.077290002869884,0.7962926829268292,0.09637727919898682,9.731707317073171,3.435647477884115,33.65853658536585,5.6660555491716895,43.390243902439025,7.074133193091881,26.414634146341463,4.949002192766217,13.585365853658537,3.953280305409752,8.146341463414634,3.333784973919829,3.8292682926829267,1.9038938530479037,15.548780487804878,3.868685421366167,0.5609756097560976,15.238918305942855,-1.6,12.25,13.85,0.32,25,-4.785000000000001,40,-2.469910303854644
1610612749,MIL,Milwaukee Bucks,2013,2012-13,82,98.8780487804878,10.707549250904899,100.3780487804878,8.796239718355581,96.45121951219512,5.256747431269433,102.47439024390246,9.20241260603737,104.33414634146344,8.576974912227879,-1.8573170731707316,12.245211011372497,48.36585365853659,1.3100956059915252,38.146341463414636,4.703877967310162,87.76829268292683,7.833607214262993,0.4356585365853658,0.04652656735067521,7.329268292682927,3.1232101167393815,20.365853658536587,5.295029570376286,0.35575609756097565,0.10282810311155813,15.25609756097561,4.971054426761101,20.73170731707317,6.216363870071554,0.7349878048780488,0.09614963825133556,13.024390243902438,4.65335564505979,30.9390243902439,4.611706952067038,43.96341463414634,6.096842173832508,22.878048780487806,4.683541563586044,14.097560975609756,3.776502255574533,8.353658536585366,3.011795540170419,6.7073170731707314,3.2791439897678836,18.951219512195124,3.8646943853246993,-1.5,11.407437469897857,1.6300000000000001,-1.0500000000000003,-2.6800000000000006,0.5416666666666666,24,-5.760606060606062,33,-3.66908481407881
1610612749,MIL,Milwaukee Bucks,2014,2013-14,82,95.47560975609755,12.363052890936816,103.65853658536585,10.536496843506047,93.71951219512195,5.969623497121096,101.7890243902439,10.9318992521271,110.15121951219511,8.996600783347187,-8.360975609756098,11.407359072622526,48.48780487804878,1.6868694244915796,36.0,4.340449996583247,82.15853658536585,7.038640287103581,0.4398292682926829,0.05340430575835687,6.682926829268292,2.6614673794476413,18.9390243902439,5.520662782216762,0.3565243902439025,0.11556914723590152,16.79268292682927,6.149852562476497,22.475609756097562,7.458900739444874,0.7448536585365854,0.10225266719950549,11.841463414634147,3.422761545508308,29.25609756097561,4.708308851092707,41.09756097560975,5.638513410810548,21.463414634146343,4.637994250261874,15.097560975609756,4.2181552228302825,6.597560975609756,2.3926830649550084,4.914634146341464,2.4200868238286444,20.890243902439025,3.9440722752780126,-8.182926829268293,10.571482777644617,-8.719999999999999,-9.69,-0.9700000000000006,0.38095238095238093,21,-12.412820512820515,39,-10.79874021655498
1610612749,MIL,Milwaukee Bucks,2015,2014-15,82,97.84146341463415,10.059660932600655,97.41463414634147,12.610940987117022,95.9390243902439,5.901135193104714,102.00243902439023,8.666424150592011,101.43536585365852,12.254587167857679,0.5597560975609756,12.138306467147485,48.609756097560975,2.5325344625443313,37.59756097560975,4.410592625832824,81.97560975609755,8.597983699547319,0.46074390243902436,0.05228620453411165,6.646341463414634,2.63111463597508,18.29268292682927,3.9798498789172,0.36382926829268286,0.12177836626764223,16.0,6.2598071204459,21.146341463414632,7.604615153645166,0.7525609756097561,0.10159142298308352,10.682926829268293,5.059834693977898,31.390243902439025,5.042427637853324,42.073170731707314,7.604060786160682,23.5609756097561,4.645713704756059,16.74390243902439,4.118045130164075,9.621951219512194,3.0046886977573224,4.914634146341464,2.563760834708469,22.121951219512194,3.7888408074578366,0.4268292682926829,11.831147933623388,-0.3799999999999997,0.47000000000000003,0.8499999999999998,0.43478260869565216,23,-5.576315789473685,38,-2.1293596941221278
1610612749,MIL,Milwaukee Bucks,2016,2015-16,82,99.04878048780488,10.970108025875025,103.23170731707317,11.631480039671612,95.82926829268293,6.0201408417321,103.36829268292686,9.471228400764707,107.99268292682929,11.676459175875097,-4.630487804878048,13.198285420110963,48.36585365853659,1.7178237389420576,38.353658536585364,5.095076178496188,82.1951219512195,7.5268064553994645,0.4674512195121951,0.05331554157844663,5.365853658536586,2.526463370703199,15.573170731707316,4.776564413898387,0.34486585365853656,0.11994152507333142,16.975609756097562,5.743435565299149,22.71951219512195,7.066307451114521,0.7469999999999999,0.1061328075549977,10.463414634146341,3.823885690835086,31.20731707317073,5.431362525727567,41.670731707317074,6.727600929960798,23.109756097560975,4.698321469539436,15.207317073170731,3.8641684294696375,8.195121951219512,2.821605463623804,5.7926829268292686,3.033711026050677,20.670731707317074,4.419527034772047,-4.182926829268292,12.50000301114086,-4.69,-9.21,-4.5200000000000005,0.4090909090909091,22,-7.256818181818184,44,-6.532598187420022
1610612749,MIL,Milwaukee Bucks,2017,2016-17,82,103.6219512195122,12.04686347571555,103.8048780487805,10.493312419846262,95.46341463414635,4.889381596261154,108.5451219512195,11.26196650195325,108.79024390243904,10.454234297861895,-0.23658536585365844,14.38038369133128,48.24390243902439,1.0836720337741033,38.80487804878049,4.877357674620436,81.89024390243902,6.5111605943530675,0.4751585365853658,0.05790167687974416,8.78048780487805,3.0511054068244094,23.73170731707317,5.331130981593752,0.3725,0.10437234509080022,17.23170731707317,5.737678759124526,22.426829268292682,7.206016840892862,0.7678658536585365,0.08652292384389723,8.817073170731707,3.0797147887044884,31.573170731707318,4.891490438632336,40.390243902439025,5.924954753301164,24.195121951219512,4.6519318286095634,13.963414634146341,3.8407982772078713,8.121951219512194,3.1481534619222913,5.317073170731708,2.5135585358408634,20.24390243902439,3.9175482872527483,-0.18292682926829268,13.394423059829453,1.11,-4.81,-5.92,0.5833333333333334,24,-4.348717948717948,39,-2.3322611532588238
1610612749,MIL,Milwaukee Bucks,2018,2017-18,82,106.47560975609755,11.278982540746819,106.78048780487805,11.83427162711309,97.71951219512195,5.370873415059248,108.9743902439024,10.118444361178945,109.17560975609757,10.649228349435564,-0.19512195121951215,12.468319383804268,48.36585365853659,1.3100956059915252,39.71951219512195,5.048589560385372,83.01219512195122,6.8376118537609285,0.4789268292682928,0.05231145579226689,8.75609756097561,2.641365974753701,24.682926829268293,4.5402943527259065,0.35626829268292687,0.08848003873099969,18.28048780487805,5.7505220165487945,23.353658536585368,6.777544533727139,0.7840731707317072,0.1014643135571557,8.390243902439025,3.207845696702267,31.451219512195124,4.562738075031589,39.84146341463415,5.278583592741387,23.23170731707317,4.78500430353872,13.841463414634147,3.279075118756424,8.804878048780488,3.0324948958879165,5.402439024390244,2.642762098370141,21.365853658536587,4.5528777905683615,-0.3048780487804878,12.109264919825833,-3.1800000000000006,-0.2800000000000001,2.9000000000000004,0.6,25,-3.58,50,-2.1578946331571225
1610612749,MIL,Milwaukee Bucks,2019,2018-19,82,118.1219512195122,12.702085221932869,109.2560975609756,12.09816941117438,104.0609756097561,5.205285919675365,113.44024390243902,10.060886981442414,104.91341463414636,10.135718069723477,8.530487804878048,11.81700688038052,48.24390243902439,1.0836720337741033,43.353658536585364,5.114423929327412,91.10975609756098,6.8763435904807055,0.4768048780487804,0.052139281422636574,13.475609756097562,3.5284578863444174,38.21951219512195,6.425305661641978,0.35324390243902437,0.07686665718666379,17.9390243902439,5.4508976743457485,23.21951219512195,6.459798548714418,0.7718414634146341,0.08784617159841768,9.292682926829269,3.639589601332087,40.4390243902439,5.233079873493307,49.73170731707317,6.49035139623522,26.048780487804876,4.449725859288913,13.865853658536585,3.0051897297264136,7.5,2.736357856894389,5.926829268292683,2.498298125934207,19.609756097560975,3.9713669555120092,8.865853658536585,12.429318381758105,11.6,8.49,-3.1099999999999994,0.35294117647058826,17,4.857575757575757,33,7.9405373100664365
1610612749,MIL,Milwaukee Bucks,2020,2019-20,73,118.67123287671232,11.535036958136319,108.58904109589041,13.027572913331806,106.01369863013699,5.073058333230478,111.9739726027397,9.996124629592712,102.52191780821917,11.40189124876686,9.452054794520548,13.616065976030761,48.205479452054796,0.9994290607584833,43.28767123287671,4.706613113643617,90.93150684931507,6.325277260333442,0.47701369863013704,0.05065610996126642,13.794520547945206,3.1533003174345806,38.9041095890411,5.4420287872407265,0.35534246575342465,0.07129091791503984,18.301369863013697,6.759119213466865,24.65753424657534,7.927131991672287,0.7373013698630138,0.10459255403329877,9.465753424657533,3.4402930744859757,42.23287671232877,5.425046205500121,51.6986301369863,6.371998054654725,25.876712328767123,4.533655642584727,15.095890410958905,3.9305229492384477,7.205479452054795,2.697524091693411,5.876712328767123,2.753508900170492,19.602739726027398,5.139011270088281,10.082191780821917,14.016610606960361,7.7700000000000005,-2.9499999999999997,-10.72,0.5,12,4.115625,32,6.5398439593061415
1610612749,MIL,Milwaukee Bucks,2021,2020-21,72,120.125,11.778396911414426,114.23611111111111,13.01298707256949,103.09722222222223,4.841602930418524,116.49166666666663,9.771267883767083,110.80833333333334,12.456185182300988,5.688888888888889,15.435094049778531,48.138888888888886,0.8274439780288528,44.736111111111114,4.91044605287388,91.80555555555556,6.145280770099035,0.4880138888888889,0.0506905811334754,14.416666666666666,4.241810668391373,37.06944444444444,5.69241251583116,0.38581944444444444,0.08051879780328945,16.23611111111111,4.454758669600616,21.375,5.570135406855405,0.7607916666666666,0.1004885162663299,10.291666666666666,3.502262849990351,37.833333333333336,5.479796439110171,48.125,6.401886825739538,25.47222222222222,5.151158005244275,13.819444444444445,3.2688301257844996,8.125,3.0716215839405705,4.638888888888889,2.1709059286069303,17.27777777777778,4.236734798490302,5.888888888888889,15.853693358780504,9.650000000000002,3.2300000000000004,-6.420000000000002,0.5625,16,2.1696969696969703,33,3.7625124507680643
1610612749,MIL,Milwaukee Bucks,2022,2021-22,82,115.48780487804878,12.472432715312623,112.13414634146342,12.044938689246306,101.02439024390245,4.157324667263726,114.27439024390245,10.976437288552843,111.1219512195122,11.251491252496198,3.156097560975611,15.990792856762768,48.18292682926829,0.944484296943331,41.81707317073171,5.1499204087832435,89.40243902439025,6.2020700568490215,0.4681829268292682,0.053638048051129913,14.060975609756097,3.6357197768384277,38.426829268292686,5.801299317649448,0.3656341463414634,0.07415790829603082,17.79268292682927,5.762239372811707,22.9390243902439,6.744632179293816,0.7745,0.08767874159906189,10.24390243902439,3.3685582350550125,36.46341463414634,5.692089208221451,46.707317073170735,6.105022835677959,23.902439024390244,4.479334595915112,13.414634146341463,3.5519120898648766,7.597560975609756,2.557292917156208,3.975609756097561,2.11972284326261,18.21951219512195,3.9347279079659354,3.3536585365853657,16.323407377908975,-1.61,-1.2899999999999998,0.3200000000000003,0.5,12,-3.4000000000000004,47,-0.23721640467399674
1610612749,MIL,Milwaukee Bucks,2023,2022-23,82,116.9390243902439,13.39739016502713,113.3048780487805,12.889548857040369,102.3048780487805,5.708319733728583,114.30365853658535,11.342245353533006,111.03902439024391,12.108284645693054,3.2634146341463417,14.923421910864135,48.36585365853659,1.527623791205016,42.73170731707317,5.630711159364571,90.3780487804878,7.096582804685924,0.4740975609756098,0.060703206284651694,14.841463414634147,4.062686310090965,40.31707317073171,6.911929299157744,0.36791463414634146,0.07525859964306317,16.634146341463413,5.4693584048803965,22.402439024390244,6.796621811737919,0.7445365853658535,0.11260070336402377,11.146341463414634,3.975610679760406,37.48780487804878,5.756893672075319,48.63414634146341,7.23249217693534,25.79268292682927,4.9008384389200454,14.621951219512194,4.001975573565917,6.353658536585366,2.598061723952962,4.914634146341464,2.5829508415151516,18.048780487804876,3.7577982752065657,3.6341463414634148,15.231150824383228,8.5,-2.54,-11.04,0.6923076923076923,13,0.4666666666666666,48,1.9001729746382467
1610612749,MIL,Milwaukee Bucks,2024,2023-24,82,118.97560975609755,13.370296551330526,116.35365853658537,11.891870811110257,101.15853658536585,5.336733897823261,117.63292682926829,11.833140894398188,115.07195121951219,10.764278767307504,2.5487804878048776,16.264755837240433,48.30487804878049,1.437496317893246,43.146341463414636,5.53802110937555,88.51219512195122,7.291537293987156,0.48801219512195115,0.05381965630695252,14.182926829268293,3.7189141146456737,38.073170731707314,6.067074646039413,0.37268292682926835,0.07947573246335747,18.5,6.883958809354461,23.902439024390244,8.536934651089748,0.7709756097560976,0.0972904491537437,9.414634146341463,3.2658019245168037,34.75609756097561,5.110050555691438,44.170731707317074,6.113746660062606,26.536585365853657,4.964553669223248,12.914634146341463,3.3964441082620556,6.804878048780488,2.6407959162654064,5.024390243902439,2.2053560489453155,19.195121951219512,4.258438316862714,2.6219512195121952,15.935549391763816,-2.3500000000000005,-4.15,-1.7999999999999998,0.5263157894736842,19,0.1059999999999998,50,1.2218795631334436
1610612749,MIL,Milwaukee Bucks,2025,2024-25,82,115.51219512195122,10.972742775206212,113.03658536585365,11.245240553670103,100.34146341463415,4.478258899421729,115.18292682926827,10.254656333251663,112.79512195121953,10.520619406717158,2.3853658536585365,13.870798191059203,48.18292682926829,0.9444842969433309,42.01219512195122,4.353213379434724,86.36585365853658,7.337561399195359,0.488609756097561,0.055879225163543995,14.158536585365853,3.7299902763422788,36.6219512195122,6.721331885763322,0.387780487804878,0.07606722569182123,17.329268292682926,6.400337333024963,23.109756097560975,7.501450226145123,0.7462073170731708,0.10936186820553312,8.21951219512195,3.1662744016065942,35.146341463414636,5.164269339208518,43.36585365853659,5.7617559804559395,25.48780487804878,4.677880448699131,13.378048780487806,3.730555328542854,7.329268292682927,3.1033827741965325,4.682926829268292,2.3033955010128238,17.914634146341463,3.705855291932695,2.475609756097561,14.252767207823098,-5.04,4.5600000000000005,9.600000000000001,0.42105263157894735,19,-1.0775,40,-0.17612914455023435
1610612750,MIN,Minnesota Timberwolves,2013,2012-13,82,95.7439024390244,9.608138237214641,98.10975609756098,10.207726554980725,94.04878048780488,4.391075233277828,101.84268292682927,9.515303210206916,104.10853658536587,10.574990309886841,-2.2634146341463413,13.01023824944945,48.1219512195122,0.7760336619661978,35.890243902439025,4.642812306416951,81.73170731707317,7.717302638360412,0.440890243902439,0.05413494936868098,5.487804878048781,2.6908344771984054,17.98780487804878,4.220742145376057,0.300609756097561,0.12232397341300158,18.475609756097562,6.381349386609208,24.902439024390244,8.088415364799216,0.7429878048780488,0.0993676915352665,11.865853658536585,4.141813866143259,30.158536585365855,5.561040652667475,42.02439024390244,6.969024250662599,22.390243902439025,4.265150475862778,14.804878048780488,3.4621017822092393,8.536585365853659,3.127714117967596,4.719512195121951,2.588075171327532,18.402439024390244,3.7113764246397696,-2.3658536585365852,12.512228285548414,0.5700000000000002,-0.7500000000000003,-1.3200000000000005,0.3684210526315789,19,-7.239024390243903,41,-4.245912022118285
1610612750,MIN,Minnesota Timberwolves,2014,2013-14,82,106.92682926829268,12.205827881253574,104.2560975609756,12.583362497498463,99.2560975609756,5.7452309274838935,107.68902439024393,10.227691847035493,105.14390243902439,10.856062737622873,2.542682926829268,14.087933988738836,48.426829268292686,1.791822906571826,38.890243902439025,4.716679354939028,87.5,6.618809709857857,0.4458658536585365,0.05636209263591362,7.317073170731708,2.7074567756680454,21.426829268292682,4.6535012380958864,0.338219512195122,0.09493636912414104,21.829268292682926,6.927855524911297,28.0609756097561,8.552449018943053,0.7811341463414634,0.08358299818183564,12.487804878048781,3.7259314932405276,32.24390243902439,4.962976445666541,44.73170731707317,5.321859835697479,23.9390243902439,4.859374447816213,13.926829268292684,3.5408741607606826,8.75609756097561,3.1448997534897916,3.6219512195121952,1.8701042679219064,18.341463414634145,3.8752762137959778,2.6707317073170733,14.146547699126936,7.409999999999999,-1.72,-9.129999999999999,0.3333333333333333,21,-3.093023255813954,43,-0.04960733802398465
1610612750,MIN,Minnesota Timberwolves,2015,2014-15,82,97.7560975609756,10.027814374337352,106.54878048780488,11.353090011772876,96.01219512195122,4.514705471270699,101.85853658536585,9.752732459396746,110.9451219512195,11.141969952813046,-9.086585365853658,11.42867049065554,48.30487804878049,1.203790560412963,36.41463414634146,4.422030201057716,83.17073170731707,6.576810886235305,0.4387073170731708,0.04935822390227502,4.951219512195122,2.503836261677985,14.914634146341463,3.9446829959545187,0.32521951219512196,0.12564186064142047,19.975609756097562,5.811813447585295,25.73170731707317,6.651925889299724,0.7735853658536586,0.09486129591255951,11.573170731707316,3.8682962332619506,29.341463414634145,5.138139914657406,40.91463414634146,6.2206371384054,21.597560975609756,4.570057557239623,15.012195121951219,3.8183892358583766,8.146341463414634,2.6718558363726,3.9878048780487805,2.0993467675318147,19.158536585365855,4.117021313843904,-8.792682926829269,11.050655312536675,-7.08,-15.85,-8.77,0.3157894736842105,19,-12.351063829787234,47,-10.52286701862201
1610612750,MIN,Minnesota Timberwolves,2016,2015-16,82,102.41463414634147,12.632459873559513,105.95121951219512,11.429766681593458,97.13414634146342,5.937456318481454,105.39268292682925,10.880810841333934,109.0780487804878,10.899790737488855,-3.686585365853658,11.560733478750247,48.48780487804878,1.6868694244915796,37.74390243902439,5.3166660295129216,81.3170731707317,6.322364866151967,0.4649268292682927,0.059840070906697955,5.548780487804878,2.4198379653150344,16.426829268292682,4.594764835812247,0.33551219512195124,0.10485642669771515,21.378048780487806,6.34918142658678,26.98780487804878,7.7626740690433556,0.7951341463414633,0.09224066243954974,10.012195121951219,3.4300556178733173,31.548780487804876,5.282518196317868,41.5609756097561,6.4733023628499895,23.365853658536587,4.940415824759052,15.012195121951219,3.746583307491762,8.0,3.1150768375280413,4.573170731707317,2.3414171492468214,20.682926829268293,3.867809693061493,-3.5365853658536586,11.610122362953208,-0.8900000000000006,-3.0400000000000005,-2.15,0.41935483870967744,31,-7.095121951219513,41,-5.384921719950209
1610612750,MIN,Minnesota Timberwolves,2017,2016-17,82,105.57317073170732,10.459835571973063,106.6829268292683,12.506667899372607,95.97560975609755,5.360982980060302,110.04268292682927,9.523331071024828,110.94634146341464,11.823717481902206,-0.9073170731707314,13.474015051272843,48.30487804878049,1.203790560412963,39.451219512195124,4.187436939711334,84.41463414634147,6.499669924215991,0.4680731707317073,0.04413357404203264,7.329268292682927,2.889123400946352,21.01219512195122,5.480591800159533,0.3462317073170732,0.09403142353417762,19.341463414634145,5.542695141978909,24.21951219512195,6.421461681695148,0.7978414634146344,0.08412857143185846,11.439024390243903,3.189866520585283,30.975609756097562,5.118293527725137,42.41463414634146,6.20026128384566,23.658536585365855,4.656654636096556,14.024390243902438,3.481788988706661,7.975609756097561,2.9269948763746405,4.512195121951219,2.3582997769580953,20.073170731707318,3.832223632630384,-1.1097560975609757,12.965296602436824,3.1100000000000003,-2.5299999999999994,-5.64,0.391304347826087,23,-2.68139534883721,43,-3.012166473120045
1610612750,MIN,Minnesota Timberwolves,2018,2017-18,82,109.51219512195122,10.189856857496686,107.28048780487805,11.390134772226316,97.3780487804878,5.392359120689197,112.51951219512193,9.296108823872576,110.23658536585367,10.21859249802882,2.2878048780487807,12.735091891789459,48.30487804878049,1.2037905604129633,41.03658536585366,4.467841531367561,86.13414634146342,7.364851787705099,0.47751219512195114,0.045879133722982766,8.024390243902438,2.5626741904353345,22.5,4.719934086168766,0.35800000000000004,0.09262389100650643,19.414634146341463,6.140236090511072,24.146341463414632,6.967511824013342,0.802329268292683,0.08769772085922438,10.341463414634147,3.768680262160492,31.621951219512194,4.933233842596481,41.96341463414634,6.290194450175428,22.695121951219512,4.707989071361085,12.451219512195122,3.797830566645635,8.402439024390244,3.157822957287094,4.2073170731707314,2.376519941853191,18.23170731707317,3.591137171549434,2.231707317073171,12.388065523698684,-0.4400000000000002,0.72,1.1600000000000001,0.5,22,-0.4479999999999996,50,0.13867149086418867
1610612750,MIN,Minnesota Timberwolves,2019,2018-19,82,112.47560975609755,10.96709512813367,113.97560975609755,13.471483929145926,101.71951219512195,5.216958080237999,110.59634146341463,9.390097819892423,112.1987804878049,12.160607257238421,-1.601219512195122,13.430594279180658,48.36585365853659,1.3100956059915252,41.6219512195122,4.663068040801747,91.2560975609756,7.178175041654805,0.45720731707317075,0.04842730017861394,10.085365853658537,2.9237267758052177,28.74390243902439,6.111739312377706,0.3553292682926829,0.08823538313225048,19.146341463414632,6.539758653038196,24.329268292682926,7.845821216998618,0.7866219512195122,0.08854846482749563,11.25609756097561,4.066760702038946,33.53658536585366,5.181150837294312,44.792682926829265,6.938420151195784,24.609756097560975,3.835365315099854,13.097560975609756,3.480491508136657,8.329268292682928,2.735477379733127,5.012195121951219,2.8218455673374185,20.29268292682927,4.029176936684751,-1.5,13.939242057436354,-6.85,-3.9900000000000007,2.859999999999999,0.4782608695652174,23,-5.795238095238095,42,-3.797557321744408
1610612750,MIN,Minnesota Timberwolves,2020,2019-20,64,113.25,11.475301289401498,117.546875,12.84452781698377,105.25,5.898614311315056,107.696875,10.154051013468811,111.634375,11.083782214325721,-3.9390625000000004,11.261813792670951,48.625,1.889822365046136,40.40625,4.9335867052052285,91.640625,6.191051369799161,0.44165625,0.050460174064966,13.328125,3.563726814659593,39.6875,5.178940873521205,0.3365,0.07956329216615826,19.109375,5.7296698913194,25.375,6.390717474687004,0.7480781249999999,0.09439133412730923,10.546875,3.4083449761123763,34.265625,6.154730243079657,44.8125,7.166666666666667,23.828125,5.308138966315246,15.328125,3.285633409977733,8.671875,3.0344827100282377,5.65625,2.5771816155182155,21.40625,3.9549797824217863,-4.296875,11.982367584768376,0.029999999999999714,-7.12,-7.1499999999999995,0.36363636363636365,11,-7.869696969696969,33,-6.03427459173826
1610612750,MIN,Minnesota Timberwolves,2021,2020-21,72,112.125,12.120216495068227,117.68055555555556,13.083509014699198,102.625,4.9970061459373065,109.26527777777778,10.644196457770398,114.43194444444443,10.638646350259238,-5.1625,13.043410051617938,48.34722222222222,1.27996173162669,40.72222222222222,4.783251950036438,90.91666666666667,6.994464612196391,0.4486944444444445,0.04740792080039567,13.11111111111111,3.21333294372039,37.583333333333336,5.288174423408741,0.3495416666666667,0.07396990966069425,17.569444444444443,6.1365365946233705,23.083333333333332,7.531623471249479,0.7616527777777777,0.09821436166490977,10.51388888888889,3.5044963293876776,33.0,4.395900779359315,43.513888888888886,5.58416537840669,25.63888888888889,4.618717447595151,14.26388888888889,3.034974791901975,8.777777777777779,3.407622864068817,5.527777777777778,2.583655136703564,20.930555555555557,4.16330850588567,-5.555555555555555,13.420489788598783,-9.18,3.8900000000000006,13.07,0.4166666666666667,24,-10.279487179487177,39,-7.122513926674441
1610612750,MIN,Minnesota Timberwolves,2022,2021-22,82,115.9390243902439,13.500203529307663,113.3048780487805,13.881054701087159,101.91463414634147,4.380656750785474,113.73902439024388,11.998855460824927,111.04756097560976,12.85859683232335,2.6792682926829268,15.566517865930718,48.24390243902439,1.3385174737004315,41.59756097560975,5.251360214380112,90.95121951219512,6.22599575857448,0.45813414634146343,0.05600435657549429,14.768292682926829,3.4113057508269193,41.292682926829265,5.55663946065914,0.35932926829268297,0.0754245686268368,17.975609756097562,6.071539780205652,23.097560975609756,7.339407847910106,0.7762926829268293,0.07925011006805895,11.231707317073171,4.000922055726051,32.926829268292686,5.501471156342734,44.15853658536585,7.118866451927117,25.682926829268293,4.908742638484548,14.329268292682928,3.721989638003038,8.792682926829269,2.8490319121580634,5.609756097560975,2.561616472488194,21.78048780487805,4.283255915841381,2.6341463414634148,16.20128953495998,-4.7700000000000005,-3.6499999999999995,1.120000000000001,0.5625,16,-0.5666666666666669,48,0.12202742774213882
1610612750,MIN,Minnesota Timberwolves,2023,2022-23,82,115.78048780487805,11.984583090699239,115.8170731707317,11.672620754506271,102.23170731707317,4.678025278455828,113.31341463414637,11.208085289229707,113.12195121951217,10.430818823607494,0.19268292682926855,11.405227093693366,48.36585365853659,1.527623791205016,42.86585365853659,4.953517755207837,87.40243902439025,6.865299677124802,0.49203658536585365,0.058168008075788265,12.158536585365853,3.945522582531023,33.30487804878049,6.567200625762728,0.3635121951219512,0.08578486497815033,17.890243902439025,5.402345392720305,23.682926829268293,6.318458260106132,0.7549146341463414,0.10011834987018461,9.134146341463415,3.5892920142424978,32.75609756097561,4.849744744739643,41.890243902439025,6.547086992542968,26.158536585365855,5.243383866854323,15.341463414634147,3.9821190220851506,8.012195121951219,3.1051287818029136,5.414634146341464,2.3724302251363727,21.5609756097561,3.6041730305252653,-0.036585365853658534,11.850347832527193,1.02,2.4300000000000006,1.4100000000000006,0.56,25,-0.19411764705882348,51,-0.11290762359725312
1610612750,MIN,Minnesota Timberwolves,2024,2023-24,82,112.97560975609755,9.19336262149351,106.52439024390245,11.873017037561455,98.54878048780488,4.113069920806323,114.75,9.479415645895813,108.51341463414633,12.368166647527747,6.2353658536585375,13.717883902169005,48.30487804878049,1.203790560412963,41.25609756097561,4.084934608509228,85.03658536585365,6.978706806432948,0.4865731707317074,0.0456511275232423,12.646341463414634,3.1637294417710082,32.69512195121951,5.332613433798385,0.38701219512195123,0.07334721988090451,17.817073170731707,5.617714593483653,22.9390243902439,6.4928214129631145,0.774780487804878,0.10103122905420657,9.378048780487806,3.1096831798549136,34.23170731707317,5.4643599028474545,43.609756097560975,6.14386394195933,26.634146341463413,4.19438835907154,14.170731707317072,3.8419544860408474,7.890243902439025,2.6010733660984187,6.048780487804878,2.3877384259431946,18.829268292682926,3.937176020138055,6.451219512195122,13.476227298399694,8.320000000000002,4.06,-4.2600000000000025,0.5714285714285714,21,3.896153846153846,52,4.240010157127756
1610612750,MIN,Minnesota Timberwolves,2025,2024-25,82,114.29268292682927,11.294582777617137,109.29268292682927,12.386260612965382,98.7560975609756,4.945532902940598,115.86951219512197,11.369926642589833,110.80609756097562,11.539383422355897,5.0634146341463415,12.904889610168985,48.36585365853659,1.527623791205016,41.02439024390244,4.760889038658868,87.58536585365853,7.892723980971797,0.4699146341463415,0.05051590660608666,15.036585365853659,3.64622287891815,39.86585365853659,5.269905696726827,0.37706097560975604,0.07535469175444091,17.20731707317073,5.704098169116199,21.817073170731707,6.705678538466231,0.7896585365853658,0.10926253574007193,11.060975609756097,4.05318823136848,33.24390243902439,4.7572192718268616,44.30487804878049,6.525711775927218,26.121951219512194,5.28073658326077,14.463414634146341,3.7058349784744107,7.987804878048781,3.48362625895412,4.951219512195122,2.2049463979621313,18.26829268292683,3.903302749944408,5.0,13.009018714001243,5.4399999999999995,9.03,3.59,0.5,26,1.2500000000000002,44,3.152797088690738
1610612751,BKN,Brooklyn Nets,2013,2012-13,82,96.8780487804878,11.252862729213813,95.09756097560975,11.035979045100184,90.64634146341463,4.892352185468113,106.95121951219512,11.917879957943873,104.92926829268293,11.97359737196369,2.0231707317073173,15.725643905484306,48.426829268292686,1.7918229065718263,35.8780487804878,4.659757435276624,79.8048780487805,6.9111450952902285,0.4500121951219513,0.04795844237589407,7.658536585365853,2.928023444026438,21.463414634146343,5.067921681679291,0.35636585365853657,0.10018409131676533,17.463414634146343,5.207295741271773,23.878048780487806,6.5779096156128,0.7321463414634146,0.106707645132201,12.768292682926829,3.9198727004015335,30.0,5.277485372016852,42.76829268292683,6.775589410811167,20.341463414634145,4.3919666063717395,14.707317073170731,3.898362444677929,7.304878048780488,2.3501459076860374,4.7682926829268295,2.4810331404766304,18.29268292682927,3.6293991778324117,1.7804878048780488,13.84038141756939,2.7899999999999996,6.09,3.3000000000000003,0.7272727272727273,22,-7.546428571428571,28,-1.8285563312041184
1610612751,BKN,Brooklyn Nets,2014,2013-14,82,98.52439024390245,10.795776048427685,99.52439024390245,10.220079014161588,93.45121951219512,4.787206301533467,105.39512195121954,9.828001095873965,106.77317073170731,10.365970546837293,-1.3743902439024391,15.236180226526997,48.48780487804878,1.6868694244915796,35.74390243902439,4.983456521727123,77.9390243902439,6.272313375925785,0.45962195121951227,0.05951898550590317,8.646341463414634,3.7985440720292356,23.4390243902439,6.192583299829215,0.3616341463414634,0.11103091685942698,18.390243902439025,5.684625350177084,24.414634146341463,6.94946701839841,0.7544024390243902,0.09313150926871676,8.792682926829269,3.6809077143996873,29.353658536585368,5.371097667476193,38.146341463414636,6.644633871732187,20.902439024390244,5.92256566879375,14.524390243902438,3.6216959732110006,8.597560975609756,3.2120904162110824,3.792682926829268,2.029034952014142,21.670731707317074,4.297730891530933,-1.0,14.363877876615389,-5.410000000000001,-5.220000000000001,0.1900000000000004,0.5,26,-4.242105263157895,38,-3.0184420716116733
1610612751,BKN,Brooklyn Nets,2015,2014-15,82,98.02439024390245,12.090171102094807,100.90243902439025,11.58608121533484,94.84146341463415,6.050139294784816,103.4560975609756,11.915816831245621,106.34634146341465,10.674108458702118,-2.892682926829268,16.59154016535889,48.609756097560975,2.5325344625443313,37.426829268292686,5.040650770755006,82.97560975609755,7.147434331621516,0.4522682926829269,0.05747249450136625,6.597560975609756,3.0342072656303447,19.914634146341463,4.690945361333594,0.3271951219512195,0.12359695939210073,16.573170731707318,5.305553781977314,22.158536585365855,6.370203617489367,0.7481219512195122,0.11536708885643024,10.317073170731707,3.6307263796605027,32.03658536585366,5.188889179041675,42.353658536585364,5.692472723617018,20.926829268292682,4.259428141657939,13.817073170731707,4.213816336533515,7.024390243902439,2.671179559837058,4.146341463414634,2.2777612531623475,19.25609756097561,4.27687140646073,-2.8780487804878048,15.405939406126633,0.36,-0.6000000000000002,-0.9600000000000002,0.625,24,-7.390000000000001,40,-5.490020035844138
1610612751,BKN,Brooklyn Nets,2016,2015-16,82,98.64634146341463,11.53028428034916,106.0,10.055402085998905,96.3780487804878,4.302282609489069,102.27073170731705,10.185907570670444,109.80731707317074,9.751261779548592,-7.53048780487805,10.762425366018048,48.18292682926829,0.944484296943331,38.24390243902439,4.6096007582933005,84.39024390243902,7.309314364766852,0.45398780487804885,0.04744288155178569,6.475609756097561,2.9906257231890354,18.390243902439025,4.998162866348255,0.3484390243902439,0.11869933981750071,15.682926829268293,5.904336236160816,20.71951219512195,6.8390209216316995,0.7521341463414634,0.12260654345770045,10.524390243902438,4.086187542924703,31.878048780487806,4.635851284650269,42.40243902439025,6.3515522669611855,22.304878048780488,3.694136242416742,14.78048780487805,3.8554895615354354,7.646341463414634,2.9202230221760828,4.048780487804878,2.089966855572679,18.0,3.634539385288028,-7.353658536585366,10.583439137668279,-8.620000000000001,-16.339999999999996,-7.719999999999995,0.45,20,-8.082222222222219,45,-8.619502054399296
1610612751,BKN,Brooklyn Nets,2017,2016-17,82,105.76829268292683,11.883486602811695,112.5,10.723517480775318,102.08536585365853,4.303892064345443,103.60487804878052,10.663296949667872,110.18780487804878,10.434858369715673,-6.573170731707317,12.830452286327453,48.18292682926829,1.2285497701720607,37.829268292682926,4.359762361993633,85.20731707317073,6.571050999007446,0.44541463414634147,0.05330345255987431,10.695121951219512,3.335884299405237,31.597560975609756,5.488168544944438,0.33720731707317075,0.08633808621335455,19.414634146341463,6.038868382899243,24.634146341463413,7.251244584738712,0.787280487804878,0.08157179287199529,8.792682926829269,3.5407253385309043,35.109756097560975,5.103874339470997,43.90243902439025,6.61388318371598,21.414634146341463,3.9905790894852484,16.536585365853657,3.300561575678437,7.2317073170731705,2.602462179314162,4.719512195121951,2.1958118959887005,21.048780487804876,4.1002933921655895,-6.7317073170731705,13.201242721606198,-4.68,-0.2900000000000006,4.389999999999999,0.23809523809523808,21,-12.468421052631578,38,-9.398654143311159
1610612751,BKN,Brooklyn Nets,2018,2017-18,82,106.59756097560975,10.656082429446089,110.34146341463415,11.474307867660468,100.46341463414635,6.232521480010763,106.19390243902441,9.516993865568997,109.75487804878048,10.136660667651707,-3.5548780487804876,12.497438280111297,48.426829268292686,1.6103867168783477,38.24390243902439,4.108290250272953,86.7560975609756,7.504008765048179,0.4421463414634145,0.044350768487842585,12.695121951219512,3.462993154755372,35.65853658536585,6.806350542583119,0.35589024390243895,0.06778524660078991,17.414634146341463,5.579838529262903,22.5609756097561,7.262447910568362,0.7791463414634145,0.099783608088904,9.658536585365853,3.389233178121863,34.78048780487805,4.891475048916271,44.4390243902439,6.016638577908394,23.670731707317074,4.789533027184216,15.182926829268293,3.688915825806898,6.2439024390243905,2.7422662323577884,4.7560975609756095,2.8308746439260797,20.585365853658537,4.334618668383773,-3.7439024390243905,12.28550382914935,-3.5799999999999996,-1.1799999999999993,2.4000000000000004,0.4444444444444444,27,-4.702,50,-5.29970751268421
1610612751,BKN,Brooklyn Nets,2019,2018-19,82,112.2439024390244,13.113522354179834,112.3170731707317,14.057973484411155,103.07317073170732,6.34556418957929,108.86707317073171,10.41080937399876,108.94999999999999,11.787912306392931,-0.08658536585365846,12.603759601704603,48.73170731707317,2.6201912119830504,40.25609756097561,5.395038817489287,89.73170731707317,8.533230295222545,0.44962195121951226,0.05059440271679463,12.768292682926829,3.8177583122250005,36.15853658536585,6.6415629429980925,0.3527804878048781,0.08327524262544668,18.963414634146343,6.2250888673337785,25.463414634146343,8.288315622045737,0.746719512195122,0.08307385891077294,10.975609756097562,4.121535162138393,35.59756097560975,5.877052583067239,46.573170731707314,7.272526498693183,23.829268292682926,4.534653615063875,15.073170731707316,3.7277090167689715,6.573170731707317,2.533871715719915,4.134146341463414,2.2812287955893327,21.5,4.519505053202831,-0.07317073170731707,12.845502155416572,-1.3399999999999999,2.0100000000000002,3.35,0.6785714285714286,28,-4.123684210526315,38,-2.161226423212575
1610612751,BKN,Brooklyn Nets,2020,2019-20,72,111.77777777777777,12.001434447389704,112.34722222222223,12.528457434832134,102.83333333333333,5.477225575051661,108.76805555555556,10.92352193100521,109.24305555555556,11.32358658143667,-0.4694444444444442,13.80686335643795,48.55555555555556,1.582375544258471,40.388888888888886,5.562843420145663,90.25,7.672430982622039,0.4484444444444444,0.05714298569178477,13.069444444444445,3.416308809840535,38.138888888888886,6.789190985750921,0.3450972222222222,0.07746424158648711,17.930555555555557,5.8510294962411695,24.055555555555557,7.261491890496288,0.7465,0.09417050762867456,10.63888888888889,3.5297749820774915,37.263888888888886,5.900568259947286,47.90277777777778,6.778507298023539,24.458333333333332,4.764710357275917,15.26388888888889,4.550168099527677,6.444444444444445,2.674284892641574,4.486111111111111,2.5119043645760506,20.97222222222222,3.8819634288073614,-0.5694444444444444,14.052042494903018,-1.8700000000000003,1.14,3.0100000000000002,0.5,22,-4.575757575757577,33,-2.7311783678117725
1610612751,BKN,Brooklyn Nets,2021,2020-21,72,118.56944444444444,12.147945272139575,114.06944444444444,12.30747670262278,101.11111111111111,5.247549543628202,117.28194444444443,10.447431470696435,113.08055555555556,10.605747032130559,4.204166666666667,13.387795971925904,48.34722222222222,1.5305317332683668,43.138888888888886,5.088804490487919,87.34722222222223,7.019409152580451,0.49538888888888877,0.056794801278542834,14.166666666666666,4.14525012412391,36.111111111111114,5.798386263011984,0.3890277777777778,0.08704021609306463,18.125,5.656698634063841,22.541666666666668,6.618236648687335,0.8035833333333333,0.09128437997910166,8.88888888888889,3.0881671283841734,35.541666666666664,5.26465091870056,44.43055555555556,6.1571586388457105,26.791666666666668,5.112639680932175,13.541666666666666,3.9997799235232576,6.722222222222222,2.8295334917451798,5.263888888888889,2.3012125129448515,19.041666666666668,3.987436254954296,4.5,13.352216675175889,7.08,4.14,-2.9400000000000004,0.6521739130434783,23,1.318181818181818,33,3.270635764840649
1610612751,BKN,Brooklyn Nets,2022,2021-22,82,112.90243902439025,11.04157100570448,112.1219512195122,11.003243342168426,99.71951219512195,4.281093636218632,113.28170731707316,10.564897948111941,112.41341463414633,11.069552972507122,0.8731707317073172,14.632131468238802,48.18292682926829,0.944484296943331,41.97560975609756,4.455474118834868,88.42682926829268,6.999171887180174,0.476719512195122,0.057025286656689655,11.463414634146341,3.655522194887354,31.73170731707317,5.913050601800391,0.3596463414634146,0.08768241964524545,17.48780487804878,5.818751939574061,21.71951219512195,6.7041067020662,0.8039999999999999,0.10609127214192202,10.292682926829269,3.954955650133099,34.09756097560975,5.2437140642481745,44.390243902439025,6.038469468335837,25.25609756097561,4.531946889323428,14.060975609756097,3.497256635522537,7.097560975609756,2.5896744449455364,5.463414634146342,2.919475354318744,20.365853658536587,3.8377983500765964,0.7804878048780488,14.669212228795033,2.61,3.7600000000000002,1.1500000000000004,0.6190476190476191,21,-2.5625000000000004,48,-1.559695896792194
1610612751,BKN,Brooklyn Nets,2023,2022-23,82,113.35365853658537,11.119299151041774,112.5,13.462568133188435,98.91463414634147,5.07767133249041,114.74146341463414,11.202666693330427,113.52439024390245,12.394030432605371,1.2097560975609756,15.59979114893512,48.1219512195122,0.7760336619661978,41.451219512195124,5.096966996999633,85.09756097560975,5.690819455621747,0.48848780487804877,0.06257484287278754,12.78048780487805,3.266078519403839,33.792682926829265,5.6146585153420006,0.3801341463414634,0.0879355490967179,17.670731707317074,5.256518300470357,22.085365853658537,6.218652189155126,0.801109756097561,0.09129209749007472,8.21951219512195,4.331978107863651,32.292682926829265,4.67060099994557,40.51219512195122,6.016938851828442,25.524390243902438,4.6247471996471745,13.74390243902439,3.498892154861593,7.134146341463414,2.8793097386200697,6.170731707317073,2.6934070307517985,21.097560975609756,4.305063788683175,0.8536585365853658,15.346308480567197,-0.41,4.959999999999999,5.369999999999999,0.56,25,-3.0979591836734692,49,-0.7599529581049465
1610612751,BKN,Brooklyn Nets,2024,2023-24,82,110.36585365853658,13.774652150049487,113.2560975609756,12.08489617030922,98.17073170731707,4.92362628093267,112.46341463414636,13.097115997638017,115.35975609756098,10.954596078743348,-2.901219512195122,16.039499806726674,48.30487804878049,1.203790560412963,40.65853658536585,5.486728122141583,89.10975609756098,8.308861991518343,0.45710975609756105,0.05095095828889836,13.28048780487805,3.9480402709864704,36.707317073170735,7.2307433575782305,0.36181707317073175,0.07684024280794993,15.768292682926829,5.212280798571359,20.865853658536587,7.200415274584371,0.7619390243902439,0.09409941519359817,11.439024390243903,4.263243884549752,32.6219512195122,5.313946811329642,44.0609756097561,7.259472417274932,25.634146341463413,4.544735647073058,13.121951219512194,3.3971311204372046,6.780487804878049,2.784544603341378,5.170731707317073,2.6331452255776235,18.48780487804878,4.009999545700613,-2.8902439024390243,15.408836728400143,-0.8899999999999999,-5.000000000000001,-4.110000000000001,0.4090909090909091,22,-7.890384615384617,52,-6.282684740395691
1610612751,BKN,Brooklyn Nets,2025,2024-25,82,105.10975609756098,11.46115941990247,112.21951219512195,11.863445661736948,97.1951219512195,5.05632234573278,108.25243902439026,11.351056138492094,115.41829268292682,10.836268867788744,-7.160975609756098,13.802261007276236,48.24390243902439,1.0836720337741033,37.63414634146341,4.39840654401886,86.09756097560975,6.274797239550506,0.4382195121951219,0.05025933348372464,13.573170731707316,4.049174547201034,39.41463414634146,6.554521989167017,0.3423536585365854,0.07818565621839926,16.26829268292683,5.300940472084909,20.682926829268293,6.160162834108211,0.7851585365853659,0.09742796889886346,10.902439024390244,4.029550586397302,30.402439024390244,4.297170346875165,41.30487804878049,6.07299024194601,25.158536585365855,4.681113912479374,15.170731707317072,3.7078657734331553,7.7926829268292686,2.761006279601914,4.2926829268292686,2.5458162477600834,20.70731707317073,4.4263180498547925,-7.109756097560975,13.588308425470151,-0.8400000000000004,-13.14,-12.3,0.4444444444444444,27,-7.866666666666666,45,-8.281638352668027
1610612752,NYK,New York Knicks,2013,2012-13,82,99.95121951219512,10.43368528459078,95.71951219512195,11.11474872704199,91.0,4.15739709641549,109.94024390243902,11.420588510014964,105.32926829268291,10.493154591692388,4.615853658536585,14.405095716294417,48.1219512195122,0.7760336619661978,36.53658536585366,4.565558454208591,81.57317073170732,6.507413602780394,0.44928048780487817,0.05656205472158,10.865853658536585,3.512806184087269,28.914634146341463,5.506900765161667,0.37320731707317073,0.08871646301559248,16.01219512195122,5.609722385769906,21.085365853658537,6.720525441524469,0.7565121951219513,0.09994631199569949,10.853658536585366,3.7089213473698264,29.70731707317073,4.465195459418997,40.5609756097561,6.226382658634422,19.25609756097561,4.531946889323429,12.048780487804878,3.3734710813055293,8.195121951219512,2.486700547829176,3.5853658536585367,1.9935155342977138,20.121951219512194,4.004288577255236,4.2317073170731705,13.327127056031248,11.07,8.780000000000001,-2.289999999999999,0.5714285714285714,21,-0.24666666666666673,30,3.143082208421646
1610612752,NYK,New York Knicks,2014,2013-14,82,98.58536585365853,11.167580083716752,99.3780487804878,11.529500801783739,92.14634146341463,5.09447037729862,107.16097560975611,12.424445796792003,108.08414634146344,11.072627461081675,-0.925609756097561,17.191900267532745,48.426829268292686,1.7918229065718263,36.91463414634146,4.912069337167445,82.1829268292683,6.778921668099896,0.450609756097561,0.059960430593657466,9.25609756097561,3.4383852641803023,24.853658536585368,5.975509588723478,0.3689390243902439,0.09696013531865424,15.5,5.471023557382302,20.365853658536587,6.5536950186953975,0.7599268292682927,0.10289030242463192,10.609756097560975,3.1807914907579855,29.71951219512195,4.740876593017352,40.329268292682926,5.864845841277092,20.01219512195122,4.203155494340597,12.963414634146341,3.6866295690023505,7.695121951219512,3.117806384561261,4.475609756097561,2.2945217084440337,22.134146341463413,4.13286196572091,-0.7926829268292683,15.920122994808438,-5.7,4.64,10.34,0.4,25,-7.323684210526319,38,-3.504133910416788
1610612752,NYK,New York Knicks,2015,2014-15,82,91.89024390243902,10.490449622066278,101.20731707317073,10.387240279028536,92.90243902439025,5.073800426489104,98.98902439024391,10.579610089871874,109.03658536585368,9.846657792256613,-10.04268292682927,12.319993090504363,48.426829268292686,1.6103867168783477,35.146341463414636,4.557240748521846,82.02439024390245,7.560416099588434,0.4298170731707317,0.05258857972272915,6.829268292682927,2.5033551710285873,19.682926829268293,4.634487063339259,0.3532682926829268,0.11484052805289965,14.768292682926829,5.536185745135106,19.20731707317073,6.548466609463659,0.7671341463414634,0.10206845466115666,10.573170731707316,3.928466819350487,29.79268292682927,4.336858409169752,40.36585365853659,6.323603042183302,21.29268292682927,4.4095513751766395,14.707317073170731,4.321887461695036,7.012195121951219,2.5361285867185384,4.658536585365853,2.690722571250167,21.5609756097561,4.472405271548858,-9.317073170731707,11.649064020876578,-7.07,-8.389999999999999,-1.3199999999999985,0.2727272727272727,22,-12.259459459459459,37,-11.691394123099283
1610612752,NYK,New York Knicks,2016,2015-16,82,98.35365853658537,11.333738501711302,101.08536585365853,9.344175210168407,94.67073170731707,4.899117779105758,103.89878048780488,10.817150236322417,106.77682926829269,9.424492635005926,-2.8768292682926835,13.316557027133948,48.30487804878049,1.437496317893246,36.853658536585364,4.619128107614667,83.97560975609755,5.717583038001885,0.44009756097560987,0.05676627623364516,7.439024390243903,2.8764585606696342,21.48780487804878,4.202421120032994,0.34296341463414637,0.10398236378501781,17.20731707317073,5.426814550897088,21.378048780487806,6.684495131128822,0.8104024390243901,0.09684273362367521,10.365853658536585,3.5259608448697146,34.0,4.447221354708778,44.36585365853659,5.2293384023667775,20.51219512195122,3.9510708110650183,13.402439024390244,3.6543893989218117,5.695121951219512,2.432744852180041,5.682926829268292,2.210402168761686,19.70731707317073,4.026111701019685,-2.731707317073171,12.573781049811062,-0.6800000000000002,-3.55,-2.8699999999999997,0.3888888888888889,18,-7.113636363636365,44,-5.584281519006609
1610612752,NYK,New York Knicks,2017,2016-17,82,104.34146341463415,9.673968522161976,108.01219512195122,11.116103214593986,97.4390243902439,5.672323017878201,107.16951219512192,8.923802115889456,110.73536585365852,9.807887628895523,-3.568292682926829,10.787462751019682,48.426829268292686,2.383225782628378,39.5609756097561,4.335035451962088,88.48780487804878,7.784511216193193,0.4482682926829268,0.04346874818365511,8.585365853658537,2.735009510951008,24.658536585365855,5.466439724727337,0.34887804878048784,0.08550812397241295,16.634146341463413,6.389637048217169,21.109756097560975,7.491569084456513,0.7863780487804879,0.1142813984457385,11.987804878048781,4.200217226713501,33.207317073170735,4.888226735153844,45.19512195121951,6.708091712953002,21.78048780487805,4.064372122082699,13.890243902439025,3.4390857870789278,7.085365853658536,2.49048172994999,5.548780487804878,2.685822121760492,20.341463414634145,4.1787809439664745,-3.6707317073170733,10.538647133698513,-5.95,-3.87,2.08,0.4642857142857143,28,-7.184210526315789,38,-5.459847982525906
1610612752,NYK,New York Knicks,2018,2017-18,82,104.46341463414635,11.018721578902129,108.02439024390245,11.69992678014031,98.28048780487805,4.392120864119591,106.30609756097559,10.352054099990484,109.67804878048781,10.749493521117822,-3.3743902439024382,14.162581641756201,48.36585365853659,1.5276237912050157,40.65853658536585,4.789957375503336,87.71951219512195,7.071546865272879,0.4647439024390244,0.05185564268630867,8.207317073170731,3.094151411930551,23.341463414634145,5.715950202798062,0.3525853658536585,0.10929470311445492,14.939024390243903,5.102281167331812,18.98780487804878,6.021553678428694,0.7868170731707316,0.09789918322069154,10.475609756097562,3.2058034171691303,33.5609756097561,5.173764684612497,44.03658536585366,6.300000238979457,23.317073170731707,4.658400214932287,14.731707317073171,3.7582790272427173,6.7317073170731705,2.315000895863117,5.134146341463414,2.623550488080031,20.51219512195122,3.614934394633847,-3.5609756097560976,14.197980695386168,0.9399999999999998,-4.18,-5.119999999999999,0.36363636363636365,22,-5.476,50,-5.712401223596871
1610612752,NYK,New York Knicks,2019,2018-19,82,104.57317073170732,10.873038903983002,113.78048780487805,10.40301996780102,100.53658536585365,4.54387424282385,104.00731707317075,9.635707518376888,112.90121951219511,9.094110071942291,-8.898780487804878,11.810065741367278,48.24390243902439,1.3385174737004315,38.21951219512195,4.719343933908199,88.3048780487805,6.75805696450996,0.43348780487804883,0.048139007540390806,10.036585365853659,3.0568487039425984,29.524390243902438,4.912130637654614,0.3391463414634146,0.08155178949088679,18.097560975609756,5.800403894190667,23.853658536585368,7.269285887490052,0.7600121951219512,0.09623909191386784,10.451219512195122,3.464644848541933,34.28048780487805,5.34090756204123,44.73170731707317,6.701849349500673,20.073170731707318,3.854708481411228,14.036585365853659,4.0290461510988465,6.7926829268292686,2.921769313774581,5.146341463414634,2.753771605417336,20.890243902439025,4.4969292610939915,-9.207317073170731,12.010014139318008,-3.53,-10.49,-6.960000000000001,0.4,20,-13.782500000000002,40,-10.96661644540743
1610612752,NYK,New York Knicks,2020,2019-20,66,105.8030303030303,13.263274566050882,112.25757575757575,13.679080722667347,99.9090909090909,6.671932652139507,105.92575757575759,11.317315672571567,112.28939393939393,10.760485101845532,-6.3530303030303035,13.969694888986492,48.378787878787875,1.595813286891686,39.96969696969697,5.689314402307045,89.33333333333333,6.594480986945029,0.4474393939393939,0.05318389831167926,9.56060606060606,3.0990260895905193,28.363636363636363,5.963056427541329,0.3382727272727273,0.09313142829927468,16.303030303030305,5.3836495970375875,23.484848484848484,7.489977763636345,0.6968787878787879,0.08980825988250493,12.045454545454545,3.7720911082145574,34.45454545454545,5.466490417307752,46.5,7.2499336866993795,22.060606060606062,4.832195831101689,14.333333333333334,4.039548083381199,7.636363636363637,3.335756694855416,4.742424242424242,2.4701952963004365,22.181818181818183,4.5873038533932595,-6.454545454545454,14.058320085855337,-10.29,-3.7400000000000007,6.549999999999999,0.5,20,-11.770967741935484,31,-9.747789907311558
1610612752,NYK,New York Knicks,2021,2020-21,72,107.02777777777777,12.5966374031094,104.72222222222223,11.593128394790199,97.13888888888889,4.358270607902381,110.17361111111111,11.81833134542679,107.77777777777779,11.009397038947654,2.3916666666666666,15.017686755720995,48.416666666666664,1.391624848265458,39.43055555555556,4.805590608391611,86.45833333333333,5.0711487156042505,0.45670833333333327,0.05438320927183524,11.76388888888889,3.7622777621158465,30.041666666666668,5.692687426940379,0.3912777777777778,0.10147270808021741,16.40277777777778,5.703124229585987,20.916666666666668,6.913448824420943,0.7859166666666666,0.0967675812900808,9.666666666666666,3.314500790912222,35.47222222222222,4.285488853151427,45.138888888888886,5.45482227684711,21.40277777777778,3.6256508778355814,12.944444444444445,3.6805116334816894,7.041666666666667,2.718934650520828,5.069444444444445,2.3873279829714558,20.458333333333332,3.642230782147465,2.3055555555555554,14.569540761357926,-3.72,4.35,8.07,0.5,20,-0.918181818181818,33,0.37365065193031355
1610612752,NYK,New York Knicks,2022,2021-22,82,106.47560975609755,10.68774030529765,106.59756097560975,12.330690163313792,97.04878048780488,5.483763776923296,109.72560975609754,9.461602857653297,110.14268292682925,10.986130768211714,-0.42195121951219533,13.893928191486513,48.24390243902439,1.3385174737004315,37.65853658536585,4.4644536037600915,86.20731707317073,6.271113089372963,0.43697560975609767,0.04205257603118001,13.195121951219512,3.4585339946792053,36.9390243902439,6.435525554287824,0.3566829268292683,0.07073230320902776,17.963414634146343,5.9575558870180725,24.146341463414632,7.352033314483273,0.7431951219512194,0.12014573856125481,11.475609756097562,3.7555739965230925,34.646341463414636,5.3016930704094385,46.1219512195122,6.650703562340928,21.865853658536587,4.180383924485592,13.25609756097561,3.0380751525167473,6.951219512195122,2.552667155259475,4.865853658536586,2.566460766738637,20.390243902439025,4.048337862129347,-0.12195121951219512,13.285460579611303,1.5899999999999999,5.140000000000001,3.5500000000000007,0.4117647058823529,17,-2.940384615384616,52,-2.6410680002424134
1610612752,NYK,New York Knicks,2023,2022-23,82,116.02439024390245,11.873796869272406,113.09756097560975,13.067356138364536,99.1951219512195,5.620594899295032,116.98048780487807,10.074223788674434,114.1987804878049,11.5198111042302,2.779268292682927,12.723272521467322,48.670731707317074,1.88597735116456,42.0,5.370242654930921,89.36585365853658,7.489106813713413,0.4710731707317074,0.05569267090283495,12.646341463414634,3.4618625944286125,35.73170731707317,6.016538483271468,0.3538414634146341,0.08005900131564932,19.378048780487806,5.076307212055958,25.451219512195124,5.531397338749111,0.7587926829268292,0.09590501188063193,12.573170731707316,4.067427032148068,34.02439024390244,4.441598004489363,46.59756097560975,5.8348881654787075,22.926829268292682,4.799126689600566,12.987804878048781,3.608952867656152,6.426829268292683,2.897553194283186,4.146341463414634,2.2668951476321806,20.317073170731707,4.817350454553556,2.926829268292683,12.65865291119266,-0.45,3.029999999999999,3.479999999999999,0.5833333333333334,24,1.0979166666666667,48,1.6316313468170045
1610612752,NYK,New York Knicks,2024,2023-24,82,112.79268292682927,12.21993696300046,108.20731707317073,14.174170391712002,96.13414634146342,5.008048325216372,117.37682926829265,11.781931120722687,112.35243902439024,13.30899840041173,5.024390243902439,15.562693290787218,48.1219512195122,0.776033661966198,41.28048780487805,5.089991123337242,88.6829268292683,6.150134092245846,0.4662926829268293,0.05554277359734458,13.207317073170731,3.358195447506819,35.80487804878049,5.306504334922307,0.36946341463414634,0.08231049242657323,17.024390243902438,4.983864358567055,21.817073170731707,6.142601790773356,0.7818414634146342,0.0982196416845775,12.670731707317072,3.624521690193885,32.5,5.560553307578281,45.170731707317074,6.874186601577181,24.365853658536587,4.818975340914754,13.231707317073171,3.817758312225,7.463414634146342,2.4251517552171,4.097560975609756,2.3233105163742818,17.646341463414632,3.563781980623962,4.585365853658536,14.945126972858713,4.85,3.0799999999999996,-1.77,0.5,18,0.31836734693877566,49,1.461280826788008
1610612752,NYK,New York Knicks,2025,2024-25,82,115.78048780487805,12.810127542703986,111.6829268292683,12.771378154681999,98.6951219512195,4.940857686303292,117.22560975609755,10.62607799586586,113.29024390243904,11.651806512361317,3.9390243902439033,15.889477503452753,48.48780487804878,1.4927305532705053,43.329268292682926,5.312586680306718,89.20731707317073,7.160829327923933,0.486670731707317,0.0539142105177688,12.573170731707316,4.103688457734717,34.073170731707314,7.128070900363875,0.36623170731707316,0.08282560866887771,16.548780487804876,5.237925418709228,20.682926829268293,6.174175706027561,0.8012926829268293,0.09542891967968388,10.853658536585366,3.6788415756530464,31.79268292682927,4.7964436539361035,42.646341463414636,5.7270679616640505,27.48780487804878,5.801753465125812,13.268292682926829,3.3149447623567823,8.182926829268293,2.8420478131723477,3.951219512195122,2.2382888030891652,17.158536585365855,3.4407489573541796,4.097560975609756,15.850076726922255,4.609999999999999,4.28,-0.3299999999999992,0.6666666666666666,18,0.8641025641025646,39,1.054951073146913
1610612753,ORL,Orlando Magic,2013,2012-13,82,94.1219512195122,11.871108452828894,101.10975609756098,11.622674834570033,93.2439024390244,4.7572192718268616,100.93780487804878,11.64701668201291,108.4451219512195,12.023794849278527,-7.508536585365854,13.164300783403917,48.24390243902439,1.0836720337741033,37.71951219512195,4.929814536475685,84.1951219512195,6.5667306339998595,0.4484999999999999,0.051919750517766934,6.170731707317073,2.9051035469477515,18.74390243902439,5.49480332635324,0.32241463414634147,0.11989120080352607,12.512195121951219,4.175897633788111,16.573170731707318,5.289240155946876,0.7605487804878048,0.1296675856807406,10.853658536585366,3.4359104000286433,31.853658536585368,4.527343404438893,42.707317073170735,5.631673664959094,22.817073170731707,5.4163174788427035,14.524390243902438,3.2326483037451066,6.439024390243903,2.277629051922899,4.365853658536586,2.555614468509113,19.402439024390244,5.330693226402533,-6.987804878048781,12.313290924588609,-7.149999999999999,-8.26,-1.1100000000000012,0.3333333333333333,15,-9.360606060606061,33,-8.517639572626926
1610612753,ORL,Orlando Magic,2014,2013-14,82,96.51219512195122,11.265860043927345,101.95121951219512,10.89104563564212,95.57317073170732,5.6873923548187975,100.85243902439024,8.58494556034072,106.66341463414633,9.812533081741789,-5.815853658536587,12.047554636483726,48.670731707317074,2.454800678583666,36.853658536585364,5.2590238760512245,82.73170731707317,7.221450865625076,0.4460243902439024,0.05408885593209899,6.865853658536586,2.381835556938197,19.463414634146343,4.745875719451001,0.3536585365853658,0.09466708652908915,15.939024390243903,5.05121318021625,20.902439024390244,6.314024671947716,0.7645243902439024,0.10851082048903628,9.682926829268293,3.445799191574288,32.36585365853659,5.836268457600625,42.048780487804876,6.760273277813973,21.048780487804876,4.245265886260444,14.902439024390244,3.670401317236224,7.682926829268292,2.600465527082201,4.2682926829268295,2.2773646264211176,20.463414634146343,4.343847989607859,-5.439024390243903,11.351942848862578,0.37000000000000083,-6.63,-7.000000000000001,0.3181818181818182,22,-9.913157894736845,38,-7.513889716202831
1610612753,ORL,Orlando Magic,2015,2014-15,82,95.6951219512195,9.340855466665879,101.41463414634147,9.55807617854498,94.79268292682927,4.783556724369479,101.04024390243904,9.428258807293531,106.86341463414635,8.918831681711275,-5.817073170731708,10.910396048961617,48.18292682926829,0.944484296943331,37.51219512195122,4.217084307933957,82.82926829268293,5.89371893754569,0.45359756097560966,0.046476825436121305,6.7560975609756095,2.385972253674091,19.48780487804878,4.1699806152820145,0.3478658536585367,0.09659202254654699,13.914634146341463,4.706709735172259,19.085365853658537,6.34054408132415,0.7363536585365854,0.12723443628425962,10.024390243902438,3.9595972165656583,31.79268292682927,3.9275469203821958,41.81707317073171,5.696280026712881,20.634146341463413,4.6414987871015825,14.890243902439025,3.858631810104459,7.890243902439025,2.689743195603568,3.8292682926829267,2.176217570645156,20.902439024390244,4.232763904827891,-5.719512195121951,10.462483700881329,-2.7399999999999993,-4.26,-1.5200000000000005,0.5,24,-8.664102564102564,39,-7.428504746750635
1610612753,ORL,Orlando Magic,2016,2015-16,82,102.0609756097561,12.045538655683714,103.6829268292683,11.370177636082097,97.78048780487805,6.081797147984481,104.42804878048781,10.88640872423828,106.08902439024394,10.418490283010083,-1.6695121951219514,13.447893855240855,48.548780487804876,1.7578918281892588,39.53658536585366,4.999247158017265,86.82926829268293,7.396704100933064,0.45673170731707324,0.05621257026954328,7.7560975609756095,2.7736011961532285,22.170731707317074,5.108223527425433,0.3497560975609756,0.09976559700155552,15.231707317073171,6.0047281380629185,20.109756097560975,7.445283696575519,0.7581585365853658,0.10888780832935453,10.28048780487805,4.234701995852436,33.03658536585366,5.33899033769083,43.31707317073171,6.789385413340168,23.573170731707318,4.881384360930083,14.085365853658537,3.356222227784749,8.207317073170731,3.2077752949151335,5.085365853658536,2.5200490859034557,20.74390243902439,4.322810515833009,-1.6219512195121952,13.058879240192734,0.5399999999999998,5.51,4.97,0.34782608695652173,23,-6.259090909090909,44,-3.8163266415422674
1610612753,ORL,Orlando Magic,2017,2016-17,82,101.07317073170732,13.148515841519465,107.64634146341463,12.353209160915284,97.42682926829268,5.416095098744017,103.68658536585367,11.83788396793539,110.30243902439024,11.521262958137752,-6.614634146341463,15.293814790697347,48.30487804878049,1.437496317893246,38.28048780487805,5.35475879329941,86.98780487804878,6.197358860865351,0.4400487804878048,0.053427440685920154,8.548780487804878,2.948749218095617,26.085365853658537,5.1308825787907235,0.3287073170731707,0.0987861498520394,15.963414634146341,6.16330262987609,21.378048780487806,7.56150132702354,0.7483780487804879,0.10640356907639481,9.841463414634147,3.2373953567916063,33.34146341463415,5.228647376476432,43.18292682926829,6.122470349439443,22.195121951219512,5.162636479265518,13.304878048780488,3.7832934388180295,7.073170731707317,2.265034749167275,4.829268292682927,2.3083577511679803,19.317073170731707,3.8869139390895433,-6.573170731707317,14.88808495989192,-9.700000000000001,-7.369999999999999,2.330000000000002,0.4,15,-8.868421052631577,38,-8.687465322547528
1610612753,ORL,Orlando Magic,2018,2017-18,82,103.40243902439025,11.79229687476769,108.21951219512195,11.841571874141824,98.73170731707317,4.181230194329235,104.68414634146342,10.582404094664135,109.39756097560976,11.036303456217464,-4.713414634146342,13.230797986395991,48.1219512195122,0.7760336619661978,38.80487804878049,4.476106730901954,85.8780487804878,5.551977167345601,0.45296341463414624,0.05370597711912319,10.292682926829269,3.386566799628627,29.329268292682926,4.7115693646329415,0.3480121951219512,0.09071138520052757,15.5,5.407470826619478,20.463414634146343,6.833460020417724,0.7618658536585365,0.11687703385120135,8.804878048780488,3.0487359225890707,32.829268292682926,4.750061411035848,41.63414634146341,5.751032532354197,23.426829268292682,5.137685715738234,14.536585365853659,3.482567245019038,7.585365853658536,2.779782474446406,4.878048780487805,2.1908352536651856,19.25609756097561,4.159804647626344,-4.817073170731708,13.160104364459608,3.2,-4.109999999999999,-7.31,0.4117647058823529,17,-7.73469387755102,49,-6.143698393646005
1610612753,ORL,Orlando Magic,2019,2018-19,82,107.3170731707317,12.774277828666584,106.60975609756098,11.919230335538828,99.1829268292683,4.486269997270238,108.23902439024391,12.27140363546823,107.63658536585366,11.729834413017953,0.6121951219512198,15.856559107413231,48.24390243902439,1.0836720337741033,40.4390243902439,5.188062177720271,89.10975609756098,5.868951780472009,0.4542926829268294,0.054365813469445294,11.426829268292684,2.8459652523185164,32.109756097560975,5.298511548646015,0.3569146341463415,0.07421044504359345,15.012195121951219,5.234014823377359,19.20731707317073,6.15587204336419,0.7820243902439024,0.10165470185937016,10.024390243902438,3.402887698019984,35.390243902439025,5.394913236435417,45.41463414634146,6.651744817997598,25.548780487804876,4.629887978338164,13.195121951219512,3.1834410468115375,6.621951219512195,2.5025431208403104,5.426829268292683,2.2934716140743685,18.609756097560975,3.8095270357451816,0.7073170731707317,15.790673763276327,-8.35,6.31,14.66,0.5217391304347826,23,-3.0323529411764705,34,-1.3234531340205156
1610612753,ORL,Orlando Magic,2020,2019-20,73,107.27397260273973,13.621123581054174,108.28767123287672,11.908772970721575,99.38356164383562,4.7276671983662695,107.85753424657533,11.877837880881577,109.26849315068493,11.635671645518087,-1.4150684931506852,13.571013546371512,48.136986301369866,0.8218385299158136,39.32876712328767,5.387884542915986,88.6027397260274,6.28211687169619,0.4444657534246575,0.05779683819489821,11.054794520547945,3.235610928741554,32.24657534246575,5.301417058773081,0.3424657534246575,0.08770516933196963,17.561643835616437,5.96514482773298,22.684931506849313,6.72655746593053,0.7665753424657533,0.09616607709354502,10.287671232876713,3.1687688288057494,34.21917808219178,4.828292127722188,44.50684931506849,5.664517454370459,23.931506849315067,4.868631929457779,12.835616438356164,3.851456068922134,8.205479452054794,2.98588765933269,5.424657534246576,2.5381413158887773,18.301369863013697,4.316264239629145,-1.0136986301369864,13.474763604074566,-1.2100000000000002,1.2299999999999998,2.44,0.5,18,-7.837837837837838,37,-5.287831251361312
1610612753,ORL,Orlando Magic,2021,2020-21,72,104.0,11.496478334016336,113.30555555555556,11.582695797634162,99.41666666666667,3.935214796292287,104.59583333333333,10.593586120922813,113.89583333333333,11.117229839117956,-9.3,14.88420090632071,48.138888888888886,0.8274439780288528,38.25,4.781861267654949,89.20833333333333,6.474081586940822,0.42919444444444443,0.04804857837849162,10.88888888888889,3.7173197809278693,31.77777777777778,5.704513217489579,0.3390277777777778,0.08612322848763289,16.61111111111111,5.975432226821721,21.430555555555557,6.917677679376465,0.7758333333333334,0.10166598168013681,10.375,3.0043981844463006,35.06944444444444,4.756985638307866,45.44444444444444,5.691329924255776,21.819444444444443,4.697396308741381,12.833333333333334,3.7604315005624733,6.888888888888889,2.8902729319708294,4.416666666666667,2.2812771318085567,17.180555555555557,3.670692412284432,-9.305555555555555,14.783545181644191,-2.45,-15.220000000000002,-12.770000000000003,0.4666666666666667,15,-12.894444444444446,36,-11.169050631679355
1610612753,ORL,Orlando Magic,2022,2021-22,82,104.23170731707317,10.730479009118417,112.23170731707317,12.706855134904622,100.28048780487805,4.211314536991873,103.95121951219512,10.009615672034405,112.03414634146341,11.5528973386156,-8.081707317073171,13.385353411022455,48.24390243902439,1.0836720337741033,38.28048780487805,4.627546053272521,88.29268292682927,6.262740702607762,0.4340365853658536,0.04733475353162864,12.182926829268293,3.435932309299198,36.853658536585364,6.206571489940403,0.32980487804878045,0.07400574535994649,15.487804878048781,4.871798163324651,19.682926829268293,5.747523457613245,0.7877560975609756,0.09506885886200432,9.097560975609756,3.365070234247906,35.18292682926829,4.853732301419106,44.28048780487805,5.767671482236998,23.74390243902439,4.526495321062303,14.487804878048781,3.549452757121531,6.7682926829268295,2.6680495510965105,4.475609756097561,2.1899073195118994,19.658536585365855,4.214084298391956,-8.0,13.450411898782638,-8.79,-9.63,-0.8400000000000016,0.3333333333333333,18,-9.992156862745098,51,-9.419070472792287
1610612753,ORL,Orlando Magic,2023,2022-23,82,111.41463414634147,10.271561146340764,113.97560975609755,11.512715042434548,100.0609756097561,3.982515989212855,111.37439024390243,9.540476616398776,113.67073170731705,10.585553722226472,-2.2902439024390246,12.255042900087583,48.24390243902439,1.0836720337741033,40.52439024390244,4.292472911700366,86.26829268292683,7.187177849764351,0.4714512195121951,0.049951372017149484,10.768292682926829,3.0522154693441657,31.109756097560975,5.6284245489071045,0.34807317073170735,0.08678279690817219,19.597560975609756,5.199382100272218,25.0,6.291283407507585,0.7846341463414634,0.08749638612574087,10.158536585365853,3.539789741245267,33.08536585365854,5.2096804942484685,43.24390243902439,5.97848194037182,23.24390243902439,4.093237348403382,15.073170731707316,3.6574985981107604,7.353658536585366,2.834409169254395,4.658536585365853,2.4856105005357096,20.146341463414632,4.028055779584581,-2.5609756097560976,12.06474054708735,-4.1000000000000005,0.1400000000000002,4.240000000000001,0.4090909090909091,22,-2.8659999999999997,50,-2.9190391060559566
1610612753,ORL,Orlando Magic,2024,2023-24,82,110.46341463414635,11.198759986416508,108.4390243902439,12.189954942721103,97.82926829268293,5.069406856600451,112.90853658536585,9.870997563250976,110.75731707317071,10.978284181839882,2.153658536585366,15.014767998700568,48.24390243902439,1.3385174737004315,40.46341463414634,4.511152495571583,84.92682926829268,6.263317639002035,0.4777682926829269,0.05378817594158734,11.012195121951219,3.487168374211284,31.317073170731707,5.7881915740828465,0.35223170731707315,0.09021377885785803,18.524390243902438,5.459673959776732,24.414634146341463,6.473023258988973,0.7586951219512196,0.0994937418497711,10.5,3.16325352121928,31.804878048780488,4.241007987539801,42.30487804878049,4.893152243067161,24.670731707317074,4.332064994008697,14.707317073170731,3.0891598797117896,8.158536585365853,2.8994231533361554,5.158536585365853,2.3647071292840813,19.73170731707317,4.1337179644450135,2.024390243902439,14.486243461422541,1.9600000000000002,2.7499999999999996,0.7899999999999994,0.47619047619047616,21,-1.9191489361702132,47,-0.7080904581350563
1610612753,ORL,Orlando Magic,2025,2024-25,82,105.42682926829268,12.248487422671026,105.53658536585365,10.788877585474363,96.76829268292683,4.423000435400243,108.99634146341462,12.07932061209837,109.0951219512195,9.978828235214156,-0.10487804878048802,15.260429766281518,48.1219512195122,1.1043152607484656,38.170731707317074,4.908558607793404,85.78048780487805,6.392558154534748,0.44582926829268293,0.05381284551729142,11.231707317073171,3.712836526669732,35.26829268292683,6.530174558549793,0.316609756097561,0.08481566884380067,17.853658536585368,5.5824282322644345,23.048780487804876,7.0183224738025,0.7772317073170733,0.09812152943054761,11.146341463414634,3.213098005903883,30.695121951219512,4.542498970668517,41.84146341463415,5.97002701194361,23.01219512195122,4.657382040119774,14.207317073170731,3.3801811803220954,8.890243902439025,2.8197105952582695,5.951219512195122,2.3980570274234654,20.097560975609756,3.961573936176331,-0.12195121951219512,14.518944834549863,0.010000000000000498,7.130000000000001,7.12,0.55,20,-3.802325581395348,43,-3.4134738766332813
1610612754,IND,Indiana Pacers,2013,2012-13,81,94.74074074074075,11.050766690345265,90.71604938271605,10.640999210484459,91.60493827160494,4.526806303415464,103.34814814814816,10.053843930446591,99.10246913580247,11.134349726282199,4.241975308641975,13.880380616156847,48.370370370370374,1.5365907428821481,35.123456790123456,4.38857242178303,80.55555555555556,7.19027120489902,0.4375802469135803,0.05384140233071824,6.851851851851852,2.6557066437725716,19.74074074074074,4.581969494054325,0.34923456790123464,0.11704457180973177,17.641975308641975,5.882832315252808,23.641975308641975,7.573487707085997,0.749567901234568,0.09369711018377314,12.876543209876543,3.9792672568243725,32.97530864197531,5.51809593211729,45.851851851851855,7.185247231499956,20.308641975308642,4.471135133578055,15.148148148148149,3.9373566993324056,7.160493827160494,2.45181968200894,6.333333333333333,2.806243040080456,20.037037037037038,4.124452825661983,4.0246913580246915,12.948914345073467,-1.6300000000000001,-1.69,-0.05999999999999983,0.4782608695652174,23,-1.4928571428571427,28,1.708452831651844
1610612754,IND,Indiana Pacers,2014,2013-14,82,96.7439024390244,10.524294029998902,92.34146341463415,11.292103120929543,93.36585365853658,5.36682124259088,103.59878048780489,9.412921167957505,98.99268292682926,11.400419967224348,4.6,15.175589560821633,48.24390243902439,1.0836720337741033,35.96341463414634,4.566234426559999,80.15853658536585,7.580790395279604,0.4500365853658537,0.05293798960814325,6.7073170731707314,2.3804128953911365,18.804878048780488,4.606594908564347,0.3563170731707317,0.10131504197106923,18.109756097560975,5.4455919370363635,23.25609756097561,6.388282049653092,0.7791341463414634,0.09414590229212355,10.170731707317072,3.5094401018346146,34.52439024390244,5.359255544754114,44.69512195121951,6.922300738613463,20.134146341463413,4.328379490682029,15.085365853658537,4.160962672065901,6.7073170731707314,2.5067208666227074,5.439024390243903,3.1391496881846637,20.426829268292682,3.4211776465143307,4.402439024390244,14.122794599903054,9.9,-6.760000000000001,-16.66,0.75,20,-0.8457142857142859,35,2.50957377222285
1610612754,IND,Indiana Pacers,2015,2014-15,82,97.32926829268293,9.455620678779239,97.04878048780488,10.809121021612325,94.54878048780488,4.7561589415352215,103.09878048780486,10.308494566270307,102.77439024390245,10.551962089800883,0.32317073170731725,12.674396265169408,48.426829268292686,1.6103867168783477,36.5609756097561,3.978639140058467,83.21951219512195,5.57557369078115,0.4406463414634146,0.05119229589781426,7.463414634146342,2.7585786371899887,21.21951219512195,4.49423331530997,0.3521341463414634,0.10784245049271932,16.74390243902439,5.592788512753637,22.158536585365855,6.8951038491989065,0.7579146341463414,0.1129528691419362,10.439024390243903,3.4715690442546867,34.41463414634146,4.711297741356252,44.853658536585364,5.803621583709739,21.426829268292682,4.397054254684488,13.987804878048781,3.595243436662502,6.158536585365853,2.4669144630045015,4.573170731707317,2.610664206695385,21.24390243902439,4.084178977014876,0.2804878048780488,11.89384568553029,-2.4899999999999998,5.32,7.8100000000000005,0.42857142857142855,28,-3.3157894736842106,38,-2.385920101113934
1610612754,IND,Indiana Pacers,2016,2015-16,82,102.15853658536585,10.399987550081725,100.45121951219512,11.904094574146825,98.39024390243902,4.34544204960138,103.84756097560975,9.708214996700578,102.21341463414632,11.334997287382487,1.6439024390243908,12.267794810854497,48.48780487804878,1.4927305532705053,38.31707317073171,4.115247315012277,85.1829268292683,6.2993788617579325,0.45073170731707307,0.04598014836821062,8.085365853658537,3.22490776789232,23.036585365853657,5.2268185965050336,0.3488292682926829,0.10713540582913775,17.4390243902439,5.613250551372546,22.829268292682926,6.584315216133109,0.763329268292683,0.10024624679751787,10.329268292682928,3.638120794419106,33.890243902439025,5.135223551845772,44.21951219512195,5.754277829524363,21.23170731707317,4.869402530054266,14.865853658536585,3.5961646068491295,9.048780487804878,3.0627287076077594,4.7682926829268295,2.127415289621117,20.01219512195122,4.965296610535286,1.7073170731707317,12.060022526111723,0.5400000000000003,4.16,3.62,0.53125,32,-2.139024390243902,41,-0.25548195654228145
1610612754,IND,Indiana Pacers,2017,2016-17,82,105.09756097560975,10.950629674772763,105.3170731707317,13.896334047866315,97.42682926829268,5.420652067296733,107.93170731707319,10.120116600713876,107.99878048780488,12.494171420389739,-0.06829268292682907,14.09286552754537,48.426829268292686,1.6103867168783477,39.28048780487805,4.579272653021836,84.52439024390245,6.75355527724965,0.46591463414634143,0.050129511580963765,8.646341463414634,3.2293864846358122,22.98780487804878,5.320572470913962,0.37153658536585366,0.10433104897770806,17.890243902439025,6.906797684945232,22.085365853658537,7.932121319667944,0.8060487804878047,0.09546105177454225,9.048780487804878,3.1383822168234756,32.951219512195124,5.288941267304572,42.0,5.929628472945037,22.48780487804878,4.669956254425465,13.78048780487805,3.6346222322896753,8.158536585365853,3.245013314645293,4.987804878048781,2.4570076271708867,19.475609756097562,4.249112063397605,-0.21951219512195122,13.854646134499255,-3.4400000000000004,6.92,10.36,0.5333333333333333,15,-3.721621621621622,37,-2.5507693465224945
1610612754,IND,Indiana Pacers,2018,2017-18,82,105.5609756097561,11.871844023483305,104.1829268292683,10.749824056878289,97.28048780487805,5.257033830724348,108.48536585365851,10.460591796294135,107.26951219512196,9.627977352863729,1.2219512195121953,13.57314000071732,48.18292682926829,0.944484296943331,40.792682926829265,5.383417164530278,86.3780487804878,6.493377906726699,0.47307317073170735,0.05828448335276625,9.036585365853659,3.214339484214945,24.51219512195122,4.595338224065358,0.3657682926829268,0.10776475279606607,14.939024390243903,5.387107519949509,19.182926829268293,6.713038812143527,0.7814512195121952,0.09626970248099025,9.609756097560975,3.1417385199012817,32.73170731707317,4.708932359108787,42.34146341463415,5.944640728213428,22.182926829268293,5.188134726970498,13.268292682926829,3.1935458851700473,8.792682926829269,3.176836709443899,4.146341463414634,2.1030369059154137,18.829268292682926,3.2690274086852376,1.3780487804878048,13.166212128959172,0.49999999999999967,1.0699999999999996,0.57,0.64,25,-1.684782608695652,46,-1.160894548314191
1610612754,IND,Indiana Pacers,2019,2018-19,82,108.01219512195122,11.265038127358473,104.6829268292683,11.338645866828426,98.7439024390244,4.036289016832341,109.42926829268293,10.82444065563562,106.01951219512196,11.078579476444569,3.407317073170732,15.26852471701264,48.0609756097561,0.5521576303742328,41.34146341463415,5.305993611223886,87.01219512195122,6.435806284325113,0.47619512195121955,0.0596873415503067,9.5,3.052018154404527,25.378048780487806,4.5314817675829575,0.3723658536585366,0.09336395161735578,15.829268292682928,5.805074149203236,21.0609756097561,7.4259264891069305,0.7516097560975609,0.10292533025133893,9.292682926829269,3.0771471671577366,33.73170731707317,4.761078777247407,43.02439024390244,5.935820555996455,25.951219512195124,5.0329836499193314,13.682926829268293,4.0517578833386905,8.695121951219512,2.783057313393968,4.926829268292683,2.4382775128664242,19.4390243902439,3.7943999053042736,3.3292682926829267,15.444887985676468,5.840000000000001,-0.05999999999999974,-5.9,0.47368421052631576,19,-2.4657142857142857,35,1.0922117675672978
1610612754,IND,Indiana Pacers,2020,2019-20,73,109.43835616438356,10.294262562452854,107.47945205479452,10.933015225353353,99.98630136986301,4.423714975638975,109.64657534246575,11.103991802147611,107.58356164383562,10.755593037250565,2.0534246575342467,14.008698509931653,48.273972602739725,1.1457684705593247,42.12328767123287,4.763708888505806,88.45205479452055,5.939605991165507,0.47783561643835615,0.057858067165029455,10.178082191780822,3.1900124771326204,28.027397260273972,5.262478827457345,0.3623835616438356,0.08341056923052816,15.013698630136986,5.896074849434747,19.08219178082192,7.121472664214455,0.7831369863013699,0.09667389557287903,8.712328767123287,3.276513441885353,34.0958904109589,5.338966773641288,42.80821917808219,6.663869276109154,25.863013698630137,4.6016756262533525,13.246575342465754,4.020022187327551,7.438356164383562,2.7838138376149,5.1506849315068495,2.553163793744235,19.794520547945204,4.333201613733933,1.9589041095890412,14.06674403233502,3.8200000000000003,1.36,-2.46,0.6,20,-2.3636363636363633,33,-0.8556062236841622
1610612754,IND,Indiana Pacers,2021,2020-21,72,115.30555555555556,13.132733953578047,115.34722222222223,13.038577346379759,103.04166666666667,5.773756801739557,111.8638888888889,10.61873584098973,111.7611111111111,9.845518828460232,0.10694444444444488,13.59691686664886,48.486111111111114,1.4916958451784639,43.263888888888886,5.548741909317178,91.20833333333333,6.696514754643264,0.4754027777777778,0.059856085556029864,12.347222222222221,3.619819162171387,33.958333333333336,6.400786703408825,0.36469444444444443,0.0861812108029451,16.430555555555557,5.469058648790701,20.73611111111111,6.461136374902334,0.7906527777777778,0.08713000804564654,9.0,2.706278563262073,33.666666666666664,5.090726171947032,42.666666666666664,5.976479721303749,27.40277777777778,4.778648881537578,13.541666666666666,3.4270567999172634,8.48611111111111,3.0023139224419704,6.388888888888889,2.7657643191657852,20.180555555555557,3.795202267388556,-0.041666666666666664,14.054659394813712,4.139999999999999,4.980000000000001,0.8400000000000025,0.42105263157894735,19,-4.258333333333334,36,-2.7175092744418836
1610612754,IND,Indiana Pacers,2022,2021-22,82,111.46341463414635,11.679035900036915,114.9390243902439,13.967641229125647,99.58536585365853,5.239807789124309,111.96097560975609,10.68975228780847,115.52317073170731,12.8731158159164,-3.5646341463414637,13.693031227068982,48.48780487804878,1.4927305532705053,41.4390243902439,4.95186100688383,89.48780487804878,6.659707297981701,0.4637317073170732,0.050316786286827446,12.158536585365853,3.335071814042064,35.353658536585364,5.789244926606134,0.3444878048780488,0.08167569774742886,16.426829268292682,5.379500384816781,21.390243902439025,6.658802950223158,0.7714878048780487,0.1050986889420804,11.28048780487805,3.6759961788958444,32.573170731707314,5.702567080168733,43.853658536585364,6.858574792058446,25.378048780487806,5.0445918820902005,14.426829268292684,3.678534624390057,7.097560975609756,2.580122286783049,5.573170731707317,2.6011891288545446,20.426829268292682,3.5382582302347787,-3.475609756097561,13.333542229619233,-0.7599999999999999,-13.4,-12.64,0.2222222222222222,27,-7.072549019607843,51,-5.1565131236397175
1610612754,IND,Indiana Pacers,2023,2022-23,82,116.28048780487805,12.226539025792711,119.46341463414635,12.043332381986021,102.15853658536585,5.243383866854324,113.8890243902439,11.194520331670667,117.23048780487807,11.041824963498597,-3.3378048780487806,10.792677447231334,48.18292682926829,0.944484296943331,42.0,4.797118476649534,89.57317073170732,6.917557707540825,0.4699146341463415,0.04992913526819718,13.560975609756097,4.0249148782521535,36.951219512195124,6.493876391893737,0.36595121951219517,0.0837202724006564,18.71951219512195,5.759103132859419,23.70731707317073,6.7338976750633375,0.7890121951219512,0.08999156255407736,10.146341463414634,4.079826767139077,31.402439024390244,5.4429924505940415,41.548780487804876,6.558666755182832,26.98780487804878,4.14101407762483,14.926829268292684,3.7077845629907555,7.695121951219512,2.9593502139233197,5.829268292682927,2.6796207491414057,21.23170731707317,4.049992472139947,-3.182926829268293,10.965859532135662,-0.9699999999999995,-8.610000000000001,-7.6400000000000015,0.5384615384615384,26,-4.458823529411764,51,-4.139816226651
1610612754,IND,Indiana Pacers,2024,2023-24,82,123.29268292682927,13.602367082383214,120.2439024390244,12.34740036177932,102.3048780487805,4.1860704470199055,120.46829268292683,11.885117553953929,117.5670731707317,10.77893527436272,2.902439024390244,15.645146572073658,48.0609756097561,0.5521576303742327,47.01219512195122,5.810790096166295,92.67073170731707,7.233418463483993,0.5085000000000001,0.06093474550596354,13.195121951219512,4.476106730901954,35.25609756097561,6.625448460218094,0.37285365853658536,0.10092829895356277,16.073170731707318,5.10090887037047,20.548780487804876,5.942424244518123,0.7815975609756097,0.09952254658080417,10.085365853658537,3.9975338678981163,31.4390243902439,5.261313643821002,41.52439024390244,6.154844743869516,30.75609756097561,5.509948299391682,12.914634146341463,3.7125121091782236,7.695121951219512,2.6137765326672575,5.865853658536586,2.422946859609724,21.414634146341463,4.768598985472749,3.048780487804878,15.993750661518531,2.930000000000001,9.180000000000001,6.25,0.42857142857142855,21,0.10833333333333324,48,0.833291812549252
1610612754,IND,Indiana Pacers,2025,2024-25,82,117.36585365853658,11.96756129444694,115.13414634146342,11.926484890983723,101.71951219512195,5.703095088306804,115.54390243902442,11.805084670985204,113.36707317073171,10.590212752477075,2.1890243902439024,14.780526111165818,48.426829268292686,1.6103867168783477,43.58536585365854,4.931509221103817,89.34146341463415,6.957045477973793,0.4884146341463415,0.04785315790488061,13.182926829268293,3.722232334249906,35.78048780487805,5.713368317979025,0.3668170731707317,0.08047146999207817,17.01219512195122,5.657932053493681,21.5609756097561,6.871119665395727,0.790158536585366,0.10500564000281071,9.170731707317072,3.5548779842191403,32.65853658536585,5.6660555491716895,41.829268292682926,6.522146276386874,29.24390243902439,4.793413628364088,13.195121951219512,3.939163990989364,8.463414634146341,2.7540996241124405,5.463414634146342,2.6536493481605805,18.695121951219512,3.819020055259616,2.231707317073171,14.85094566593449,-3.69,8.41,12.1,0.631578947368421,19,-0.2899999999999999,40,0.36868335876264985
1610612755,PHI,Philadelphia 76ers,2013,2012-13,82,93.17073170731707,9.506079767412766,96.51219512195122,11.553679230614225,92.26829268292683,4.172362863402033,101.00731707317074,9.639332752992543,104.73902439024391,11.966081241200172,-3.730487804878049,12.76221940743667,48.18292682926829,0.944484296943331,37.30487804878049,4.553357259278401,84.08536585365853,5.791013087582174,0.44452439024390245,0.05242471983352517,6.317073170731708,2.528250499292453,17.536585365853657,4.425501637050457,0.3585609756097561,0.11222850340628361,12.24390243902439,5.143762795276241,16.79268292682927,6.621584243836472,0.7236341463414634,0.1074871812276916,10.926829268292684,3.4846417454234238,30.402439024390244,4.661001206749735,41.329268292682926,5.792832689548844,22.76829268292683,4.987140947161949,13.048780487804878,3.5027412158613127,7.426829268292683,2.7667803983981,4.682926829268292,2.7211020315645795,18.353658536585368,3.8725751512031823,-3.341463414634146,11.982723687366773,-1.9300000000000004,-1.8200000000000003,0.1100000000000001,0.3333333333333333,15,-8.229411764705885,34,-5.827186744678244
1610612755,PHI,Philadelphia 76ers,2014,2013-14,82,99.45121951219512,11.17664279528704,109.90243902439025,11.437009187847265,100.4390243902439,5.273033097637496,99.02926829268293,9.864658051363982,108.98902439024391,9.651418447501925,-9.958536585365854,13.334518014217254,48.42664634146342,1.7918677845566986,37.90243902439025,4.539564769744476,87.1951219512195,6.795857533422395,0.43674390243902433,0.056658128109559475,7.036585365853658,2.8736569464202093,22.524390243902438,4.932196089530773,0.31269512195121946,0.11238181051191319,16.609756097560975,5.337396825986314,23.390243902439025,6.49549910182062,0.7074634146341463,0.11125370795562428,11.573170731707316,4.1366488727491415,31.170731707317074,4.928638602123335,42.74390243902439,5.9748670641955535,21.841463414634145,4.426267028466195,16.878048780487806,4.19991253260609,9.329268292682928,3.4571624632783386,4.024390243902439,2.1658152729276923,22.48780487804878,4.0314930066529895,-10.451219512195122,13.414707645359952,-2.88,-2.2800000000000002,0.5999999999999996,0.6428571428571429,14,-13.228947368421052,38,-11.470566798189994
1610612755,PHI,Philadelphia 76ers,2015,2014-15,82,91.97560975609755,10.352998742245683,100.95121951219512,12.67923590701693,96.95121951219512,5.008394038023407,94.91951219512195,9.87171341181634,103.8878048780488,11.93143363985226,-8.967073170731707,13.45462474877625,48.30487804878049,1.203790560412963,33.71951219512195,4.329840159693129,82.64634146341463,6.884177512972149,0.40901219512195125,0.05014755853698879,8.439024390243903,3.0995720970132243,26.341463414634145,5.663876245847416,0.3149878048780488,0.09395855323485004,16.097560975609756,5.36934544622782,23.817073170731707,7.029265189597775,0.6778536585365852,0.09998655736206008,11.926829268292684,3.841876109996897,30.926829268292682,5.463188793886892,42.853658536585364,6.1606516234220825,20.524390243902438,4.771897181418214,17.71951219512195,4.704278037900623,9.621951219512194,2.6276790862483828,5.939024390243903,3.274848261400861,21.682926829268293,4.091177043286958,-8.975609756097562,13.231999755322017,-17.169999999999998,-9.94,7.229999999999999,0.23529411764705882,17,-13.273684210526318,38,-11.072600352078323
1610612755,PHI,Philadelphia 76ers,2016,2015-16,82,97.41463414634147,10.811460790864475,107.64634146341463,11.390240517322587,99.01219512195122,4.5147054712707,98.4219512195122,10.429197196833062,108.66951219512195,10.990036891212867,-10.241463414634147,12.226493710351399,48.30487804878049,1.437496317893246,36.21951219512195,4.499723970255445,83.98780487804878,6.992931002865688,0.43267073170731696,0.0542707103048123,9.317073170731707,3.3587109843005885,27.5,6.287848363075961,0.3374390243902439,0.09136429558464516,15.658536585365853,4.709379954980632,22.5609756097561,6.252105938487002,0.6976707317073171,0.10439041804545526,9.475609756097562,3.323041926954685,31.76829268292683,5.116660708134556,41.24390243902439,5.834255960073083,21.524390243902438,4.592601698857423,16.378048780487806,4.862657516322518,8.292682926829269,3.357276250794586,6.036585365853658,2.3593529242183684,21.70731707317073,4.398338083665627,-10.231707317073171,11.671743636587355,-13.650000000000002,-7.199999999999998,6.450000000000004,0.11764705882352941,17,-14.916279069767441,43,-12.445543879958068
1610612755,PHI,Philadelphia 76ers,2017,2016-17,82,102.4390243902439,10.79905981387247,108.13414634146342,11.359188585090624,99.7439024390244,4.943660301391018,102.74756097560977,9.993716860796434,108.32926829268291,11.181383202546638,-5.590243902439026,12.868284390300586,48.36585365853659,1.527623791205016,37.65853658536585,4.30107512311682,85.26829268292683,6.597883649627346,0.44298780487804873,0.051333211616603903,10.134146341463415,2.752158278187562,29.79268292682927,5.438177356426675,0.34002439024390235,0.06731462439196266,16.98780487804878,5.903532950258746,22.024390243902438,6.6238916794911455,0.7655975609756097,0.09482405536286242,9.841463414634147,3.4371590055610146,33.0,5.885743394732901,42.84146341463415,6.290242320392933,23.76829268292683,4.656864786707275,16.658536585365855,3.8752762137959778,8.439024390243903,2.7581419804975518,5.121951219512195,2.691505815179793,21.865853658536587,3.9589317524169436,-5.695121951219512,12.683895713808571,-14.0,-9.36,4.640000000000001,0.5,26,-7.652631578947367,38,-6.782287064990355
1610612755,PHI,Philadelphia 76ers,2018,2017-18,82,109.8048780487805,10.274550874075063,105.3048780487805,11.533835382340065,101.20731707317073,5.7040981691162,108.57073170731708,9.193509355670956,104.04634146341462,10.931246358201411,4.525609756097561,12.441862936365723,48.24390243902439,1.7395967718514407,40.84146341463415,4.895121058529332,86.5609756097561,7.413863491860433,0.4724634146341463,0.046660633240121874,10.987804878048781,3.4907068951895774,29.817073170731707,5.7865916721127935,0.366890243902439,0.08945155335415167,17.134146341463413,6.486000489414887,22.78048780487805,8.904187377045053,0.7592682926829268,0.09542329978955924,10.890243902439025,4.1722365662158385,36.53658536585366,5.923785747226384,47.426829268292686,6.586612849916742,27.085365853658537,5.1596756035272655,16.5,4.298291363085489,8.317073170731707,2.8798064440294895,5.121951219512195,2.5742804047984666,22.085365853658537,4.17281389357644,4.5,12.711664712109364,0.9099999999999999,14.48,13.57,0.45,20,1.7510638297872343,47,3.29619678541986
1610612755,PHI,Philadelphia 76ers,2019,2018-19,82,115.1829268292683,11.346537024089086,112.48780487804878,10.92990450122515,103.2560975609756,5.027850768309362,111.66463414634148,10.76073534537211,109.04878048780488,10.202096660599093,2.609756097560976,13.790304428694586,48.30487804878049,1.2037905604129633,41.548780487804876,5.087269123646271,88.20731707317073,7.304214587327622,0.4719024390243902,0.05007195063996707,10.841463414634147,3.5012149996756308,30.170731707317074,6.003712592229356,0.3589390243902439,0.09211832803264648,21.24390243902439,7.558105738922599,27.536585365853657,9.081517143540784,0.771109756097561,0.08691886469257379,10.878048780487806,4.104770617799682,36.890243902439025,5.94627406435485,47.76829268292683,6.740880955886054,26.914634146341463,5.301295484607128,14.914634146341463,4.157994588777276,7.390243902439025,2.770016256853733,5.2682926829268295,2.8286400365704027,21.28048780487805,4.677960910228646,2.6951219512195124,14.400522130786275,0.8000000000000004,-1.9099999999999997,-2.71,0.64,25,-1.7114285714285713,35,0.5706839328167168
1610612755,PHI,Philadelphia 76ers,2020,2019-20,73,110.73972602739725,11.57226977311168,108.35616438356165,11.6968298922468,100.05479452054794,4.4343683345699,110.72328767123288,11.00651979192264,108.5123287671233,12.036875577498872,2.2150684931506857,13.407115350034564,48.205479452054796,0.9994290607584833,41.0958904109589,5.169795782452909,87.9041095890411,6.209679683011132,0.4680136986301371,0.05218383454211684,11.616438356164384,3.6348243767229635,31.602739726027398,5.792091653537888,0.36678082191780825,0.09138749102575108,16.931506849315067,6.481445241617901,22.438356164383563,7.494416998617228,0.7484246575342466,0.09613704306992342,10.465753424657533,3.316968963530234,34.97260273972603,4.696253242804092,45.43835616438356,5.325479376883109,25.80821917808219,4.762870091326166,14.205479452054794,3.9579698222896105,8.027397260273972,2.753647090374096,5.328767123287672,2.818859080276924,20.945205479452056,5.093270099299075,2.3835616438356166,13.61844147652805,4.119999999999999,4.590000000000001,0.4700000000000015,0.4444444444444444,18,-2.0457142857142854,35,-0.03905668587482271
1610612755,PHI,Philadelphia 76ers,2021,2020-21,72,113.63888888888889,11.623562222831856,108.05555555555556,11.073237485911937,101.0,5.748239167008168,112.64583333333331,10.912300044148397,107.11805555555556,10.433887455473622,5.519444444444444,14.61622327366418,48.416666666666664,1.391624848265458,41.40277777777778,5.375111455699255,86.90277777777777,7.3161209652445445,0.4768472222222222,0.051856698460988296,11.26388888888889,3.263080094908842,30.125,6.57767778706304,0.37599999999999995,0.08092127977934334,19.569444444444443,6.122749977962905,25.5,7.615773105863909,0.7674583333333334,0.08946333539658405,10.027777777777779,3.480214588746586,35.02777777777778,5.4874305083276065,45.05555555555556,6.652096754881631,23.694444444444443,4.819674727172296,14.444444444444445,4.327732024483881,9.097222222222221,3.0909213823996353,6.208333333333333,2.319163885274295,20.22222222222222,3.2898573205168598,5.583333333333333,14.729246560002725,4.2700000000000005,8.01,3.7399999999999993,0.6666666666666666,15,0.9787878787878789,33,3.203150479554742
1610612755,PHI,Philadelphia 76ers,2022,2021-22,82,109.9390243902439,12.21853233288549,107.32926829268293,10.443327219263592,97.2560975609756,4.38237484411306,112.96585365853659,10.632261869994878,110.24634146341462,9.96948672009799,2.714634146341463,14.744667351167926,48.30487804878049,1.437496317893246,39.390243902439025,5.220463291396101,84.53658536585365,7.185711339567272,0.4670975609756097,0.05657522246042745,11.585365853658537,3.4852465754461535,31.804878048780488,5.646891473924182,0.3638536585365854,0.0842251717383295,19.573170731707318,6.36935271592597,23.841463414634145,7.063153410735411,0.8169756097560976,0.08288590635232163,8.536585365853659,3.7521849501364017,33.78048780487805,3.88420158865769,42.31707317073171,5.346922615053455,23.71951219512195,4.552232908196452,12.524390243902438,3.496826108556714,7.719512195121951,2.630656821910501,5.304878048780488,2.2536062972420416,19.390243902439025,3.4417770946717052,2.6097560975609757,14.339581840039292,8.84,6.38,-2.46,0.5185185185185185,27,-1.0020833333333334,48,0.07394868811995557
1610612755,PHI,Philadelphia 76ers,2023,2022-23,82,115.21951219512195,12.285718287230209,110.90243902439025,12.414258783278662,98.4390243902439,5.860724180962938,117.15365853658537,11.490513479828106,112.85853658536587,12.412309215218599,4.295121951219511,13.212993066955473,48.48780487804878,1.8608633496046498,40.81707317073171,5.216611758746622,83.78048780487805,6.793287155449316,0.4876951219512195,0.05320115310743042,12.621951219512194,3.494758840838059,32.6219512195122,5.095726226493028,0.3850121951219512,0.08562096978384962,20.963414634146343,5.821300015919017,25.097560975609756,6.5312350298205155,0.8349756097560974,0.07065303425631207,8.71951219512195,3.479301725899817,32.207317073170735,5.156172867443853,40.926829268292686,6.316313364115233,25.158536585365855,4.476190819405648,13.670731707317072,3.97229565759246,7.7439024390243905,2.6284811161617023,4.7439024390243905,2.5618809429153786,20.426829268292682,4.47222011816342,4.317073170731708,13.03828933789926,0.9800000000000002,-2.93,-3.91,0.6666666666666666,24,2.061224489795919,49,2.9358558902168452
1610612755,PHI,Philadelphia 76ers,2024,2023-24,82,114.59756097560975,13.864298013596517,111.54878048780488,13.008214345933034,98.65853658536585,5.609118484900933,116.1219512195122,12.288718347121275,113.15365853658537,12.537235357146399,2.9658536585365853,16.075971022740703,48.24390243902439,1.3385174737004315,41.51219512195122,4.884452286008831,89.40243902439025,7.2908868469312145,0.46545121951219515,0.051171016207702945,12.097560975609756,3.825224131567966,33.329268292682926,6.030897560390203,0.3600365853658537,0.08215514457895452,19.475609756097562,7.37065521277333,23.585365853658537,8.336963978752527,0.8231951219512196,0.09539876529785547,11.048780487804878,3.928064390059572,31.902439024390244,5.442425376403205,42.951219512195124,6.36716585016954,24.890243902439025,5.187844523882217,12.0,3.5555555555555554,8.463414634146341,3.135598558454701,6.0,2.7799991118215117,20.341463414634145,3.7980485964005637,3.048780487804878,15.798032725646639,9.04,9.39,0.3500000000000014,0.5882352941176471,17,-1.8595744680851065,47,-0.867623246473896
1610612755,PHI,Philadelphia 76ers,2025,2024-25,82,109.60975609756098,10.20137499514791,115.84146341463415,11.943766918453688,98.7560975609756,4.7882597565855995,111.02804878048778,9.2070997080855,117.3780487804878,11.254508280665416,-6.347560975609756,13.043074181387391,48.30487804878049,1.203790560412963,39.68292682926829,4.271288147505901,87.41463414634147,6.380818515380848,0.4548780487804879,0.04708709824184431,12.695121951219512,3.585598851063343,37.19512195121951,6.368206182665908,0.3407804878048781,0.07386992645405173,17.548780487804876,5.571427192700735,22.48780487804878,6.8785655668717505,0.7825731707317074,0.10382713916341613,10.390243902439025,3.4020912144055164,29.402439024390244,5.476909455851366,39.792682926829265,6.422833121421639,23.182926829268293,4.483517272229741,13.621951219512194,3.792911660161441,9.170731707317072,2.453543056901316,4.463414634146342,2.3944128482123612,18.975609756097562,3.7514626275400333,-6.2317073170731705,12.774684437636036,-8.02,-11.000000000000002,-2.980000000000002,0.47368421052631576,19,-10.57272727272727,44,-8.810103463792359
1610612756,PHX,Phoenix Suns,2013,2012-13,82,95.1829268292683,10.548100348287502,101.64634146341463,11.973604664932225,95.03658536585365,4.095903168316806,100.20365853658538,10.703321800309267,106.83658536585368,11.473625280843683,-6.63170731707317,13.662021595873673,48.30487804878049,1.203790560412963,37.329268292682926,4.502550383040898,84.35365853658537,7.027937110568891,0.44362195121951215,0.05048252117608516,5.853658536585366,2.5777871226818747,17.74390243902439,4.4327929929965615,0.3283170731707317,0.10836915396951595,14.670731707317072,4.853546184915283,19.73170731707317,5.96294893589108,0.7455975609756096,0.1218395889113078,11.695121951219512,4.020592132516727,29.926829268292682,4.32843166592014,41.6219512195122,6.023903504347481,22.621951219512194,4.5260296390862695,15.585365853658537,4.3089090009048565,8.036585365853659,2.8865166411755183,5.2926829268292686,2.737430555534071,20.585365853658537,3.7841489396999135,-6.463414634146342,13.127292389532466,-5.35,-7.269999999999999,-1.919999999999999,0.45454545454545453,22,-8.742857142857142,42,-8.153823139714111
1610612756,PHX,Phoenix Suns,2014,2013-14,82,105.23170731707317,10.931095955002712,102.59756097560975,9.623607490863881,97.23170731707317,4.31848962076293,108.27073170731708,10.653145223909148,105.6829268292683,9.775919076846385,2.5829268292682928,11.071750337026398,48.18292682926829,0.944484296943331,38.68292682926829,4.0730309907205555,83.47560975609755,6.416078587300981,0.46498780487804886,0.050428899685765645,9.329268292682928,2.914649579974231,25.0609756097561,5.200540240159787,0.37558536585365854,0.10483719903601178,18.536585365853657,5.969459561433151,24.4390243902439,7.057257119361635,0.7515487804878047,0.10302896062219345,11.317073170731707,3.714762172007778,31.71951219512195,5.235855467367113,43.03658536585366,6.426114011029228,19.0609756097561,3.798464800271808,15.341463414634147,3.594301086597243,8.390243902439025,2.765555767871853,4.560975609756097,2.582455339332064,21.926829268292682,3.5755703604585354,2.6341463414634148,10.855404519729412,2.06,2.2300000000000004,0.17000000000000037,0.3333333333333333,18,0.14047619047619098,42,1.7818174630017898
1610612756,PHX,Phoenix Suns,2015,2014-15,82,102.40243902439025,13.363724397793703,103.3048780487805,11.080724030796576,98.26829268292683,5.956734502894223,104.17073170731705,11.904885269718273,105.2829268292683,9.105700356492864,-1.1134146341463413,12.491308209667991,48.48780487804878,1.8608633496046498,38.75609756097561,5.505465243366803,85.82926829268293,6.559894756097921,0.45198780487804874,0.05733903802420917,8.512195121951219,3.378376783286976,24.975609756097562,5.852034804407984,0.3375975609756097,0.09548186561145726,16.378048780487806,5.260240439283414,21.548780487804876,6.52091116678081,0.7587195121951218,0.09210893636224338,10.926829268292684,3.2194642902461004,32.23170731707317,4.560427694063936,43.15853658536585,5.750940904649295,20.23170731707317,4.522369040717446,15.097560975609756,3.7666822552858714,8.536585365853659,2.9904998630487025,4.695121951219512,2.4174725317435186,21.26829268292683,4.768851559571733,-0.9024390243902439,12.340448154114346,-1.3599999999999999,-11.98,-10.620000000000001,0.35714285714285715,28,-5.242553191489361,47,-3.6861965106116714
1610612756,PHX,Phoenix Suns,2016,2015-16,82,100.86585365853658,11.44364851074949,107.52439024390245,11.423633299951268,99.41463414634147,4.716535712125786,101.4451219512195,10.361635702406677,107.98292682926832,10.277000629813994,-6.531707317073171,13.971398279649312,48.0609756097561,0.5521576303742328,37.207317073170735,4.885700487775332,85.58536585365853,6.9227683385649215,0.43535365853658536,0.05080885796963222,9.0,3.2164699613622507,25.829268292682926,5.344444162736838,0.34436585365853656,0.09243529765047229,17.451219512195124,5.97143909909349,23.23170731707317,6.930517199604939,0.7465731707317074,0.09753518269781637,11.5,3.7325726738312945,33.329268292682926,5.526713751416237,44.829268292682926,7.1850408352126705,20.74390243902439,4.345597958853761,17.195121951219512,3.8886953107066895,7.7073170731707314,2.933366181962744,3.817073170731707,2.0555738664679195,22.658536585365855,5.228647376476432,-6.658536585365853,14.040698790421235,5.960000000000001,-1.6799999999999997,-7.640000000000001,0.4117647058823529,17,-10.068292682926828,41,-8.497999622283215
1610612756,PHX,Phoenix Suns,2017,2016-17,82,107.6951219512195,10.005787244390419,113.32926829268293,11.665137336852242,101.46341463414635,5.812279725179597,106.29146341463414,9.733424672573866,111.37439024390243,10.01930002946301,-5.0841463414634145,11.801877539603655,48.36585365853659,1.3100956059915254,39.8780487804878,4.278543203966552,88.53658536585365,7.871177491958027,0.4523536585365853,0.05048905808638011,7.5,2.41522945769824,22.609756097560975,5.383459114597472,0.3331341463414634,0.08323768765885518,20.4390243902439,5.569089206682755,26.329268292682926,6.592279206542068,0.7761707317073171,0.08665168031084315,11.902439024390244,3.7568365865727227,33.073170731707314,5.521630837559977,44.97560975609756,6.539482385519586,19.5609756097561,4.732596606660352,15.426829268292684,4.0643906436050345,8.207317073170731,2.674699959534166,4.865853658536586,2.517897394049599,24.75609756097561,4.001731031644132,-5.634146341463414,12.030324026220185,-6.12,-4.1,2.0200000000000005,0.44,25,-6.951219512195122,41,-6.537789660780681
1610612756,PHX,Phoenix Suns,2018,2017-18,82,103.92682926829268,10.739083446883761,113.29268292682927,11.518624537311595,101.13414634146342,5.89362952817335,102.91219512195121,10.429237040426687,111.7536585365854,9.797243188988702,-8.841463414634147,14.063690673604937,48.0609756097561,0.5521576303742328,38.451219512195124,4.63521794611749,87.08536585365853,7.420693820531804,0.4433048780487805,0.05439696093190244,9.304878048780488,3.00899484628078,27.878048780487806,5.193515053879698,0.3353780487804878,0.09293043199731435,17.71951219512195,6.216811914188224,23.926829268292682,7.429970153978369,0.7375853658536585,0.09696364995619473,10.268292682926829,3.9504610779115326,33.853658536585364,5.763062352988418,44.1219512195122,6.317505062903654,21.25609756097561,4.888411531265174,15.71951219512195,3.869074570322164,6.939024390243903,2.8212052453578784,4.512195121951219,2.368746620905238,22.036585365853657,4.355910195174503,-9.365853658536585,14.350560014126993,-9.89,-6.13,3.7600000000000007,0.4666666666666667,15,-12.550943396226414,53,-10.75433203744874
1610612756,PHX,Phoenix Suns,2019,2018-19,82,107.5,12.156642242711758,116.84146341463415,11.023509683091538,102.08536585365853,5.185928776208372,105.24512195121952,9.952407146496553,114.19390243902441,8.563478979788409,-8.953658536585367,12.847233406572443,48.48780487804878,2.019924839324256,40.109756097560975,5.106292650361434,87.36585365853658,7.592251077431794,0.4597073170731708,0.04889759715495081,9.634146341463415,2.8350199560425127,29.26829268292683,5.164094414624473,0.3275609756097561,0.07564228642322184,17.646341463414632,5.551936490589883,22.658536585365855,6.48877380452573,0.7786219512195122,0.0968230714577683,9.121951219512194,3.8309662382457432,31.25609756097561,4.5183056356918625,40.3780487804878,6.01364753203631,23.865853658536587,3.9930872215075266,15.597560975609756,3.7213423706299786,8.963414634146341,3.263888168136921,5.097560975609756,2.497454289538617,23.5609756097561,4.294980018279766,-9.341463414634147,12.967404065669763,-12.66,-12.010000000000002,0.6499999999999986,0.3888888888888889,18,-11.452380952380953,42,-10.050889664298706
1610612756,PHX,Phoenix Suns,2020,2019-20,73,113.61643835616438,12.118202718988835,113.3972602739726,10.494363203945086,102.04109589041096,4.995660217085046,111.39315068493151,11.218379373539005,111.0027397260274,10.703970870179436,0.3931506849315066,13.46170833602485,48.205479452054796,0.9994290607584831,41.178082191780824,4.928213744895092,88.06849315068493,6.922846169514241,0.4686575342465754,0.0533753009822589,11.383561643835616,3.41414596847644,31.78082191780822,6.005198154151456,0.35754794520547944,0.08383499685160169,19.876712328767123,5.710480631356338,23.835616438356166,6.189178949833279,0.8301232876712329,0.08590109707058453,9.753424657534246,3.235140482600615,33.76712328767123,5.3761834561362845,43.52054794520548,6.133038011551988,27.21917808219178,4.276052746733402,14.753424657534246,4.159262828374119,7.657534246575342,2.9684413141607564,3.9726027397260273,1.929108910148572,22.041095890410958,4.382535910242631,0.2191780821917808,13.896688829580217,5.45,9.52,4.069999999999999,0.45,20,-0.951428571428571,35,-0.6071971360561518
1610612756,PHX,Phoenix Suns,2021,2020-21,72,115.27777777777777,11.190063779377732,109.45833333333333,11.76523585177481,99.125,5.373218669776937,116.42361111111111,10.851461809172584,110.59027777777777,12.347208839204747,5.831944444444444,14.116854638986638,48.55555555555556,1.7911274983037833,43.30555555555556,5.0144548490827825,88.29166666666667,7.453966710303304,0.4914583333333334,0.04920349738514101,13.055555555555555,4.07979870011865,34.583333333333336,6.649684944352997,0.3773333333333333,0.09295887323260786,15.61111111111111,5.638288511560322,18.708333333333332,6.325529538596904,0.8372222222222222,0.11503645744489462,8.75,3.3598708895381972,34.19444444444444,5.463422259500222,42.94444444444444,6.353193471998532,26.930555555555557,4.891286846112648,12.527777777777779,4.055850311924573,7.180555555555555,2.4340679963704006,4.333333333333333,2.2075414914831653,19.083333333333332,4.314241075361695,5.819444444444445,13.823155088054948,6.279999999999999,4.269999999999999,-2.0100000000000007,0.5833333333333334,24,4.844444444444445,36,5.1481561683109875
1610612756,PHX,Phoenix Suns,2022,2021-22,82,114.82926829268293,10.791863508056109,107.32926829268293,11.009597247708928,100.51219512195122,4.052872483666961,114.32317073170732,10.642650031777137,106.87317073170732,11.15444935618189,7.451219512195122,13.455002685241704,48.1219512195122,0.7760336619661978,43.670731707317074,5.185580382410345,90.10975609756098,7.05359744930303,0.4857073170731708,0.05389232241178015,11.597560975609756,3.2236003033858216,31.902439024390244,5.9785826721590976,0.3643780487804878,0.08004854086684636,15.890243902439025,6.146375219170964,19.9390243902439,7.252666705776351,0.7953048780487806,0.11386440810323915,9.768292682926829,4.080361822759982,35.52439024390244,5.637672249168042,45.292682926829265,7.431145342953531,27.365853658536587,4.849620565842318,12.926829268292684,3.2915172973324873,8.560975609756097,2.7981367741418897,4.378048780487805,2.3021205678031285,19.914634146341463,3.7390208644767515,7.5,13.377934661317088,1.1300000000000003,0.6800000000000003,-0.45000000000000007,0.7619047619047619,21,5.006521739130434,46,6.1021377294141095
1610612756,PHX,Phoenix Suns,2023,2022-23,82,113.64634146341463,11.694012344848513,111.57317073170732,11.713694094030094,99.28048780487805,4.917277150407887,114.50000000000003,10.851989633811199,112.3121951219512,11.137173769246653,2.1865853658536585,15.195627719070158,48.24390243902439,1.0836720337741033,42.109756097560975,4.556926887259281,90.09756097560975,6.542566710619217,0.4680975609756097,0.04551966330130461,12.207317073170731,4.051330538575114,32.609756097560975,6.497399475157517,0.3713170731707317,0.08977184772065108,17.21951219512195,5.370298725497867,21.71951219512195,6.880414842223106,0.7944512195121952,0.09503841360325216,11.841463414634147,3.9329865264406263,32.40243902439025,4.978620355518607,44.24390243902439,6.498928640310326,27.25609756097561,4.359779628618565,13.536585365853659,3.709164898694735,7.134146341463414,2.674812535819393,5.2682926829268295,2.634288530405749,21.20731707317073,4.407451056087143,2.073170731707317,14.967273342323383,8.830000000000002,6.1,-2.730000000000002,0.44,25,0.8720000000000002,50,0.6512217182583584
1610612756,PHX,Phoenix Suns,2024,2023-24,82,116.2439024390244,10.57549108757843,113.1829268292683,10.981609822374688,99.48780487804878,4.565690359111594,117.03048780487805,11.372380328102377,113.88780487804877,11.460930846257297,3.1499999999999995,12.442551939430757,48.24390243902439,1.3385174737004315,42.46341463414634,5.0849453957547945,86.13414634146342,6.480287669125198,0.49454878048780493,0.06043589654408232,12.439024390243903,3.7748274786041462,32.573170731707314,6.41762712928157,0.3798658536585366,0.0850212409473376,18.878048780487806,6.630252856103053,23.353658536585368,7.8226829902479045,0.808280487804878,0.09200607526777164,10.134146341463415,3.6843418934996146,33.9390243902439,5.252506893480906,44.073170731707314,6.567372565564958,27.048780487804876,5.005928433575905,14.890243902439025,3.944072275278013,7.439024390243903,3.018860716245307,6.0,2.6199613605670216,17.98780487804878,3.649772197995357,3.0609756097560976,12.200331467846425,-0.19999999999999982,3.7400000000000007,3.9400000000000004,0.5652173913043478,23,0.39999999999999997,53,0.9858403146628338
1610612756,PHX,Phoenix Suns,2025,2024-25,82,113.6219512195122,11.565850375617496,116.6219512195122,12.65168728697748,99.03658536585365,5.219727824963365,114.7621951219512,10.38902127359386,117.69634146341464,11.120711909021146,-2.9329268292682924,14.549804248634835,48.36585365853659,1.3100956059915252,41.23170731707317,4.87700267313572,86.28048780487805,6.624448526302187,0.4787073170731707,0.05216036237019046,14.341463414634147,4.040594969620382,37.951219512195124,6.816650709071951,0.3771707317073171,0.08150313254269931,16.817073170731707,5.657133699876966,20.75609756097561,6.761475796993383,0.8089024390243902,0.08505054557508548,9.548780487804878,3.6180358869992673,32.9390243902439,5.873875118946437,42.48780487804878,5.996385541840657,27.76829268292683,4.6912021163018744,14.060975609756097,3.5148628372711603,7.2317073170731705,2.607201709263268,4.780487804878049,2.7443517314249952,17.9390243902439,4.266862151122499,-3.0,14.395644059966006,2.12,-16.9,-19.02,0.5263157894736842,19,-7.552083333333333,48,-5.549417642916479
1610612757,POR,Portland Trail Blazers,2013,2012-13,82,97.5,12.24770071644087,100.67073170731707,10.435048821277217,93.28048780487805,5.104523267044637,104.44024390243902,11.184666087788795,107.96463414634147,10.124415812456093,-3.521951219512195,13.143557069607738,48.426829268292686,1.6103867168783477,36.69512195121951,5.383305296086245,81.89024390243902,6.905009985708938,0.44876829268292684,0.059427577831555826,8.207317073170731,3.176836709443899,23.21951219512195,5.32180325477798,0.351390243902439,0.11449435331351725,15.902439024390244,5.299917903155358,20.48780487804878,6.246468439162836,0.7747560975609756,0.10205778573449162,10.658536585365853,3.545887940808119,30.170731707317074,5.189745059151002,40.829268292682926,6.292862659048654,21.75609756097561,4.520354448054197,14.670731707317072,3.8234328769009953,6.560975609756097,2.7220977793579393,4.304878048780488,2.4428733556731657,18.51219512195122,4.140268681085908,-3.1707317073170733,12.270414964809131,-1.3199999999999994,-14.37,-13.05,0.48,25,-5.321428571428571,42,-4.243222216503236
1610612757,POR,Portland Trail Blazers,2014,2013-14,82,106.7439024390244,11.067482093574805,102.7560975609756,10.560304166506276,96.70731707317073,5.236358655812023,110.38170731707316,9.850313375334384,106.13414634146342,9.151175051206591,4.246341463414633,12.484184514539761,48.426829268292686,1.4057245204096498,39.109756097560975,4.8737292679029895,87.0,7.238443322178814,0.4502073170731707,0.04906653024459649,9.390243902439025,3.5022253862118236,25.25609756097561,5.897919649155558,0.37065853658536585,0.10209668856097111,19.134146341463413,5.499185562868651,23.48780487804878,6.3813847764541745,0.8152195121951218,0.0891577910972415,12.463414634146341,3.8206557576610622,33.97560975609756,5.02088381811065,46.4390243902439,6.0697541207051815,23.21951219512195,4.863632718030714,13.71951219512195,3.3232231500138103,5.536585365853658,2.1953661746439592,4.719512195121951,2.2893979490218044,19.21951219512195,5.247043589086655,3.9878048780487805,11.986096783757652,5.260000000000001,6.3100000000000005,1.0499999999999998,0.5172413793103449,29,-0.42558139534883704,43,2.4791574701673214
1610612757,POR,Portland Trail Blazers,2015,2014-15,82,102.79268292682927,9.830335770207117,98.5609756097561,11.375843543244846,95.95121951219512,5.286606508051512,107.26951219512198,9.926926706346872,102.87926829268294,11.065570425455283,4.382926829268293,11.975724467150139,48.426829268292686,1.9565053741640455,38.71951219512195,4.231785632053201,85.96341463414635,6.383708280161535,0.45119512195121947,0.04574417294723907,9.841463414634147,3.036687247135699,27.20731707317073,5.248721901751619,0.36117073170731706,0.08475786934994264,15.512195121951219,4.79002023872377,19.378048780487806,5.67567963821213,0.8025487804878049,0.10326343543219865,10.71951219512195,3.6726361852533334,35.13414634146341,5.339723475343513,45.853658536585364,6.297406778101351,21.9390243902439,3.7919588767356855,13.621951219512194,3.6738658076880992,6.402439024390244,2.552460715880387,4.536585365853658,2.1953661746439597,18.21951219512195,3.8039108862739726,4.2317073170731705,11.677031142732336,8.59,2.8,-5.79,0.6,20,0.9116279069767439,43,2.5194036902995727
1610612757,POR,Portland Trail Blazers,2016,2015-16,82,105.14634146341463,10.349595269977161,104.3170731707317,11.628910385758935,97.70731707317073,4.905244874717212,107.74634146341462,10.54315289036527,106.92439024390245,11.557121271871434,0.820731707317073,14.175276144716978,48.30487804878049,1.203790560412963,38.6219512195122,4.404375613046753,85.85365853658537,6.707508141046881,0.4509146341463415,0.048411609978688964,10.536585365853659,3.4253777729886132,28.48780487804878,5.558319095853884,0.3688536585365854,0.09162943647335813,17.365853658536587,5.500869056192985,23.036585365853657,6.530923822408602,0.7517439024390243,0.10394167535661998,11.560975609756097,4.124894494649574,33.926829268292686,4.791403020907595,45.48780487804878,5.780435077903086,21.317073170731707,4.427406366077369,14.634146341463415,3.6835040856079084,6.853658536585366,2.8765632410037725,4.634146341463414,2.40633010431079,21.73170731707317,4.613583756015811,0.8292682926829268,14.021856728859458,-0.19000000000000047,3.22,3.4100000000000006,0.45,20,-2.825641025641026,39,-0.8429083098958341
1610612757,POR,Portland Trail Blazers,2017,2016-17,82,107.9390243902439,12.350186244385252,108.46341463414635,12.317001320518713,98.63414634146342,5.2246145705131735,109.45365853658538,11.409116942727314,110.03536585365853,11.540250248171594,-0.5878048780487806,13.223682367966376,48.609756097560975,1.8240918427777386,39.548780487804876,5.370593086370225,86.08536585365853,6.94635746008396,0.4605365853658536,0.06015252118972469,10.390243902439025,3.1456656347196517,27.70731707317073,5.692723978315228,0.37509756097560976,0.09055284382525994,18.451219512195124,5.425482715110265,23.658536585365855,6.402583414153087,0.7793292682926829,0.10726557038295863,10.121951219512194,3.433280272522162,33.53658536585366,5.728842172792933,43.65853658536585,7.128831241445918,21.134146341463413,4.9360407863981886,13.731707317073171,3.839524084731042,7.0,2.3882428066894086,4.975609756097561,2.4035755759978246,21.170731707317074,4.602213310922165,-0.524390243902439,13.086818936262583,-3.45,4.470000000000001,7.920000000000001,0.4074074074074074,27,-4.751219512195122,41,-4.0778457471538365
1610612757,POR,Portland Trail Blazers,2018,2017-18,82,105.6219512195122,10.702071155152014,103.02439024390245,11.365939598508373,97.46341463414635,4.581754265228951,108.41219512195123,10.249714121203365,105.76341463414634,11.54912761597834,2.6524390243902434,12.155842223003598,48.18292682926829,0.944484296943331,39.292682926829265,4.437460637636024,86.97560975609755,7.555515702110737,0.45349999999999996,0.05066477822991452,10.304878048780488,3.222946372231103,28.146341463414632,5.837558155196109,0.36734146341463414,0.08475865803215754,16.73170731707317,6.246082783273157,20.914634146341463,7.76697856552586,0.8052560975609757,0.1025814715028697,10.182926829268293,3.5211111068352716,35.28048780487805,5.157457480226402,45.46341463414634,6.162801835847989,19.5,4.146246257121176,13.524390243902438,3.916491279780283,6.987804878048781,2.641052457811882,5.158536585365853,2.4868519054981046,19.5,3.881739459902983,2.597560975609756,12.065520465407795,5.839999999999998,1.61,-4.229999999999998,0.5185185185185185,27,0.3239999999999999,50,0.5281055974970428
1610612757,POR,Portland Trail Blazers,2019,2018-19,82,114.65853658536585,11.922817125258137,110.46341463414635,12.135241121840775,100.84146341463415,6.009189489923369,113.8609756097561,11.532806197518505,109.55975609756098,10.56350413891449,4.296341463414635,13.499121554610907,48.426829268292686,1.6103867168783477,42.31707317073171,4.642471800057921,90.57317073170732,7.702862203015122,0.46902439024390247,0.05331990006977478,11.024390243902438,3.154364445606454,30.73170731707317,5.685260953624732,0.362109756097561,0.09387080773924762,19.0,6.126243889817877,23.341463414634145,7.0382017768554626,0.8122317073170733,0.09830040864746677,11.792682926829269,3.7539700955748625,36.19512195121951,5.686108314367751,47.98780487804878,7.033419171740585,23.01219512195122,4.759639737479423,13.841463414634147,4.0321838343450604,6.658536585365853,2.278289981408365,5.036585365853658,2.71913712689245,20.353658536585368,4.506160258693092,4.195121951219512,13.662094108043727,9.290000000000001,7.87,-1.4200000000000008,0.5714285714285714,21,1.651282051282051,39,2.4042736695425524
1610612757,POR,Portland Trail Blazers,2020,2019-20,74,114.97297297297297,11.249320190081958,116.12162162162163,10.856413674978759,101.60810810810811,4.406774260773157,113.20675675675677,10.582427034476648,114.38648648648649,10.287048970779335,-1.1716216216216218,12.36650934980054,48.2027027027027,0.9928474303701427,42.189189189189186,4.140265611477137,91.20270270270271,6.052237737930572,0.4641216216216216,0.049924313318743,12.864864864864865,3.790125325301043,34.12162162162162,4.8255958612913705,0.3745135135135135,0.09046474273382463,17.72972972972973,5.187702258271373,22.054054054054053,5.581014519380083,0.7991081081081081,0.08771303890318696,10.18918918918919,3.0595714431553866,35.12162162162162,5.373585070732835,45.310810810810814,6.215150899490951,20.60810810810811,4.637008859840008,12.783783783783784,3.496653077891871,6.283783783783784,2.1487190849514977,6.094594594594595,2.5758037390081157,21.7027027027027,4.390930034507246,-1.1486486486486487,12.420357165614702,-0.4700000000000001,1.97,2.44,0.6842105263157895,19,-3.597560975609756,41,-2.801827344332791
1610612757,POR,Portland Trail Blazers,2021,2020-21,72,116.11111111111111,11.933566761427711,114.31944444444444,10.800138743095365,99.125,4.3376423140999565,117.14305555555555,11.018739816866521,115.44444444444444,10.757910798916,1.697222222222222,15.345522558642607,48.06944444444444,0.5892556509887894,41.291666666666664,4.566989639379225,91.08333333333333,6.723408759856318,0.45451388888888883,0.049987320379752745,15.722222222222221,3.39934634239519,40.81944444444444,5.855841886018885,0.38605555555555554,0.0683454128794233,17.805555555555557,5.615970408635797,21.63888888888889,6.105424869126707,0.8207916666666667,0.09913654511563728,10.63888888888889,3.7428073953582013,33.90277777777778,4.9990413791531205,44.541666666666664,6.515285386072649,21.26388888888889,4.366947093457615,11.097222222222221,3.27671994282767,6.888888888888889,2.417981672337929,5.041666666666667,2.2166940236230612,18.916666666666668,3.75949502152901,1.7916666666666667,15.339296401220855,2.04,11.01,8.969999999999999,0.5769230769230769,26,-3.416666666666666,36,-1.321995512341062
1610612757,POR,Portland Trail Blazers,2022,2021-22,82,106.23170731707317,12.868085491228888,115.10975609756098,13.267435393288554,99.02439024390245,4.20163286823228,107.39878048780488,13.048697904884913,116.49756097560974,13.95225523263114,-9.101219512195122,16.99096705480275,48.1219512195122,0.7760336619661979,38.548780487804876,5.322100297894539,87.1219512195122,6.9856824368634305,0.4431951219512195,0.056010016525792176,12.71951219512195,3.849881801116171,36.792682926829265,6.355201631322695,0.34243902439024393,0.07935777674494561,16.414634146341463,6.299032297836708,21.597560975609756,7.474829790535076,0.7564878048780488,0.10597440220882123,10.414634146341463,3.9657522117801793,32.451219512195124,5.461769348879108,42.86585365853659,7.035645038951458,22.926829268292682,3.9869555444851263,14.475609756097562,4.11628986056618,8.012195121951219,3.264072675445998,4.463414634146342,1.9575439509199268,21.073170731707318,4.250723940680403,-8.878048780487806,17.225010701784875,2.9099999999999997,-20.490000000000002,-23.400000000000002,0.47619047619047616,21,-11.363461538461536,52,-10.617459802444078
1610612757,POR,Portland Trail Blazers,2023,2022-23,82,113.40243902439025,12.886838683776103,117.41463414634147,10.455019728284574,99.47560975609755,4.519438427247507,114.07560975609756,12.502607737623832,118.0451219512195,9.895293212569403,-3.9804878048780483,14.726397219542553,48.1219512195122,0.7760336619661978,40.451219512195124,4.881692782258559,85.3780487804878,5.924713347032467,0.4747682926829268,0.05552161158147912,12.878048780487806,3.7396449422221067,35.28048780487805,5.861096661896676,0.3641463414634146,0.08141770395506165,19.621951219512194,6.050487673238483,24.646341463414632,7.18601514125585,0.7976585365853659,0.09399635132296098,9.439024390243903,2.97353578855502,31.109756097560975,4.771329233644075,40.548780487804876,5.907000322957249,24.158536585365855,4.579798669883828,14.451219512195122,3.826975207023182,6.7439024390243905,2.7568589014873477,4.585365853658536,2.1939941564019274,20.036585365853657,4.035169835797969,-4.012195121951219,15.0886220745834,0.7799999999999997,-19.839999999999996,-20.619999999999997,0.5,20,-9.488235294117647,51,-6.507130858266089
1610612757,POR,Portland Trail Blazers,2024,2023-24,82,106.36585365853658,12.927635433606786,115.39024390243902,11.89745910995749,98.8170731707317,4.737890473905881,107.68414634146342,12.309952507778082,116.6719512195122,11.037794492417873,-8.991463414634147,15.512497559968468,48.48780487804878,1.4927305532705053,39.353658536585364,4.839069268788793,89.70731707317073,6.468323203019254,0.43967073170731713,0.05167444502453604,11.451219512195122,3.64861698480901,33.207317073170735,6.645778024621677,0.3456585365853658,0.08773236793234959,16.20731707317073,5.612459254718715,20.48780487804878,6.749931691358114,0.7932560975609756,0.09733952427997629,12.634146341463415,4.152976606528042,30.109756097560975,4.524299543523866,42.74390243902439,6.314418099950433,23.097560975609756,4.649730527430332,15.231707317073171,3.4970844310964817,7.646341463414634,2.7548921747155446,4.317073170731708,2.1538254728318753,20.170731707317074,4.365422152450515,-9.024390243902438,15.60070876021786,-6.030000000000001,-14.570000000000002,-8.540000000000001,0.4,20,-12.792982456140352,57,-11.639447506824556
1610612757,POR,Portland Trail Blazers,2025,2024-25,82,110.89024390243902,11.374658966599561,113.86585365853658,13.831224466760876,99.90243902439025,4.811533869282063,111.18170731707315,11.836104297880961,113.76219512195122,13.025280644296766,-2.5731707317073167,17.434109102352004,48.24390243902439,1.0836720337741033,40.548780487804876,4.611184575115966,90.1951219512195,7.120547600647892,0.45168292682926836,0.05781513280665686,12.890243902439025,3.6311617620599486,37.74390243902439,6.629174157846188,0.3427073170731707,0.08523974726441116,16.902439024390244,5.31852053153734,22.195121951219512,6.3759560394534605,0.7595243902439024,0.09242190238112968,13.353658536585366,4.05326252137071,31.414634146341463,5.678530542645509,44.76829268292683,7.027808573472807,23.804878048780488,4.601231784594379,15.963414634146341,4.3160484955662275,8.268292682926829,2.9399285306161755,5.280487804878049,2.353218915715565,19.0,4.0276819911981905,-2.975609756097561,17.541468053599708,-7.0,-1.4999999999999996,5.5,0.625,16,-7.886956521739131,46,-5.511849782477623
1610612758,SAC,Sacramento Kings,2013,2012-13,82,100.23170731707317,12.769851435747281,105.10975609756098,12.193912767514473,95.17073170731707,5.0007527286455895,105.27317073170731,11.845966639528065,110.04756097560977,11.930862827343127,-4.773170731707316,15.347224374302415,48.36585365853659,1.7178237389420576,37.63414634146341,4.57181973420032,84.1951219512195,5.589759208555916,0.44804878048780483,0.055115569362465554,7.439024390243903,3.079592569555184,20.5,5.089931964909493,0.3580487804878049,0.11799538622901293,17.524390243902438,6.049641576478251,22.79268292682927,6.8290190624286256,0.7655853658536586,0.10068566796627569,11.5,3.739181926769742,29.085365853658537,4.4892222635068215,40.58536585365854,5.349399919068332,20.829268292682926,4.77080855545571,14.621951219512194,3.4734984104599254,8.182926829268293,2.969507789701597,4.170731707317073,2.5278931746494004,20.9390243902439,3.979414812043519,-4.878048780487805,14.692225410187659,-8.93,-3.62,5.31,0.5294117647058824,17,-9.18095238095238,42,-7.399395163730979
1610612758,SAC,Sacramento Kings,2014,2013-14,82,100.5,10.943457372295981,103.40243902439025,10.509090428388108,95.60975609756098,5.163394657027644,105.08292682926829,9.61902442215873,107.92560975609756,10.591352295659316,-2.836585365853659,13.287174844820107,48.36585365853659,1.3100956059915252,36.90243902439025,4.191731296453552,82.51219512195122,6.035376986474399,0.44847560975609757,0.05089622111412282,5.987804878048781,2.6316867915587525,17.98780487804878,5.549983655718397,0.3282073170731708,0.09165013154636563,20.70731707317073,7.03516354084051,27.28048780487805,8.524871948270974,0.7583780487804878,0.09851397597707853,12.073170731707316,3.5023113630959575,32.390243902439025,4.885746711346331,44.46341463414634,5.992165918418587,18.865853658536587,4.048356457009577,15.231707317073171,4.363990643096319,7.158536585365853,2.6826811362686955,3.8780487804878048,2.1046113033840306,22.548780487804876,4.5219695234457955,-2.902439024390244,12.777883821876449,-4.13,-6.07,-1.9400000000000004,0.44,25,-5.566666666666667,48,-4.479192722615319
1610612758,SAC,Sacramento Kings,2015,2014-15,82,101.34146341463415,10.786616664485035,105.04878048780488,11.108780243322368,96.97560975609755,5.481676795270301,104.56219512195125,9.84090280215476,108.36341463414634,10.867797171313985,-3.8048780487804885,13.085963665189992,48.426829268292686,1.6103867168783474,36.707317073170735,4.126062317016363,80.6951219512195,6.2769203433921295,0.45624390243902435,0.04985152299656235,5.621951219512195,2.5221989421463022,16.463414634146343,4.722405544026512,0.3398048780487805,0.12092477398600003,22.304878048780488,6.357049211411087,29.26829268292683,7.367008171215816,0.7600243902439024,0.09311482034639881,10.914634146341463,4.10420206079777,33.26829268292683,5.130515774345694,44.18292682926829,6.598031971415,20.329268292682926,4.3576380453793755,16.25609756097561,4.106035833010872,6.7073170731707314,2.8305555223118475,3.951219512195122,2.1824351504196895,20.682926829268293,4.52940474867239,-3.707317073170732,12.910410962922782,0.75,-2.79,-3.54,0.45,20,-7.48936170212766,47,-6.394421872679085
1610612758,SAC,Sacramento Kings,2016,2015-16,82,106.58536585365853,11.111056910436908,109.0609756097561,10.182710547696187,101.2439024390244,5.309113933209236,105.31585365853658,9.933388882670867,107.64512195121951,9.087505361134484,-2.3329268292682928,10.752330265701854,48.30487804878049,1.6381940100531207,40.03658536585366,5.02695234955748,86.3780487804878,7.47281533193785,0.4646951219512195,0.053779313344557544,8.048780487804878,2.227230129552163,22.426829268292682,4.594764835812247,0.36029268292682926,0.07742499162748102,18.463414634146343,6.605637551030609,25.475609756097562,8.02653871215242,0.7194024390243903,0.10479678863189446,10.585365853658537,4.070220728422341,33.65853658536585,5.430184300342118,44.24390243902439,6.2114211324133795,24.5,4.222953153106642,16.170731707317074,3.96218195919214,8.939024390243903,3.080594623439714,4.487804878048781,2.559146763862568,20.4390243902439,4.263243884549752,-2.475609756097561,11.085777352091759,-4.820000000000001,-2.37,2.450000000000001,0.5,22,-5.457142857142857,42,-4.153050323989778
1610612758,SAC,Sacramento Kings,2017,2016-17,82,102.8048780487805,11.536778573825861,106.6829268292683,9.992439177229418,96.47560975609755,5.238097877731359,106.5329268292683,10.053339901732414,110.91097560975608,9.782890154610527,-4.376829268292683,13.091230678837656,48.48780487804878,1.4927305532705053,37.86585365853659,4.65544204349008,82.1219512195122,6.278299376369327,0.46215853658536593,0.053374167125590795,8.987804878048781,2.7643850584860368,23.902439024390244,5.027356657864237,0.38042682926829263,0.10212350674222129,18.085365853658537,6.416031655951961,23.329268292682926,7.445364583348638,0.7704268292682926,0.08553853084404797,8.71951219512195,3.217522972737935,32.34146341463415,4.72246930646424,41.0609756097561,5.613800369802115,22.48780487804878,4.205357847808442,14.646341463414634,3.862999382298977,7.646341463414634,2.8904779869555095,3.951219512195122,2.011709174575531,20.329268292682926,4.602883900201625,-3.8780487804878048,12.479504425803151,-5.299999999999999,-4.75,0.5499999999999989,0.5666666666666667,30,-7.309302325581395,43,-6.859694127762031
1610612758,SAC,Sacramento Kings,2018,2017-18,82,98.82926829268293,9.326458947265657,105.8170731707317,10.859515994012328,95.85365853658537,4.4807460556582095,103.16585365853659,9.094771520789118,110.42926829268293,10.834666445666834,-7.2646341463414625,12.13930837771205,48.18292682926829,0.944484296943331,38.76829268292683,4.298431469555414,86.13414634146342,5.79220889041233,0.45076829268292673,0.04690739465790327,9.0,2.703450013465875,23.98780487804878,4.821489709953324,0.37691463414634135,0.09308488111309918,12.292682926829269,4.4235280173686755,16.71951219512195,5.705259410780012,0.7405731707317073,0.12418196828288908,9.463414634146341,2.9863687101343697,31.4390243902439,4.651025536654002,40.90243902439025,5.770529119881172,21.5609756097561,3.934957483183205,13.71951219512195,3.5979225495678686,7.841463414634147,3.2941006460863065,4.146341463414634,2.1205749931837707,19.98780487804878,3.3756349286221603,-6.987804878048781,11.762562396616516,-10.48,-2.78,7.700000000000001,0.56,25,-8.726415094339623,53,-7.850829844706955
1610612758,SAC,Sacramento Kings,2019,2018-19,82,114.1829268292683,11.065604644244619,115.3048780487805,12.552791263438696,104.20731707317073,5.321138383907391,109.67195121951218,10.219036633948729,110.82926829268293,10.919599411601435,-1.154878048780488,12.451804891126134,48.1219512195122,0.7760336619661978,43.18292682926829,5.011414252423637,93.13414634146342,7.042660473586741,0.46430487804878057,0.04743330314784971,11.304878048780488,3.0497481150401926,29.9390243902439,6.029449457855159,0.376780487804878,0.06355730852093862,16.51219512195122,5.863138464407558,22.74390243902439,7.09514000872786,0.7194024390243903,0.09471527960951487,11.048780487804878,3.066756999572902,34.3780487804878,5.010212395148999,45.426829268292686,5.938014149912822,25.402439024390244,4.488283116709801,13.353658536585366,4.104715599596177,8.28048780487805,2.877217406805103,4.426829268292683,2.2554761223280666,21.353658536585368,3.910643757492192,-1.1219512195121952,13.133117354778385,0.2400000000000002,-5.1,-5.34,0.4444444444444444,27,-5.456097560975611,41,-3.98942029170479
1610612758,SAC,Sacramento Kings,2020,2019-20,72,110.09722222222223,11.093913725675835,112.13888888888889,12.231690030472686,100.54166666666667,5.5486008895023184,109.60416666666667,10.308596679129403,111.38333333333334,10.542135443936862,-1.788888888888889,12.190455231370313,48.486111111111114,1.711543702811987,40.875,3.9644103339304633,88.38888888888889,7.62234586557988,0.46466666666666673,0.04967103046651675,12.694444444444445,3.800070010062598,34.875,6.102268107543131,0.3645555555555556,0.09090838739235539,15.652777777777779,5.719154183062392,20.333333333333332,6.87104559769718,0.7668194444444444,0.11696108976064164,9.652777777777779,3.3741340974638563,32.94444444444444,4.684072168677288,42.59722222222222,6.073863939963535,23.791666666666668,4.165375386766006,14.48611111111111,4.017542713185408,7.722222222222222,2.6335977759894162,4.069444444444445,2.183977434290434,22.15277777777778,3.9348916702958934,-2.0416666666666665,12.232993368777873,-4.01,-1.7800000000000007,2.229999999999999,0.42857142857142855,28,-5.621621621621623,37,-3.7214535419327657
1610612758,SAC,Sacramento Kings,2021,2020-21,72,113.73611111111111,10.029524100256266,117.41666666666667,12.21837683141121,100.91666666666667,3.924462823203225,112.84027777777777,10.61346022510669,116.55694444444445,11.94450579559889,-3.7138888888888886,13.76823559589609,48.06944444444444,0.5892556509887894,42.59722222222222,4.051289908381371,88.63888888888889,6.302929244240567,0.4821944444444445,0.050361409015205985,12.13888888888889,3.35800727106879,33.333333333333336,5.173061316114636,0.36375,0.0820478647660989,16.40277777777778,5.530096202260841,22.01388888888889,6.888432957298688,0.7412083333333334,0.10612720742076265,9.36111111111111,4.156466387756656,32.041666666666664,5.625489024126114,41.40277777777778,7.161437660021377,25.5,4.500391219300892,13.375,3.601398398196902,7.541666666666667,2.857840709543966,4.972222222222222,2.679984350502039,19.444444444444443,3.6995960528977467,-3.6805555555555554,13.885676467303153,-7.609999999999999,3.4900000000000007,11.1,0.6666666666666666,24,-6.843589743589744,39,-6.154121418596941
1610612758,SAC,Sacramento Kings,2022,2021-22,82,110.3048780487805,13.577113117383542,115.76829268292683,10.306774447819134,100.63414634146342,4.793287990106328,109.54756097560977,11.905878054529303,114.8719512195122,9.35109783467377,-5.330487804878048,14.150816309607178,48.30487804878049,1.8168554056917154,40.5,5.402902740628537,88.08536585365853,7.298234556540124,0.46092682926829276,0.057195307691462846,11.426829268292684,2.893289331483459,33.19512195121951,5.174579423215622,0.34626829268292686,0.07743177782281747,17.878048780487806,5.109638058024348,23.26829268292683,6.299223507875237,0.7685609756097561,0.08574497034682078,9.560975609756097,3.8493147088531012,33.3780487804878,4.875335363969471,42.9390243902439,6.540184542598903,23.695121951219512,4.401708490945905,14.097560975609756,3.268290435805741,7.170731707317073,3.0421113446590384,4.5,2.353090953838597,18.926829268292682,3.7277090167689715,-5.463414634146342,13.897504103078791,1.97,-5.370000000000001,-7.340000000000001,0.5652173913043478,23,-9.198039215686274,51,-8.512536273272415
1610612758,SAC,Sacramento Kings,2023,2022-23,82,120.70731707317073,13.387379172493022,118.0609756097561,11.97564149262542,101.7439024390244,5.392749992739466,118.61463414634149,11.171934876145865,116.09024390243901,10.770439767218578,2.518292682926829,13.43888891689661,48.36585365853659,1.527623791205016,43.573170731707314,5.571156955457518,88.1951219512195,7.369337582489853,0.4945731707317073,0.0518952007790356,13.75609756097561,3.8218377571812487,37.31707317073171,6.148126380823669,0.367719512195122,0.07885793984312751,19.804878048780488,5.692618188214992,25.0609756097561,6.637617378889323,0.7918536585365854,0.09796700401328375,9.536585365853659,3.4000549086024465,32.91463414634146,5.567101822672621,42.451219512195124,6.601818752443027,27.28048780487805,5.143074908281535,13.487804878048781,4.202421120032994,7.0,3.083208205669246,3.3536585365853657,1.7803588986182506,19.70731707317073,3.84735857721635,2.6463414634146343,13.56408834469549,-1.06,5.04,6.1,0.5555555555555556,27,-0.31276595744680863,47,0.5913026418597785
1610612758,SAC,Sacramento Kings,2024,2023-24,82,116.5609756097561,12.900471386712882,114.8170731707317,13.527409804514361,100.3170731707317,5.197050561404018,116.13780487804877,10.885051934454808,114.45609756097558,12.802595199498272,1.6817073170731711,16.216590560125784,48.426829268292686,1.6103867168783477,43.329268292682926,5.765060530019152,90.91463414634147,5.900829026317572,0.4767195121951219,0.0559031955159534,14.365853658536585,3.6700731486703893,39.25609756097561,5.4474163671215825,0.3655975609756098,0.07750903726776155,15.536585365853659,5.5001573983117025,20.853658536585368,6.713027598355622,0.7403048780487804,0.09953145653565208,10.829268292682928,4.045436014129296,33.15853658536585,5.264531944761131,43.98780487804878,6.812287196701727,28.341463414634145,4.500259285246513,13.146341463414634,3.614517884349758,7.621951219512195,3.0046886977573224,4.170731707317073,2.5278931746494004,19.902439024390244,3.459143389636115,1.7439024390243902,16.079901553357626,-0.21999999999999992,6.859999999999999,7.079999999999999,0.5652173913043478,23,-2.567857142857143,56,-0.8387821937264074
1610612758,SAC,Sacramento Kings,2025,2024-25,82,115.73170731707317,11.437483082886017,115.2560975609756,12.213947679447882,99.86585365853658,5.530526273982312,115.97560975609758,10.649529763867916,115.35731707317072,10.944394026819065,0.6195121951219509,15.825993924860644,48.48780487804878,1.6868694244915796,43.03658536585366,4.851994936414616,90.0609756097561,7.73216396167735,0.4790609756097562,0.050009714503438704,12.585365853658537,3.8552552541142053,35.207317073170735,6.0159003408109335,0.3559390243902439,0.08158497010592443,17.073170731707318,5.390390369988168,21.195121951219512,6.282326816702381,0.8071951219512195,0.09221987132537594,10.987804878048781,3.7168083428869036,33.207317073170735,5.227509864142286,44.19512195121951,6.34684528302626,26.451219512195124,5.123541500444303,13.317073170731707,3.6136847197617015,7.560975609756097,2.7759885836728007,4.353658536585366,2.1623715331541344,18.878048780487806,3.979547228735856,0.47560975609756095,15.727796899204279,4.840000000000001,2.47,-2.3700000000000006,0.4230769230769231,26,-4.330232558139535,43,-2.0438631619971184
1610612759,SAS,San Antonio Spurs,2013,2012-13,82,103.02439024390245,11.508424836449164,96.6219512195122,11.195943096709254,96.2439024390244,5.918293413530285,107.10487804878052,10.628019134612293,100.33048780487803,9.969777651772148,6.771951219512196,14.203783832418914,48.48780487804878,1.6868694244915796,39.146341463414636,5.006469767838836,81.40243902439025,6.686747084368463,0.48251219512195126,0.06180000477494867,8.085365853658537,3.1395573310371345,21.51219512195122,5.009235673786118,0.3772073170731707,0.11513489005841114,16.646341463414632,4.964993382610965,21.036585365853657,5.759469115519477,0.7889634146341462,0.0938145590220016,8.121951219512194,2.7639220831169795,33.18292682926829,5.473004566253738,41.30487804878049,6.1437291614812946,25.097560975609756,5.027356657864237,14.707317073170731,3.766282526718214,8.475609756097562,2.7044800954287513,5.439024390243903,2.744680875895936,17.402439024390244,4.2305758184312605,6.402439024390244,13.740864310603206,5.839999999999999,-3.5900000000000007,-9.43,0.6153846153846154,26,3.555263157894736,38,5.125840405597728
1610612759,SAS,San Antonio Spurs,2014,2013-14,82,105.35365853658537,10.560083182448652,97.63414634146342,10.952774263951813,96.1829268292683,5.013877159187235,109.57439024390244,9.912130129174123,101.38536585365854,10.170620020082046,8.19512195121951,13.795820644995896,48.18292682926829,1.2285497701720605,40.5609756097561,4.661631042318388,83.46341463414635,7.165064630503299,0.48735365853658547,0.052344153623385965,8.512195121951219,3.035769890102826,21.426829268292682,4.724588917527812,0.39709756097560983,0.11291749525524579,15.71951219512195,5.63120580084358,20.024390243902438,6.314739977357107,0.7806341463414636,0.09627539103217432,9.292682926829269,3.3974856530117914,33.97560975609756,5.542151852346843,43.26829268292683,6.565996921077569,25.170731707317074,5.156333461543828,14.390243902439025,3.697700645432776,7.365853658536586,2.37534764250714,5.121951219512195,2.6452391145035885,18.23170731707317,3.9668340471619907,7.719512195121951,13.511105985236512,9.28,5.710000000000001,-3.5699999999999985,0.9090909090909091,11,3.5863636363636364,44,5.8703461099085406
1610612759,SAS,San Antonio Spurs,2015,2014-15,82,103.1829268292683,11.287629029414948,96.98780487804878,11.071589603869858,95.85365853658537,4.956905524194548,107.69024390243902,10.882227097724245,101.33292682926826,10.033832335050914,6.363414634146342,12.669575808182742,48.670731707317074,2.5774658721682644,39.1219512195122,5.143353001336435,83.58536585365853,7.199024658753306,0.4696585365853659,0.0612403118086818,8.25609756097561,3.2310644028786446,22.524390243902438,5.197876132640524,0.3618048780487805,0.10628083448289256,16.682926829268293,5.586310535763953,21.390243902439025,6.818196600131795,0.781670731707317,0.09416311758346918,9.829268292682928,3.7901916237064235,33.80487804878049,4.743908438080873,43.63414634146341,6.054306079294023,24.390243902439025,5.351257144465861,13.975609756097562,3.674992600164205,8.012195121951219,2.723894735366737,5.414634146341464,2.387990629632933,19.073170731707318,4.634227166128236,6.195121951219512,12.327264797689375,3.4799999999999995,13.37,9.89,0.43478260869565216,23,1.453488372093023,43,4.308768287107178
1610612759,SAS,San Antonio Spurs,2016,2015-16,82,103.53658536585365,10.478897220688754,92.90243902439025,10.746931524281434,94.71951219512195,4.134391711102989,109.40121951219514,11.000387130139917,98.18414634146342,10.276359896337832,11.223170731707317,14.0882956305211,48.0609756097561,0.5521576303742327,40.109756097560975,4.6798915719236875,82.89024390243902,5.526604783554215,0.4847439024390243,0.053970456247338885,6.951219512195122,2.3980570274234654,18.51219512195122,3.9007561863893683,0.37969512195121946,0.12017751161052771,16.365853658536587,4.609470109933372,20.390243902439025,5.868425867470713,0.8077926829268294,0.0913272149619873,9.390243902439025,3.141738519901282,34.52439024390244,4.974566448646797,43.91463414634146,5.648557599150282,24.51219512195122,4.787442169818726,13.060975609756097,4.0865559799390425,8.25609756097561,2.892352520263645,5.914634146341464,2.876903425784183,17.475609756097562,4.022239440589597,10.634146341463415,13.522283570683397,11.01,0.7300000000000002,-10.28,0.6,15,7.5394736842105265,38,8.397448719100309
1610612759,SAS,San Antonio Spurs,2017,2016-17,82,105.32926829268293,10.608702318855656,98.13414634146342,9.060512883204506,95.51219512195122,4.581885703881395,110.30731707317072,10.124884154043015,102.9451219512195,9.328360479966644,7.359756097560974,12.722720608928878,48.30487804878049,1.203790560412963,39.292682926829265,4.782911466434884,83.70731707317073,6.79049409078521,0.4703658536585366,0.05214758548086855,9.182926829268293,2.4349717912554087,23.5,4.386426876255974,0.3940121951219512,0.0919273054052634,17.5609756097561,5.195196168958943,22.024390243902438,6.162362080706618,0.7969024390243903,0.08832007024902398,10.012195121951219,3.9362007829165298,33.86585365853659,4.793931851372497,43.8780487804878,5.932522299755582,23.829268292682926,5.467761584226693,13.426829268292684,3.4139528076644456,7.987804878048781,2.8436366146231298,5.902439024390244,2.5122404348328033,18.26829268292683,3.6414919628839315,7.195121951219512,12.14159163848828,5.74,2.19,-3.5500000000000003,0.56,25,5.348648648648648,37,6.029565764175488
1610612759,SAS,San Antonio Spurs,2018,2017-18,82,102.73170731707317,11.398558258938495,99.84146341463415,11.951000280667786,95.9390243902439,4.43428717384638,107.1390243902439,11.394960507275167,104.0329268292683,11.019590354220382,3.102439024390243,14.4842781996678,48.1219512195122,0.7760336619661979,39.048780487804876,5.005928433575905,85.35365853658537,6.179160419256125,0.4577560975609755,0.05041618419741226,8.487804878048781,2.965829688170777,24.109756097560975,4.309066231984492,0.35225609756097565,0.10774338637726098,16.146341463414632,5.5044806691929455,20.914634146341463,7.062684446645886,0.7780975609756098,0.10666812611919357,10.353658536585366,3.4043253214563585,33.86585365853659,4.545414716093873,44.21951219512195,5.575573690781149,22.78048780487805,4.825407013457876,13.146341463414634,3.7486522721201956,7.658536585365853,2.7854095702344437,5.609756097560975,2.381803951469131,17.170731707317074,4.081892801227223,2.8902439024390243,13.93105253134648,-0.17999999999999935,0.5600000000000002,0.7399999999999995,0.52,25,0.09999999999999983,49,0.10078948263014655
1610612759,SAS,San Antonio Spurs,2019,2018-19,82,111.65853658536585,12.64444396816551,109.97560975609755,14.31478180129439,99.53658536585365,5.216770492284083,112.12439024390245,10.610995473198983,110.47682926829269,12.431275758458442,1.646341463414634,15.851721837557477,48.30487804878049,1.4374963178932458,42.292682926829265,5.167533511219975,88.39024390243902,6.818196600131795,0.4795975609756098,0.05723912582178309,9.902439024390244,3.0494272123460444,25.25609756097561,5.426981007389088,0.396670731707317,0.11568017371002452,17.170731707317074,5.5283888619209725,20.975609756097562,6.386667458741344,0.8196219512195122,0.0956536499395764,9.231707317073171,3.5111771459606205,35.48780487804878,5.405173339094217,44.71951219512195,5.468821594790958,24.548780487804876,5.013937214970283,12.097560975609756,3.339290070546196,6.109756097560975,2.6943291959818843,4.7073170731707314,2.0577334101171405,18.134146341463413,3.578958380511136,1.6829268292682926,15.74870408055222,0.5200000000000004,3.7099999999999995,3.189999999999999,0.6190476190476191,21,0.22972972972972935,37,0.22266826910015958
1610612759,SAS,San Antonio Spurs,2020,2019-20,71,114.05633802816901,10.696978644116106,115.16901408450704,10.938772346230447,102.09859154929578,5.899527655614144,111.82112676056337,9.65546352357725,112.82535211267606,10.9223325388184,-0.9971830985915493,12.229320409000492,48.49295774647887,1.7227323765014335,42.183098591549296,4.623881669132639,89.43661971830986,6.684165498434548,0.4727746478873239,0.04961313109107266,10.704225352112676,3.3907199665186285,28.464788732394368,5.309912525282968,0.3745492957746479,0.09378193379665317,18.985915492957748,6.160920519686924,23.43661971830986,6.995370702657983,0.8069859154929576,0.08781238001846346,9.014084507042254,3.8563230368039854,35.63380281690141,5.943157978765446,44.647887323943664,7.185498474704443,24.661971830985916,4.410842685836253,12.605633802816902,3.973048031925099,7.295774647887324,3.00187734686709,5.492957746478873,2.254349696771109,19.3943661971831,4.196865746310611,-1.1126760563380282,12.28303044945069,0.03999999999999972,3.660000000000001,3.6200000000000014,0.5,26,-1.8026315789473688,38,-1.5872032875332887
1610612759,SAS,San Antonio Spurs,2021,2020-21,72,111.08333333333333,12.446788148404696,112.81944444444444,14.078578662343713,100.5,4.738217410097611,110.46111111111111,10.432999589676244,111.93194444444445,11.956397620236965,-1.4680555555555554,15.165294203495037,48.55555555555556,1.791127498303783,41.861111111111114,5.077721446285921,90.52777777777777,6.508871999854132,0.46269444444444446,0.048034506050525776,9.944444444444445,3.4636498249023626,28.416666666666668,5.5405038668510596,0.3467777777777778,0.08625743033472491,17.416666666666668,6.220705996797434,22.0,7.545169147526696,0.7930972222222221,0.09011606908686282,9.291666666666666,3.199636863198389,34.56944444444444,4.471589152210418,43.861111111111114,4.885464371820299,24.430555555555557,4.288295202449219,11.402777777777779,3.4951061247351545,7.013888888888889,2.7347171007772,5.083333333333333,2.1542620709705993,17.958333333333332,4.2935834864282745,-1.7361111111111112,15.172243983024995,-2.13,-8.690000000000001,-6.560000000000001,0.4230769230769231,26,-5.728205128205129,39,-3.5901790667520146
1610612759,SAS,San Antonio Spurs,2022,2021-22,82,113.15853658536585,13.27530847535864,113.03658536585365,12.97142645377559,101.09756097560975,5.449226371861572,111.91463414634147,11.29853177341503,111.72560975609754,11.549718728610975,0.19268292682926796,14.595329715465892,48.30487804878049,1.437496317893246,43.24390243902439,5.231813828968079,92.6951219512195,6.612164294057655,0.46702439024390235,0.051073410155698926,11.28048780487805,3.5040519411136417,32.02439024390244,5.891981598280118,0.35059756097560973,0.08406888118739998,15.390243902439025,6.275085160134297,20.402439024390244,7.817138114342434,0.7547439024390243,0.10974671298833259,10.987804878048781,3.7267597630955183,34.329268292682926,4.755905693363506,45.31707317073171,6.164169762326268,27.914634146341463,4.932135038432965,12.71951219512195,3.4400487731393925,7.634146341463414,2.737540552140932,4.914634146341464,2.4404068650468473,18.085365853658537,4.040539077566031,0.12195121951219512,14.812732464313243,0.7400000000000002,7.830000000000001,7.090000000000001,0.375,24,-5.178723404255319,47,-3.639409811749755
1610612759,SAS,San Antonio Spurs,2023,2022-23,82,113.03658536585365,12.59477171750562,123.07317073170732,12.750967513816041,103.0609756097561,5.40312566369406,109.8158536585366,12.047759583867261,119.72073170731707,12.095593910618328,-9.898780487804878,14.91604897460946,48.426829268292686,1.6103867168783477,43.08536585365854,5.145299231870417,92.59756097560975,7.892580913990709,0.4674146341463415,0.0595346047766665,11.109756097560975,3.3296501783441976,32.19512195121951,6.223093241396687,0.3464878048780488,0.08046903305956711,15.75609756097561,5.313762647300482,21.20731707317073,6.4783357962015895,0.7402682926829268,0.107318845212711,11.768292682926829,3.762382947567051,31.9390243902439,5.377932874199693,43.707317073170735,6.435794587484711,27.21951219512195,4.452837603379632,15.28048780487805,3.525128104646756,6.975609756097561,2.6009286554077047,3.926829268292683,2.3767416631711953,19.878048780487806,3.8630578430597766,-10.036585365853659,15.341740949345361,-6.919999999999999,-12.79,-5.87,0.5,12,-13.112,50,-10.594467477856394
1610612759,SAS,San Antonio Spurs,2024,2023-24,82,112.09756097560975,12.147864473300158,118.58536585365853,12.103413679784923,102.59756097560975,5.050020794719589,109.41097560975611,11.95450228835817,115.7048780487805,11.088442458604536,-6.292682926829269,14.394810282994651,48.36585365853659,1.527623791205016,41.926829268292686,4.515489084716574,90.6829268292683,5.7303136939976484,0.46335365853658533,0.050207316360063446,12.634146341463415,3.2413691480034212,36.390243902439025,5.108105632194162,0.3486341463414634,0.07971562298588465,15.609756097560975,4.81960015133927,19.963414634146343,5.1960220348310555,0.7777439024390242,0.10183353773097141,10.353658536585366,3.0605895955006317,33.8780487804878,5.068396985003354,44.23170731707317,6.0211536167284505,29.865853658536587,4.88576211910615,15.146341463414634,4.1069707415669185,7.121951219512195,2.37471372622927,6.341463414634147,2.672306592316148,17.24390243902439,3.8088946441346256,-6.487804878048781,14.882456240954532,-11.330000000000002,0.8400000000000002,12.170000000000002,0.34782608695652173,23,-9.478947368421053,57,-9.193034410980799
1610612759,SAS,San Antonio Spurs,2025,2024-25,82,113.92682926829268,11.734491196873563,116.6829268292683,13.227242789853841,100.3780487804878,4.615166205967257,113.5621951219512,11.081623541121418,116.34268292682926,12.19901868637675,-2.7804878048780486,15.066989827937036,48.1219512195122,0.7760336619661979,41.78048780487805,5.103918587153784,89.78048780487805,6.253935827889156,0.4661219512195122,0.05247795310011471,14.121951219512194,3.4761630752866224,39.59756097560975,5.914743570822132,0.3572317073170732,0.06949932032361283,16.24390243902439,5.451381013406356,20.98780487804878,6.743069423149076,0.7754756097560975,0.09462560737248274,10.926829268292684,3.2156273039867567,32.74390243902439,5.426981007389088,43.670731707317074,6.261887220060738,28.634146341463413,4.495573117782885,13.878048780487806,4.053318237978832,8.207317073170731,3.161253872496098,5.548780487804878,2.7223466593980206,16.621951219512194,3.412541299537322,-2.7560975609756095,15.351487622939931,-2.4900000000000007,-8.09,-5.6,0.4090909090909091,22,-5.787234042553192,47,-4.331517389388702
1610612760,OKC,Oklahoma City Thunder,2013,2012-13,82,105.71951219512195,10.158344365738733,96.51219512195122,11.88031248543492,95.21951219512195,5.5533871106815536,111.1378048780488,10.048482966934166,101.19512195121953,11.192886877459763,9.948780487804877,13.630414827545513,48.36585365853659,1.3100956059915252,38.1219512195122,4.77232309789242,79.3170731707317,6.967079641809808,0.48141463414634145,0.05109660451609652,7.2926829268292686,2.9751555821048417,19.365853658536587,4.829212023554488,0.3765731707317073,0.12023352077610223,22.182926829268293,6.047401337173807,26.78048780487805,6.906830382450999,0.8289268292682928,0.07859487943735877,10.414634146341463,3.3809605600987256,33.23170731707317,5.006905800098191,43.646341463414636,5.558603499946509,21.378048780487806,4.625853925579683,15.28048780487805,4.059052952379386,8.28048780487805,2.6540181055877734,7.609756097560975,3.0982117405303167,20.170731707317074,4.09999963278764,9.207317073170731,12.838731721599727,6.630000000000001,8.879999999999999,2.2499999999999982,0.4,15,5.610810810810811,37,7.825838356246183
1610612760,OKC,Oklahoma City Thunder,2014,2013-14,82,106.15853658536585,11.20457304368344,99.8170731707317,11.1500739617549,97.0,5.40690002693175,109.50243902439026,10.605740067189055,103.0329268292683,9.955742246241226,6.467073170731708,12.416486997238978,48.30487804878049,1.4374963178932458,38.951219512195124,4.986159706415969,82.70731707317073,6.5498804152273635,0.47225609756097564,0.060326643986769346,8.097560975609756,3.141163408351191,22.426829268292682,5.973254149204154,0.3644390243902439,0.11696713662772243,20.158536585365855,6.428081741002938,25.024390243902438,7.408662946891591,0.804109756097561,0.0847530918038401,10.817073170731707,3.9413228611488447,33.91463414634146,5.67254862378367,44.73170731707317,6.522607939546283,21.878048780487806,4.965038867980194,15.317073170731707,3.737953651498743,8.268292682926829,2.8976311333370353,6.109756097560975,2.383099431987709,22.658536585365855,4.332534149082495,6.341463414634147,12.215371324581598,2.29,4.9,2.6100000000000003,0.6190476190476191,21,2.958139534883722,43,5.1963630879680505
1610612760,OKC,Oklahoma City Thunder,2015,2014-15,82,103.95121951219512,14.09220293920062,101.76829268292683,13.21549668399327,97.41463414634147,5.539869454075823,106.54268292682924,11.75157494554209,104.52926829268294,11.527417534450207,2.023170731707317,13.644383810763648,48.36585365853659,1.3100956059915252,38.829268292682926,5.526155268411047,86.8170731707317,7.869503645352074,0.4479634146341463,0.056374069234209866,7.7073170731707314,2.7821645577892204,22.73170731707317,4.680004169270605,0.33564634146341465,0.09138986787063885,18.585365853658537,7.06748985336814,24.634146341463413,7.689197481157946,0.7412926829268293,0.14115777774322033,12.829268292682928,3.637272339993052,34.68292682926829,5.239635386382746,47.51219512195122,6.643002263477599,20.5,4.298291363085489,14.695121951219512,4.203728575391326,7.2926829268292686,2.4869427156778126,5.536585365853658,3.039635788575764,22.304878048780488,4.684329074033248,2.182926829268293,13.376899240975911,-5.07,0.5899999999999999,5.66,0.32,25,-2.855813953488372,43,-0.5466565951598864
1610612760,OKC,Oklahoma City Thunder,2016,2015-16,82,110.21951219512195,11.409357638991658,102.9390243902439,12.08748721548788,98.3048780487805,5.337241679966946,112.19146341463416,10.810982084641868,104.75243902439026,10.852925026555678,7.440243902439024,13.59891843698706,48.36585365853659,1.527623791205016,41.1219512195122,4.810970600725791,86.36585365853658,6.447340719140733,0.4767682926829268,0.050156126314993915,8.268292682926829,2.948315193662368,23.71951219512195,5.3455286270226425,0.35000000000000003,0.10439384116926666,19.70731707317073,5.439879730147564,25.20731707317073,6.6994339264791956,0.7862926829268293,0.08629371145777356,13.060975609756097,3.4760114825124306,35.5609756097561,5.822683529171,48.6219512195122,6.971972538959892,22.963414634146343,4.665198504374203,15.914634146341463,3.689160697858268,7.353658536585366,2.873342576334331,5.939024390243903,2.8860993411185936,20.621951219512194,4.27926451481029,7.280487804878049,13.20051849921046,6.2,7.58,1.38,0.5,28,3.9512820512820506,39,5.201353408275227
1610612760,OKC,Oklahoma City Thunder,2017,2016-17,82,106.59756097560975,10.85921098024714,105.84146341463415,11.548576431104603,98.76829268292683,5.631259272995596,108.03902439024391,10.346774485138416,107.17560975609757,10.768570648936572,0.8621951219512197,14.097803350858674,48.30487804878049,1.2037905604129633,39.47560975609756,4.989434787643843,87.42682926829268,6.905053593635943,0.4520853658536586,0.050855690583053864,8.439024390243903,2.8935755188604273,25.804878048780488,4.728268088925031,0.32653658536585367,0.10053808259756031,19.20731707317073,5.673716322708522,25.76829268292683,6.985520793239778,0.7476951219512196,0.0923947100490427,12.21951219512195,3.555640242893884,34.40243902439025,5.321421317835592,46.6219512195122,5.834423694714237,20.98780487804878,4.952849042770205,15.0,3.5555555555555554,7.902439024390244,2.8048008053985702,4.975609756097561,2.2877861947721563,20.914634146341463,3.878402431421242,0.7560975609756098,13.689286588387516,2.13,0.010000000000000054,-2.1199999999999997,0.5384615384615384,26,-2.158974358974359,39,-1.78070175709912
1610612760,OKC,Oklahoma City Thunder,2018,2017-18,82,107.85365853658537,12.964454682527013,104.4390243902439,11.82704325361392,98.0,5.358735800794442,110.05243902439025,11.711566780190147,106.44024390243901,11.087551241476621,3.609756097560975,13.126174113326298,48.36585365853659,1.888968593886662,39.890243902439025,5.678649851620369,88.0609756097561,7.104767241433974,0.45321951219512197,0.05522792825209333,10.74390243902439,3.0663887781089496,30.378048780487806,5.115071518519208,0.35214634146341456,0.07238888836892973,17.329268292682926,5.87956258986313,24.20731707317073,7.2277548122925745,0.7146463414634147,0.10517467797756469,12.487804878048781,4.074139771171043,32.573170731707314,4.648192235365333,45.0609756097561,6.023303635942305,21.341463414634145,5.065544496088733,13.987804878048781,3.824850202631275,9.060975609756097,3.267299866732599,5.024390243902439,2.388116721489802,20.158536585365855,4.059646375754402,3.4146341463414633,12.77048218731765,5.64,4.07,-1.5699999999999994,0.4642857142857143,28,2.138775510204081,49,2.8888413417061067
1610612760,OKC,Oklahoma City Thunder,2019,2018-19,82,114.47560975609755,11.927999645771845,111.07317073170732,13.100542338980821,104.2560975609756,5.723702021408044,109.72317073170733,8.711497989998625,106.3439024390244,9.867718882344676,3.379268292682927,11.056284038588426,48.426829268292686,1.7918229065718263,42.646341463414636,4.9425638151822024,93.97560975609755,7.460142006651738,0.4548536585365854,0.048024459290590335,11.365853658536585,3.7400475177609582,32.646341463414636,8.026763797891928,0.3513292682926829,0.08521129219755157,17.817073170731707,5.2071367189075,24.98780487804878,6.5442348625921145,0.7139756097560975,0.09851038368653353,12.573170731707316,4.073493019252424,35.5,5.174128423055579,48.073170731707314,6.2435754393446,23.378048780487806,5.318591301246022,13.963414634146341,3.2373023442260296,9.341463414634147,3.5214317801990145,5.182926829268292,2.2229334905079643,22.426829268292682,4.838198031572606,3.402439024390244,11.687135225545509,2.6000000000000005,3.1799999999999997,0.5799999999999992,0.45454545454545453,22,1.2026315789473687,38,2.0747816525606986
1610612760,OKC,Oklahoma City Thunder,2020,2019-20,72,110.41666666666667,11.694166115066118,108.43055555555556,10.94522391034438,100.25,4.704657566380512,110.27638888888889,11.651893312338915,108.15000000000002,10.324372913467338,2.1236111111111113,13.032337819045896,48.416666666666664,1.391624848265458,39.986111111111114,4.868678438134861,85.5,6.549916675096274,0.4693194444444444,0.06017739653065873,10.694444444444445,3.3425927732187684,30.15277777777778,6.165921157829513,0.3538888888888889,0.0838861662545672,19.75,5.671152601630987,24.819444444444443,6.7497029436750795,0.7971805555555556,0.08251595260002655,8.23611111111111,3.64824115660906,34.65277777777778,5.323770035091812,42.888888888888886,6.177094343029877,21.694444444444443,4.616684039220885,13.694444444444445,3.9455408557962537,7.638888888888889,2.541517543535782,4.902777777777778,2.2464978830735958,19.305555555555557,3.938394928976577,1.9861111111111112,13.545430137920437,1.8400000000000003,1.7500000000000007,-0.08999999999999964,0.6,25,-1.9882352941176469,34,-0.4315955523541908
1610612760,OKC,Oklahoma City Thunder,2021,2020-21,72,105.0,10.941586258818003,115.63888888888889,13.129158555743267,102.125,4.402104170366776,102.85,10.261743530301766,113.36527777777776,11.44072488250835,-10.511111111111111,15.11246622387498,48.208333333333336,1.0061431029739116,38.81944444444444,4.637041276470052,88.02777777777777,7.354163757330949,0.44199999999999995,0.04865428487419909,11.902777777777779,3.4890562193857564,35.125,6.317731586128537,0.33947222222222223,0.08099590882073242,15.458333333333334,5.043298440002295,21.333333333333332,5.871871357534719,0.7241666666666666,0.12012657643584614,9.930555555555555,4.07440098038752,35.666666666666664,5.280845002806083,45.59722222222222,6.636772765332119,22.055555555555557,4.076344982874404,16.13888888888889,4.29315063910127,7.0,2.863072318086211,4.388888888888889,2.335009458348944,18.125,3.9107562036653527,-10.63888888888889,15.763485669044924,-5.0600000000000005,-18.240000000000002,-13.180000000000001,0.6666666666666666,18,-11.717948717948717,39,-11.274622116149564
1610612760,OKC,Oklahoma City Thunder,2022,2021-22,82,103.73170731707317,11.817593894026961,111.82926829268293,14.28528110497368,99.97560975609755,4.021472028738772,103.7012195121951,10.505078065445115,111.68658536585365,13.122083564937974,-7.98658536585366,15.639209684455002,48.30487804878049,1.203790560412963,38.30487804878049,4.539780340556121,89.14634146341463,5.513444737150957,0.4301341463414634,0.04809500941619361,12.085365853658537,3.337779329457381,37.390243902439025,5.172949817688201,0.3228780487804878,0.07575079191109545,15.036585365853659,4.925231390067792,19.902439024390244,6.085014493419466,0.7559878048780487,0.10684966869997674,10.414634146341463,3.5134704432877575,35.207317073170735,4.948469784374297,45.6219512195122,6.060681304452024,22.21951219512195,4.351881642827936,13.963414634146341,3.581313373648978,7.585365853658536,2.615014668477119,4.634146341463414,2.5507790875786216,18.25609756097561,4.141959265645376,-8.097560975609756,15.51789867098322,-7.3,-8.76,-1.46,0.48,25,-12.341176470588238,51,-10.254550655991508
1610612760,OKC,Oklahoma City Thunder,2023,2022-23,82,117.47560975609755,12.12713069964711,116.39024390243902,11.43284859955169,102.86585365853658,5.274588966776771,114.19268292682926,10.166050746222284,113.25243902439027,10.176652359050928,0.9378048780487804,12.86774741425293,48.426829268292686,1.6103867168783477,43.08536585365854,5.140498173274349,92.5609756097561,6.700096850185593,0.4665853658536585,0.05374538767911232,12.134146341463415,3.4987200309345976,34.109756097560975,5.973203738592896,0.356890243902439,0.08729855203606814,19.170731707317074,6.359215880789739,23.70731707317073,7.008791313486314,0.8043536585365855,0.0850452852426601,11.390243902439025,3.5685737288580284,32.26829268292683,4.899102413349715,43.65853658536585,5.896681452560073,24.414634146341463,4.901376021234821,13.048780487804878,3.530825241992461,8.24390243902439,2.632001424113822,4.158536585365853,2.3489924932219104,21.0,4.064298035149307,1.0853658536585367,12.99591694617606,-2.5100000000000002,-2.0600000000000005,0.44999999999999973,0.36,25,-1.98125,48,-0.16717127090258072
1610612760,OKC,Oklahoma City Thunder,2024,2023-24,82,120.08536585365853,11.911402587138667,112.67073170731707,13.785889080128257,101.51219512195122,4.450673142149119,118.27195121951219,10.348045373852953,111.140243902439,13.396045664521676,7.134146341463414,17.24677260566896,48.30487804878049,1.4374963178932458,44.548780487804876,5.121131334846859,89.3170731707317,6.6867808578936945,0.5000243902439024,0.05692142637432591,13.292682926829269,4.123069110005039,34.207317073170735,6.632761570143432,0.3872073170731707,0.09364797992124721,17.695121951219512,5.339554298665861,21.451219512195124,6.277831738262468,0.8296829268292684,0.08715629186169521,8.804878048780488,3.112852783875282,33.23170731707317,6.492728659365285,42.03658536585366,7.0210356275086765,27.109756097560975,5.597631989546514,12.670731707317072,3.0309305829621564,8.463414634146341,3.300561575678437,6.560975609756097,2.429741443215564,18.841463414634145,3.920410384776668,7.414634146341464,17.377402112671682,1.48,7.8199999999999985,6.339999999999998,0.5882352941176471,17,3.3188679245283024,53,4.49593879506566
1610612760,OKC,Oklahoma City Thunder,2025,2024-25,82,120.5,12.546456880207797,107.63414634146342,11.920013459187397,101.04878048780488,4.33447973161856,119.20365853658535,10.946350032885716,106.62926829268291,11.638924559000001,12.576829268292686,12.9587503091706,48.0609756097561,0.5521576303742328,44.63414634146341,4.990143853840637,92.6829268292683,7.0253123453790645,0.48207317073170725,0.04466743517520326,14.536585365853659,4.187562778453225,38.829268292682926,6.6533290248052195,0.3736463414634146,0.08143654228016212,16.695121951219512,5.496775765128572,20.390243902439025,6.397831610982991,0.8190487804878046,0.07738039794514338,10.621951219512194,4.0357667709730025,34.15853658536585,5.836178168095634,44.78048780487805,7.125028724644549,26.853658536585368,5.190499277156369,11.71951219512195,3.1516187893964274,10.329268292682928,3.406801033984091,5.670731707317073,2.7264360947915565,19.890243902439025,3.8618299812361894,12.865853658536585,13.147559690128062,12.48,11.599999999999998,-0.8800000000000026,0.3333333333333333,6,8.83409090909091,44,10.367284049219181
1610612761,TOR,Toronto Raptors,2013,2012-13,82,97.20731707317073,10.720624872240883,98.6829268292683,13.564548973658413,92.57317073170732,6.146424209496398,105.08170731707318,10.15823120659362,106.2939024390244,11.602302321128256,-1.2085365853658538,14.95579660710074,48.73170731707317,2.3729378597255004,36.329268292682926,5.12089613600709,81.52439024390245,7.591785049702823,0.4457926829268293,0.04950389379993269,6.963414634146342,3.120798892461769,20.304878048780488,5.872490847193922,0.3365487804878049,0.10835779238861383,17.585365853658537,5.3953597335694035,22.329268292682926,6.371337976135211,0.7853048780487805,0.08439789492202336,10.621951219512194,3.7602214404927943,29.585365853658537,4.7660093292215695,40.207317073170735,5.859966301841441,21.524390243902438,5.183605708589907,13.707317073170731,3.175865022157612,7.2560975609756095,2.600147078507391,4.780487804878049,2.479667392291283,22.390243902439025,4.017726454812858,-1.475609756097561,13.508319896039286,-3.4799999999999995,2.3399999999999994,5.8199999999999985,0.5,24,-7.406060606060606,33,-3.8935069482810505
1610612761,TOR,Toronto Raptors,2014,2013-14,82,101.28048780487805,9.451989653035175,98.03658536585365,11.756212040009306,93.85365853658537,6.609237738718553,108.04634146341462,8.678840383396954,104.67317073170733,10.3670066489503,3.3768292682926826,10.447875308612655,48.670731707317074,2.454800678583666,36.48780487804878,3.6658042839023945,81.92682926829268,7.926795450788355,0.44701219512195123,0.04159816410432492,8.695121951219512,2.844483612535205,23.378048780487806,4.689468747458879,0.3703170731707317,0.09144706058749698,19.609756097560975,6.300609607114113,25.0609756097561,7.38758979553224,0.7801829268292683,0.09699651617121413,11.402439024390244,3.7576580442767216,31.121951219512194,5.029272936438828,42.52439024390244,6.646684144551666,21.182926829268293,4.303682169584804,14.134146341463415,3.5373219804160603,7.036585365853658,2.540754830735672,4.182926829268292,2.1380044276969006,22.951219512195124,4.918853723299719,3.2439024390243905,9.821318429521979,0.8,2.64,1.84,0.3333333333333333,21,-0.14444444444444443,36,1.348838441438763
1610612761,TOR,Toronto Raptors,2015,2014-15,82,103.98780487804878,11.20019168976064,100.91463414634147,12.015628937071398,94.34146341463415,5.301338084512183,110.38536585365854,11.693399234908888,107.19634146341461,12.296706827258406,3.18780487804878,13.244345546274143,48.426829268292686,1.4057245204096498,37.90243902439025,4.79353926332888,83.28048780487805,6.592690284793262,0.4558414634146341,0.05226038074261269,8.853658536585366,2.914933670208698,25.121951219512194,5.041531816751679,0.35117073170731705,0.08860897662048468,19.329268292682926,6.601636306790187,24.5609756097561,8.004778759406916,0.7903292682926829,0.08703242688976444,10.74390243902439,3.657601506518692,30.804878048780488,5.482720385397241,41.548780487804876,6.313130426213291,20.74390243902439,4.36826653080962,12.890243902439025,4.228083935654267,7.5,2.9741686254053716,4.353658536585366,2.224287658030536,20.878048780487806,4.287190924402882,3.073170731707317,12.533195909219877,10.290000000000001,6.0600000000000005,-4.23,0.5806451612903226,31,-1.4714285714285715,35,0.8741227126615189
1610612761,TOR,Toronto Raptors,2016,2015-16,82,102.70731707317073,8.932514894623344,98.20731707317073,10.425204269992168,93.98780487804878,4.836828627451456,109.46585365853657,10.11261551094211,104.95853658536586,11.079621502867013,4.5024390243902435,11.699234707584495,48.24390243902439,1.0836720337741033,36.65853658536585,4.025288923592699,81.32926829268293,7.011551100912738,0.4526219512195123,0.05110570991845429,8.634146341463415,3.1329085414255338,23.353658536585368,5.527421990157066,0.3662560975609756,0.09212817305798868,20.75609756097561,6.587607099623225,26.70731707317073,8.174769683587723,0.7785121951219511,0.0915729816078632,10.195121951219512,3.515184080634578,33.21951219512195,5.025918969452628,43.41463414634146,6.273501433399773,18.73170731707317,4.499790888112016,13.085365853658537,4.216959350147325,7.7560975609756095,2.5413177082112446,5.475609756097561,2.7407559998598634,19.634146341463413,4.099118228341886,4.5,10.897105743280962,5.760000000000001,3.2700000000000005,-2.49,0.56,25,1.5256410256410253,39,2.5551750451587307
1610612761,TOR,Toronto Raptors,2017,2016-17,82,106.85365853658537,11.832286809455836,102.64634146341463,12.070136549617313,95.9390243902439,4.5902407504994684,111.39146341463417,11.330982340244876,107.05243902439024,11.131395103071336,4.342682926829268,13.581214608565112,48.24390243902439,1.0836720337741033,39.15853658536585,5.007326760734558,84.36585365853658,6.135330180419325,0.46524390243902436,0.05790873214513534,8.841463414634147,2.886620956763756,24.341463414634145,5.009175561635564,0.3649268292682927,0.10858185516606272,19.695121951219512,6.015800233890757,24.73170731707317,6.79514856074993,0.7957317073170732,0.09025479006890667,10.621951219512194,3.8446379010491585,32.63414634146341,4.932913383331962,43.25609756097561,5.897919649155558,18.5,4.727774513642952,12.695121951219512,3.3247631471947434,8.25609756097561,2.6888474542710035,4.878048780487805,2.3007794916497377,20.829268292682926,3.721160306395818,4.2073170731707314,12.923075165199029,5.020000000000001,5.07,0.049999999999998934,0.4,25,0.3323529411764707,34,1.9626659989993305
1610612761,TOR,Toronto Raptors,2018,2017-18,82,111.65853658536585,11.746519854670822,103.8780487804878,13.279883834742597,98.82926829268293,4.903525761132835,112.99634146341464,10.736133119102943,105.1878048780488,11.921744737708782,7.809756097560976,11.914506250744779,48.36585365853659,1.3100956059915254,41.25609756097561,5.057230432231196,87.42682926829268,7.264033651083333,0.4726829268292684,0.05006141365370065,11.804878048780488,3.132620188309389,32.98780487804878,4.887610697654607,0.3572317073170731,0.07695201307027387,17.341463414634145,6.700321555200871,21.829268292682926,7.497826644852905,0.7880609756097561,0.10109637836023086,9.75609756097561,3.7269819505197703,34.23170731707317,5.455315180239202,43.98780487804878,6.221217979354411,24.329268292682926,5.209333688936229,13.353658536585366,3.88848236357577,7.634146341463414,2.878237608573379,6.097560975609756,3.1685559903743705,21.74390243902439,4.066760702038946,7.780487804878049,11.855117549176294,4.69,2.68,-2.0100000000000002,0.5555555555555556,27,4.247826086956523,46,6.322611376915721
1610612761,TOR,Toronto Raptors,2019,2018-19,82,114.4390243902439,10.811627897863804,108.35365853658537,10.454335684203595,101.63414634146342,5.4648420512386675,112.66341463414632,9.742569339354421,106.9560975609756,10.004358279417874,5.712195121951219,12.988821311903882,48.48780487804878,1.6868694244915796,42.19512195121951,4.593175357145371,89.08536585365853,6.751682404897124,0.4758780487804879,0.05820936886194724,12.378048780487806,3.6197000213421924,33.792682926829265,5.394871375434514,0.36518292682926823,0.08807055645778959,17.670731707317074,5.841644614633245,21.98780487804878,7.275010334622542,0.8084268292682928,0.0937222097724822,9.585365853658537,3.9470295738810015,35.609756097560975,4.490747958161067,45.19512195121951,5.683936699568124,25.426829268292682,5.314853371971097,14.024390243902438,3.725042413400422,8.292682926829269,3.5012795011448326,5.329268292682927,2.474835712461252,21.024390243902438,3.9627139028018665,6.085365853658536,13.223810567074883,8.379999999999999,9.5,1.120000000000001,0.5652173913043478,23,0.7571428571428569,35,3.436862935204365
1610612761,TOR,Toronto Raptors,2020,2019-20,72,112.75,12.585202578570676,106.51388888888889,10.900307600719227,101.77777777777777,4.833050015979972,110.77777777777777,11.32846622914379,104.66250000000001,9.579165147839214,6.111111111111111,12.381899050636639,48.27777777777778,1.1533444597688496,40.236111111111114,5.577856258293563,87.93055555555556,6.402742345758253,0.45870833333333333,0.06233856616081184,13.819444444444445,3.311637137743412,36.986111111111114,5.695298420641055,0.3767916666666667,0.0839751702907003,18.458333333333332,6.308807838096526,23.194444444444443,7.525803291341643,0.7956666666666666,0.0874713635232681,9.51388888888889,3.9001374318708866,35.875,4.672175655100381,45.388888888888886,6.256389535159192,25.22222222222222,4.5632402072823615,14.819444444444445,4.220427816539052,8.833333333333334,3.327224449178514,4.972222222222222,2.6215371376362877,21.65277777777778,3.7384930391058484,6.236111111111111,12.53445174063009,5.06,5.1899999999999995,0.1299999999999999,0.7368421052631579,19,1.490909090909091,33,3.208844498026049
1610612761,TOR,Toronto Raptors,2021,2020-21,72,111.26388888888889,11.198582726670013,111.73611111111111,11.500144586421824,99.68055555555556,3.64952780618777,111.63611111111112,10.547148410500075,112.02083333333333,10.923007601866006,-0.38611111111111107,12.967047135878705,48.06944444444444,0.5892556509887896,39.708333333333336,4.495498531003377,88.65277777777777,5.797424688630659,0.4490416666666666,0.052286706225266516,14.458333333333334,3.7489435131499023,39.31944444444444,6.074250406171128,0.3676111111111111,0.07884796487510143,17.38888888888889,5.605720306659486,21.333333333333332,6.601322957463329,0.8130694444444444,0.08758791581531158,9.444444444444445,3.528112007136151,32.138888888888886,4.988170670232502,41.583333333333336,5.892822083914977,24.09722222222222,4.535182410798658,13.222222222222221,3.012753278335107,8.583333333333334,2.905797992261504,5.388888888888889,2.2427068375762853,21.194444444444443,3.858916467964714,-0.4722222222222222,13.368000706145224,-1.33,-6.959999999999999,-5.629999999999999,0.2727272727272727,22,0.0194444444444445,36,-0.9958151146465961
1610612761,TOR,Toronto Raptors,2022,2021-22,82,109.39024390243902,12.263320897944,107.09756097560975,10.878237143969313,97.5609756097561,5.211804173233921,112.18536585365852,11.518521016506785,110.01463414634145,10.336142054971383,2.1658536585365855,14.698628637739361,48.426829268292686,1.9565053741640455,40.63414634146341,5.189048760615782,91.32926829268293,6.811491521094716,0.44569512195121946,0.05285449138778547,11.939024390243903,3.297389768187617,34.24390243902439,5.9349581121380695,0.3490365853658537,0.08268017289934428,16.182926829268293,4.648451351782504,21.329268292682926,5.811981829920661,0.7617195121951219,0.11049956978746976,13.353658536585366,3.8598021801146216,31.975609756097562,4.855887631044992,45.329268292682926,5.962961560257259,22.0609756097561,4.959957091051977,12.451219512195122,3.545654405197446,9.0,3.0061665018819292,4.585365853658536,2.346266903618845,19.597560975609756,3.5896275679355636,2.292682926829268,14.5818149938719,4.3,9.440000000000001,5.1400000000000015,0.5357142857142857,28,1.9270833333333333,48,1.7607546603629907
1610612761,TOR,Toronto Raptors,2023,2022-23,82,112.85365853658537,10.305364719670044,111.3780487804878,9.77606076326113,98.48780487804878,4.453446168561174,114.67560975609753,10.101161905732901,113.23780487804876,9.760611702191804,1.436585365853659,12.408007293133329,48.30487804878049,1.203790560412963,41.8780487804878,4.982414120356405,91.32926829268293,7.3233178712370375,0.4595609756097562,0.05054055884065119,10.731707317073171,2.9357262146028353,32.02439024390244,5.736983355272097,0.3361585365853658,0.0719656072713261,18.365853658536587,6.1433738169562,23.4390243902439,7.747715809901825,0.7870609756097561,0.08303774949390033,12.71951219512195,4.363921642833166,30.304878048780488,4.770508745264806,43.02439024390244,6.05117192966559,23.914634146341463,4.508431660493275,11.658536585365853,3.3709708906424223,9.414634146341463,2.884403438812258,5.170731707317073,2.423164332834343,20.01219512195122,3.70349818761329,1.475609756097561,12.384005624296998,6.720000000000001,6.9799999999999995,0.2599999999999989,0.3333333333333333,24,-2.0708333333333333,48,-0.37184238760366706
1610612761,TOR,Toronto Raptors,2024,2023-24,82,112.35365853658537,12.692344296221053,118.79268292682927,12.003844862312674,100.5,4.453463071962462,111.8268292682927,11.879758163358106,118.16341463414633,11.518771713015818,-6.336585365853657,15.602884445228108,48.30487804878049,1.4374963178932458,42.26829268292683,5.247100976160061,89.71951219512195,6.479358279160521,0.47159756097560973,0.05131838641365465,11.487804878048781,3.6183479704875627,33.073170731707314,5.213421633724309,0.34582926829268296,0.09325682113575866,16.329268292682926,5.1281235661639855,21.609756097560975,6.199872753694176,0.7575121951219511,0.10276717589792732,10.865853658536585,3.915030218012297,31.79268292682927,5.348907364779171,42.65853658536585,6.128700972453795,28.475609756097562,5.368462109960029,13.987804878048781,4.167759567598549,7.7317073170731705,2.7979215411294454,4.7317073170731705,2.1548038808975134,18.402439024390244,3.9216391008068063,-6.439024390243903,15.637164942261643,-0.9099999999999998,-16.39,-15.48,0.4,20,-10.450980392156863,51,-9.14662527523107
1610612761,TOR,Toronto Raptors,2025,2024-25,82,110.86585365853658,11.894352010769548,115.15853658536585,13.64494164149776,101.1829268292683,5.531342901219942,109.58902439024392,10.394668696405853,113.70731707317073,12.719556057240563,-4.126829268292683,16.041035716542112,48.30487804878049,1.203790560412963,41.63414634146341,5.155632650577668,91.0,8.454672168776355,0.4596951219512194,0.058894274182355155,11.817073170731707,3.348587499453094,33.97560975609756,6.969024250662598,0.34978048780487797,0.07575252501846186,15.78048780487805,6.186453520921022,21.085365853658537,7.541164758436283,0.7440731707317073,0.10314999033384215,12.609756097560975,4.293998388681509,32.51219512195122,5.60036132528992,45.1219512195122,7.424334769056633,28.536585365853657,4.735458891424969,15.329268292682928,4.5462095948401675,8.097560975609756,2.848476985726123,4.2439024390243905,2.180502692124995,21.195121951219512,4.997379620497531,-4.2926829268292686,16.206604205493885,-6.32,3.1700000000000004,9.49,0.38095238095238093,21,-9.815909090909091,44,-7.886650112477097
1610612762,UTA,Utah Jazz,2013,2012-13,82,98.02439024390245,11.711528149601826,98.10975609756098,11.858222232176221,93.03658536585365,5.532050547315597,105.39024390243902,11.054216666621686,105.54756097560976,10.914711169043525,-0.1573170731707315,13.742122596374223,48.48780487804878,2.019924839324256,37.146341463414636,4.868954183900915,81.82926829268293,6.405639641057012,0.45460975609756105,0.053559648552116146,6.182926829268292,2.876589410492094,16.890243902439025,4.65078274989176,0.35817073170731706,0.1240971149850235,17.548780487804876,6.757076654455125,22.963414634146343,8.123195141533749,0.7592317073170731,0.09283840983267086,12.060975609756097,4.361298823916625,29.963414634146343,5.614014918484665,42.02439024390244,7.058792975118526,22.670731707317074,4.085671675286879,14.75609756097561,3.602334550341843,8.414634146341463,2.981221969662756,6.280487804878049,2.6353456457719067,21.341463414634145,3.833637708351156,-0.08536585365853659,13.084909053036137,-0.8399999999999999,2.8899999999999997,3.7299999999999995,0.5,20,-7.12972972972973,37,-3.0586221634211195
1610612762,UTA,Utah Jazz,2014,2013-14,82,95.01219512195122,11.450908533084277,102.1829268292683,11.26134878747206,92.7439024390244,5.279382155231958,102.49390243902437,11.190266356354831,110.08292682926829,10.748755941543946,-7.58780487804878,13.966312116457118,48.24390243902439,1.3385174737004315,35.98780487804878,4.897703927752935,81.1219512195122,6.504301034562313,0.4444999999999999,0.056322758157069636,6.621951219512195,2.6650006087250087,19.23170731707317,5.143133455437417,0.3440731707317073,0.10857878524204052,16.414634146341463,5.674180681623429,21.98780487804878,7.366078244371161,0.747780487804878,0.10685250297654098,11.024390243902438,4.088452904763799,30.20731707317073,4.485195964112943,41.23170731707317,5.615891869821395,20.29268292682927,4.445799251500587,14.634146341463415,3.763083169594149,6.951219512195122,2.581522371332204,4.463414634146342,2.3944128482123612,20.71951219512195,4.30410194887031,-7.170731707317073,13.136326861364704,-11.74,-11.03,0.7100000000000009,0.5625,16,-10.842553191489362,47,-9.06249624507227
1610612762,UTA,Utah Jazz,2015,2014-15,82,95.13414634146342,8.571791513802559,94.91463414634147,11.553633621700952,91.29268292682927,4.016901959845865,104.31341463414633,9.441290482455468,104.20731707317071,12.32719347158459,0.10487804878048783,13.68854529185503,48.0609756097561,0.5521576303742327,35.36585365853659,4.170774849175788,79.17073170731707,7.040982111014359,0.44752439024390245,0.04418486015489421,7.439024390243903,2.9485194484129447,21.71951219512195,5.8442213524043405,0.3440853658536585,0.10174698724201843,16.963414634146343,5.014657828266851,23.524390243902438,6.402595171666667,0.7229146341463415,0.10220702800356388,12.048780487804878,3.5273269669065876,31.914634146341463,5.228604184325918,43.96341463414634,5.742295153370747,19.902439024390244,3.595641243648509,15.317073170731707,3.8293152815410934,7.597560975609756,3.303046689725666,5.963414634146342,2.6687266208012614,19.304878048780488,3.4487035473904974,0.21951219512195122,12.680328295633146,-4.7799999999999985,5.590000000000002,10.370000000000001,0.3333333333333333,27,-4.386363636363637,44,-2.093189616784984
1610612762,UTA,Utah Jazz,2016,2015-16,82,97.6829268292683,9.980076509244928,95.89024390243902,12.749249406675059,92.98780487804878,5.009851781743412,105.09878048780486,9.667898949584012,103.21585365853659,12.359906003799717,1.8853658536585365,15.514279539107998,48.670731707317074,1.88597735116456,36.0609756097561,4.176204080012888,80.40243902439025,7.443382604367553,0.45019512195121947,0.04995539714891607,8.463414634146341,2.9863687101343697,23.853658536585368,6.517065823182367,0.3560731707317073,0.09080637119212286,17.097560975609756,5.772668159648644,22.98780487804878,7.389505241526243,0.7450487804878049,0.08752310487741691,10.731707317073171,3.6313068779262094,32.5,5.2804087009797565,43.23170731707317,5.948957332623752,18.951219512195124,4.348697659522396,14.926829268292684,3.924536578146121,7.695121951219512,2.706594709818206,5.182926829268292,2.5489191550101147,20.182926829268293,4.480762856072358,1.7926829268292683,14.455327357390926,4.27,8.129999999999999,3.8599999999999994,0.37037037037037035,27,-4.2512820512820495,39,-2.5071604646286163
1610612762,UTA,Utah Jazz,2017,2016-17,82,100.70731707317073,11.274890495078044,96.76829268292683,10.627589044601482,92.42682926829268,3.688589304451035,109.00609756097559,11.864943149504832,104.72195121951218,11.440506597501162,4.2768292682926825,13.935798991304601,48.18292682926829,0.944484296943331,36.98780487804878,4.462446603585577,79.45121951219512,6.315085679260789,0.4668780487804878,0.055275826932388084,9.646341463414634,3.0686465075234888,25.951219512195124,4.221936946574303,0.371609756097561,0.10567066893899107,17.085365853658537,5.439229292519061,22.865853658536587,6.47456980814494,0.7464268292682927,0.10394538338999931,9.402439024390244,3.2843051996402863,33.829268292682926,4.791465865161404,43.23170731707317,5.520553694917234,20.134146341463413,4.3169553603504,13.634146341463415,3.6633392145066233,6.7073170731707314,2.45697698868239,5.0,2.4037008503093262,18.841463414634145,3.6800077569534517,3.9390243902439024,13.07183151985017,5.07,5.300000000000001,0.23000000000000043,0.7142857142857143,14,-1.9078947368421049,38,1.4177965621323627
1610612762,UTA,Utah Jazz,2018,2017-18,82,104.14634146341463,12.70668333062091,99.84146341463415,11.991220566376239,96.96341463414635,4.805976531210762,107.44634146341464,12.314271506920774,103.0439024390244,11.65600674437572,4.4036585365853655,17.089737337136977,48.18292682926829,0.944484296943331,38.28048780487805,5.823058443434336,82.89024390243902,6.8871074713912535,0.4624756097560977,0.06356686488534732,10.817073170731707,3.023071975229742,29.573170731707318,4.664101114369061,0.36653658536585365,0.0917188666351602,16.76829268292683,5.718280801140019,21.536585365853657,7.2182811844686965,0.7833170731707317,0.10089425806182645,9.024390243902438,2.9185469484443822,34.23170731707317,5.835816996106421,43.25609756097561,7.077718429211765,22.426829268292682,5.441111196888975,14.695121951219512,3.7538096677883566,8.634146341463415,3.000050185267282,5.121951219512195,2.151027568984033,19.609756097560975,3.3026592262097725,4.304878048780488,16.621931833760442,-0.4599999999999994,12.71,13.17,0.42857142857142855,14,1.5307692307692309,52,2.3110031274814036
1610612762,UTA,Utah Jazz,2019,2018-19,82,111.71951219512195,13.80219555825248,106.46341463414635,12.846861673692647,101.3170731707317,5.059834693977899,110.23048780487804,12.101430269762476,105.21585365853659,10.911885800878151,5.012195121951219,16.05089428871894,48.18292682926829,1.2285497701720605,40.41463414634146,5.6698274834124485,86.36585365853658,6.044101696005216,0.4685,0.06177942643683412,12.109756097560975,3.510147890243674,34.01219512195122,5.763859094839246,0.35450000000000004,0.08127658159672677,18.78048780487805,5.432013905334805,25.51219512195122,6.9535387605729735,0.7383048780487805,0.09074148452030036,10.0,3.173968190463489,36.353658536585364,5.655483411937834,46.353658536585364,6.581627910786003,26.01219512195122,5.23637303191423,15.121951219512194,3.649421546933255,8.085365853658537,2.902537074601617,5.890243902439025,2.304081711304911,21.073170731707318,3.391275981884345,5.2560975609756095,16.265399901806074,-0.8,13.13,13.930000000000001,0.3333333333333333,15,-0.36486486486486486,37,2.091052514988744
1610612762,UTA,Utah Jazz,2020,2019-20,72,111.29166666666667,11.160086702676983,108.81944444444444,11.838498178554183,99.56944444444444,4.820222626174458,111.8763888888889,10.978127974225222,109.26666666666667,10.498168854413356,2.608333333333333,12.598644572747599,48.208333333333336,1.3101714757140182,40.083333333333336,4.932644920880983,85.13888888888889,6.8839588093544615,0.4715000000000001,0.05208146381621235,13.375,3.937674655191925,35.236111111111114,6.396506651258413,0.37581944444444443,0.07660182882913893,17.75,6.35731806328317,22.791666666666668,7.747671163046624,0.780875,0.09747169144835241,9.11111111111111,3.248208847946019,35.791666666666664,4.9701574209206285,44.90277777777778,6.063420041347051,22.430555555555557,4.45581243722661,15.125,4.168755345035322,6.083333333333333,2.5049247268778245,4.055555555555555,1.9992173742607793,20.38888888888889,4.831106820826983,2.4722222222222223,12.327653812194031,4.53,-3.5,-8.030000000000001,0.7142857142857143,21,-3.734375,32,-0.39998387410967734
1610612762,UTA,Utah Jazz,2021,2020-21,72,116.41666666666667,10.894823683685365,107.16666666666667,12.67024906099346,99.90277777777777,4.885043924787663,116.55833333333334,9.696750581044451,107.42777777777776,11.030102501307882,9.133333333333333,14.765156929573406,48.208333333333336,1.0061431029739119,41.263888888888886,4.446847452878339,88.11111111111111,6.336915221359026,0.46915277777777775,0.0475707507845256,16.73611111111111,4.172320108293704,43.02777777777778,6.237036634339321,0.3877777777777778,0.06988989776124073,17.15277777777778,6.229551839332894,21.47222222222222,6.819549822452188,0.7932916666666667,0.10189437191606322,10.625,3.429111082613307,37.625,5.524433563469028,48.25,6.685595194041556,23.65277777777778,4.959440342750585,14.208333333333334,3.64995658859,6.583333333333333,2.401583984332594,5.152777777777778,2.243360923171279,18.541666666666668,3.2843525740982678,9.25,14.91171200531909,0.7999999999999998,6.550000000000002,5.750000000000002,0.42857142857142855,14,5.205555555555556,36,7.046600972321847
1610612762,UTA,Utah Jazz,2022,2021-22,82,113.60975609756098,10.985687768284983,107.57317073170732,10.944337831183914,97.73170731707317,4.891536607490016,116.31341463414635,10.45719980216976,110.17317073170733,11.15924074567233,6.139024390243903,15.415094062715308,48.1219512195122,0.7760336619661979,40.573170731707314,4.7480483002860066,86.1829268292683,5.303453449254278,0.4715609756097562,0.054316652190734976,14.536585365853659,3.6385966700351116,40.34146341463415,6.176857469810089,0.35986585365853657,0.06905817232820206,17.926829268292682,5.286321710769226,23.365853658536587,6.775978258601176,0.7703536585365853,0.08711938338715734,10.78048780487805,3.49611562315475,35.5609756097561,5.732940470983649,46.34146341463415,6.912539173992313,22.390243902439025,4.880690341681401,14.0,3.937787810370967,7.170731707317073,2.453543056901316,4.902439024390244,2.2476860864341477,18.865853658536587,3.8289417521402367,6.036585365853658,15.192139879630268,9.25,2.15,-7.1,0.4,15,3.831914893617021,47,3.508645492099805
1610612762,UTA,Utah Jazz,2023,2022-23,82,117.07317073170732,9.842940050345138,118.01219512195122,9.389373955173975,101.57317073170732,4.634893123556044,115.32682926829266,9.098827068357412,116.11829268292682,9.305157577543152,-0.7914634146341466,11.284964335530729,48.30487804878049,1.203790560412963,42.5,4.352521619066865,89.8170731707317,6.661346115362421,0.47414634146341467,0.04529222590236216,13.341463414634147,3.4897363167399025,37.792682926829265,5.84520021492373,0.3519878048780488,0.0746483929196893,18.73170731707317,6.204436446365039,23.841463414634145,7.281753811597799,0.7821585365853658,0.10334151335749425,11.804878048780488,3.805256352845393,34.073170731707314,5.081509661471344,45.8780487804878,6.429849841578372,25.963414634146343,4.64929338040386,15.353658536585366,4.113728749886443,6.097560975609756,2.6134020970618796,5.2317073170731705,2.754564250398859,20.475609756097562,4.217030755050222,-0.9390243902439024,11.516330392234389,4.58,-6.860000000000001,-11.440000000000001,0.4642857142857143,28,-1.9000000000000001,51,-1.8100620522399793
1610612762,UTA,Utah Jazz,2024,2023-24,82,115.5,13.08872854080238,120.34146341463415,12.398944112944818,100.85365853658537,4.763860741658375,114.49268292682929,11.452594514261822,119.61829268292682,11.665810847433365,-5.12439024390244,15.839695103809039,48.24085365853659,1.5627043678452897,41.9390243902439,4.8796568412426975,89.76829268292683,6.421989193172918,0.4675975609756098,0.04751344442771041,12.926829268292684,3.5303988086714218,36.46341463414634,5.504644777117987,0.3534390243902439,0.0772686666984582,18.695121951219512,5.762134858981733,22.524390243902438,6.68557616334995,0.8313658536585365,0.08861158302836675,12.195121951219512,3.75627548783364,33.19512195121951,5.114585834312416,45.390243902439025,6.399760986202369,27.182926829268293,4.458666270103673,15.658536585365853,3.807787706095807,6.536585365853658,2.686018311398102,5.573170731707317,2.454678012149521,18.524390243902438,4.080140428944039,-4.841463414634147,16.055051520112286,-7.720000000000001,-9.84,-2.119999999999999,0.47058823529411764,17,-8.532758620689656,58,-7.959503410992456
1610612762,UTA,Utah Jazz,2025,2024-25,82,111.89024390243902,11.583306525480277,121.23170731707317,11.823077225230874,101.48780487804878,4.722533068041064,110.28170731707317,10.500842153749883,119.57439024390244,11.856558439052586,-9.29878048780488,15.435420976334,48.30487804878049,1.203790560412963,40.30487804878049,4.885577222781266,88.6829268292683,8.07201850133769,0.45614634146341465,0.05311764765708949,13.951219512195122,3.288222301158606,39.84146341463415,6.47019665431883,0.352890243902439,0.0753108793310687,17.329268292682926,5.6678754223847925,22.390243902439025,6.9402317845824,0.7746341463414633,0.10272479261192745,11.987804878048781,4.579864417743628,33.426829268292686,6.100051584086441,45.41463414634146,8.473562691059378,25.524390243902438,4.0831651053965885,17.21951219512195,4.637539764546573,6.7682926829268295,2.5497459592063305,4.390243902439025,2.324088020054826,18.890243902439025,3.7482707043529437,-9.341463414634147,15.600110408120788,-13.040000000000001,-20.380000000000003,-7.340000000000002,0.25,20,-14.608333333333334,48,-11.82365743432085
1610612763,MEM,Memphis Grizzlies,2013,2012-13,82,93.40243902439025,9.15957268411007,89.2560975609756,10.03550607163491,90.17073170731707,4.596845074959539,103.65365853658537,9.597597373236356,99.05243902439024,9.70621826408531,4.595121951219512,12.314338750977788,48.30487804878049,1.203790560412963,36.146341463414636,4.366318762560087,81.45121951219512,7.182200974639208,0.4460243902439025,0.056536664736259,4.658536585365853,2.315911212796934,13.5,4.32691832858239,0.34097560975609753,0.11667280149052862,16.451219512195124,5.571427192700734,21.29268292682927,6.755862209556951,0.7716219512195122,0.10531383319779224,12.914634146341463,4.0160210623377735,29.817073170731707,4.74830196752764,42.73170731707317,6.081846658497455,20.914634146341463,4.976987088769931,13.951219512195122,3.442301982521846,8.573170731707316,2.36763406313361,5.317073170731708,2.4235370986749962,20.24390243902439,3.7632432020494977,4.146341463414634,11.266822211527117,8.22,7.8,-0.4200000000000008,0.5263157894736842,19,1.3297297297297297,37,2.6582022528207547
1610612763,MEM,Memphis Grizzlies,2014,2013-14,82,96.14634146341463,9.6751201239482,94.57317073170732,9.573665639291981,91.17073170731707,4.05762467171535,105.4329268292683,9.345244448223335,103.82195121951221,10.021138453231034,1.6134146341463413,12.471238636743264,48.30487804878049,1.2037905604129633,38.073170731707314,4.365353174814288,81.98780487804878,6.3488968662475145,0.4653048780487805,0.04884358735078319,4.939024390243903,2.0925945911366974,13.987804878048781,3.309148942989646,0.3519146341463414,0.13176449260553047,15.060975609756097,5.701088397225394,20.317073170731707,6.474790713583213,0.7363414634146341,0.10276945546031542,11.585365853658537,3.7050223488178027,30.804878048780488,5.417026254480812,42.390243902439025,6.480276052573298,21.853658536585368,4.021921263201875,13.707317073170731,3.490685329711478,7.695121951219512,2.706594709818206,4.573170731707317,2.227939799067424,19.121951219512194,4.372727611345485,1.5731707317073171,11.45472083153996,-2.79,1.34,4.13,0.7307692307692307,26,-2.2477272727272726,44,-0.4642992211691931
1610612763,MEM,Memphis Grizzlies,2015,2014-15,82,98.3170731707317,9.983786917019838,95.07317073170732,10.501946307332547,93.85365853658537,5.7544871406871385,104.84268292682926,9.590157383430377,101.27317073170731,9.835963851299528,3.5719512195121954,12.903614905413937,48.548780487804876,2.3578209181538172,37.76829268292683,4.275392640947354,82.47560975609755,7.0697156416108395,0.45932926829268284,0.049471292305952125,5.158536585365853,2.521363104761469,15.195121951219512,4.041265613978135,0.33630487804878045,0.13670845693713718,17.621951219512194,5.376308899264172,22.79268292682927,6.883040178275461,0.7795121951219511,0.0879575155447274,10.439024390243903,3.4786742223261986,32.1219512195122,5.078130899227575,42.5609756097561,6.271821286222317,21.670731707317074,4.363300591362824,13.341463414634147,4.4506054857741555,8.536585365853659,2.7630503896211644,4.2317073170731705,2.0981989954220843,19.109756097560975,4.064316557009265,3.2439024390243905,12.089747697854234,4.869999999999999,2.689999999999999,-2.18,0.7368421052631579,19,0.5688888888888888,45,1.9913283812716949
1610612763,MEM,Memphis Grizzlies,2016,2015-16,82,99.09756097560975,11.155035131837657,101.34146341463415,11.048958961290182,94.67073170731707,4.632293723093013,104.7670731707317,11.33248422612274,107.13048780487806,11.053033648982005,-2.3585365853658535,14.784684695172976,48.36585365853659,1.3100956059915252,36.81707317073171,4.926942930109426,83.64634146341463,7.125630925012474,0.4421585365853659,0.06183240380896526,6.146341463414634,2.6063642489131573,18.548780487804876,4.061722674804618,0.32768292682926825,0.11771233800975568,19.317073170731707,6.208075284282616,24.682926829268293,6.885085058747269,0.7815731707317073,0.10719648862037595,11.170731707317072,5.013081352140594,30.451219512195124,5.123541500444303,41.6219512195122,6.792588996954086,20.695121951219512,4.30242258598584,13.292682926829269,3.663257016958747,8.829268292682928,3.4311747189296176,4.2682926829268295,1.9439604507980062,21.74390243902439,4.0148212315405205,-2.2439024390243905,14.43209812147545,-9.86,-8.67,1.1899999999999995,0.5263157894736842,19,-8.990243902439024,41,-6.072863363722146
1610612763,MEM,Memphis Grizzlies,2017,2016-17,82,100.47560975609755,10.615880963723784,99.98780487804878,11.917922909633873,93.92682926829268,5.660738702841604,107.17439024390245,11.434967067981857,106.52439024390245,11.278413347997967,0.6500000000000001,13.337455381345526,48.548780487804876,1.9254785457729355,36.390243902439025,4.4270662959978235,83.58536585365853,6.754881580985756,0.4366829268292683,0.05139651668284907,9.353658536585366,3.28998461934756,26.451219512195124,4.113069920806323,0.3509634146341463,0.1122907870985357,18.341463414634145,6.323031606450805,23.390243902439025,7.159136608335827,0.7794024390243902,0.08923555452569665,10.804878048780488,3.8536147032676467,31.963414634146343,5.292541040508066,42.76829268292683,6.742712170888801,21.26829268292683,4.5570425228709945,12.914634146341463,3.381873319396997,7.963414634146342,2.9708257236460414,4.195121951219512,2.723645996786016,22.4390243902439,4.447492179954429,0.4878048780487805,12.466492276893788,-4.700000000000001,-1.7299999999999998,2.9700000000000015,0.5454545454545454,22,-0.5564102564102564,39,-0.15134798480752867
1610612763,MEM,Memphis Grizzlies,2018,2017-18,82,99.32926829268293,11.383391494942549,105.53658536585365,10.93210824431693,95.91463414634147,4.260647430985731,103.54878048780488,10.7621449500798,110.35000000000001,10.084485700909683,-6.802439024390245,13.040610600808348,48.0609756097561,0.5521576303742328,36.74390243902439,4.796631986104149,82.78048780487805,6.299175705909744,0.4442560975609756,0.050549770359007457,9.24390243902439,3.195525326737552,26.24390243902439,5.245953115414755,0.3509878048780488,0.10144943323530164,16.597560975609756,5.916830474722632,21.121951219512194,6.704320044333381,0.7820975609756097,0.09137625508838561,9.5,3.293277852284207,31.024390243902438,4.914015254341773,40.52439024390244,5.637672249168042,21.548780487804876,4.54375827208822,14.963414634146341,3.7299095476115025,7.475609756097561,2.6210242543948095,4.829268292682927,2.566666080080647,23.170731707317074,3.5963111348967334,-6.2073170731707314,12.54398464355444,3.0300000000000002,-7.540000000000001,-10.57,0.32,25,-8.68867924528302,53,-7.608798933574517
1610612763,MEM,Memphis Grizzlies,2019,2018-19,82,103.53658536585365,11.516166974153046,106.13414634146342,11.804751287764349,98.02439024390245,5.052747962177251,105.56951219512196,9.583520951778777,108.02073170731708,10.571049888932077,-2.4463414634146345,11.977099497615876,48.48780487804878,1.6868694244915796,37.96341463414634,4.579732921080134,84.4390243902439,7.511468697891098,0.45069512195121963,0.0470827191764311,9.890243902439025,3.220329319717395,28.878048780487806,5.39407595469312,0.33982926829268295,0.0791923435752439,17.71951219512195,5.104523267044637,22.951219512195124,6.390391009935267,0.7750365853658536,0.09308663761129507,8.817073170731707,3.5871101501275158,32.96341463414634,5.4397828613872505,41.78048780487805,6.371278899941291,23.9390243902439,4.6063497799987,13.987804878048781,3.860192224597126,8.341463414634147,2.7317046285528988,5.463414634146342,2.75409962411244,21.963414634146343,3.811759329231153,-2.597560975609756,11.735626623632948,1.3299999999999996,-4.220000000000001,-5.550000000000001,0.36,25,-4.616666666666666,42,-3.41106900937014
1610612763,MEM,Memphis Grizzlies,2020,2019-20,73,112.63013698630137,11.395060880968304,113.6986301369863,13.17898677978914,103.58904109589041,4.615299486004121,108.77397260273972,10.357485583400543,109.67808219178082,11.47677905085044,-0.895890410958904,15.069776949947096,48.136986301369866,0.8218385299158136,42.54794520547945,4.262371196784494,90.87671232876713,6.359475007768269,0.46987671232876715,0.05193530837212545,10.931506849315069,3.7391649659133184,31.465753424657535,6.614550861927273,0.3452465753424658,0.08935055505981883,16.602739726027398,6.213202175894392,21.767123287671232,7.5783326881188895,0.761931506849315,0.10833068314285602,10.32876712328767,3.7640654532940694,36.205479452054796,5.449156163291067,46.534246575342465,6.718718032029006,26.91780821917808,4.351734726448288,15.246575342465754,4.165936008996085,7.890410958904109,3.1427237118090927,5.4520547945205475,2.4666728372130646,21.17808219178082,4.410664052275981,-1.0684931506849316,15.822214312586738,-9.01,0.2400000000000002,9.25,0.4375,16,-4.345945945945946,37,-3.280350839509737
1610612763,MEM,Memphis Grizzlies,2021,2020-21,72,113.29166666666667,12.493871737212428,112.26388888888889,13.445762781494132,101.41666666666667,5.0455670126233825,111.6986111111111,11.089793468346423,110.53888888888889,12.194105659397529,1.1624999999999999,14.80173607537543,48.34722222222222,1.5305317332683668,42.84722222222222,5.605982021804475,91.77777777777777,6.807663912820737,0.46705555555555556,0.05189504274647862,11.152777777777779,3.7328376179946696,31.36111111111111,6.589162154855001,0.35480555555555554,0.08926123062474972,16.444444444444443,5.003910833605343,21.333333333333332,6.346785811798369,0.7770138888888889,0.09066180664791286,11.152777777777779,3.6022673697884895,35.31944444444444,5.522875319947665,46.47222222222222,6.191707817428131,26.916666666666668,4.863633372023922,13.291666666666666,3.6286710406327494,9.097222222222221,3.185175707547375,5.055555555555555,2.9064711137216346,18.73611111111111,4.219315262368419,1.0277777777777777,14.947770310173233,-2.8900000000000006,1.5500000000000003,4.440000000000001,0.47368421052631576,19,-3.2749999999999995,36,-0.8032022763688601
1610612763,MEM,Memphis Grizzlies,2022,2021-22,82,115.60975609756098,12.817576760599144,109.92682926829268,11.239019868303483,101.15853658536585,4.459611653898045,114.29756097560976,11.851175652570841,109.08536585365853,11.543221215819186,5.217073170731707,18.168816079966973,48.24390243902439,1.0836720337741033,43.548780487804876,5.6506362343061936,94.3780487804878,7.031920595175286,0.4621829268292682,0.05566968899508417,11.524390243902438,3.3928960271083817,32.670731707317074,6.377148397224013,0.35267073170731705,0.07929551773455627,16.98780487804878,5.600912409001701,23.146341463414632,7.438840264083901,0.7385487804878049,0.09893845854237544,14.134146341463415,4.171514794654753,35.03658536585366,6.167307518154653,49.170731707317074,7.517559490457158,25.98780487804878,4.975232242085987,13.195121951219512,3.3681112573272305,9.75609756097561,2.88701210665016,6.5,2.5974821616802135,19.75609756097561,3.660132142287533,5.682926829268292,18.38200814456023,-4.25,8.35,12.6,0.6,15,0.10624999999999989,48,1.913700868579813
1610612763,MEM,Memphis Grizzlies,2023,2022-23,82,116.91463414634147,12.182968499895127,112.97560975609755,11.383305525432219,101.95121951219512,4.28578597895326,114.75853658536586,11.794191405874251,110.74878048780488,10.801385872471844,4.010975609756097,15.003077923698955,48.24390243902439,1.0836720337741033,43.71951219512195,5.393810788379317,92.08536585365853,6.511530550601159,0.47523170731707326,0.05280298784580418,12.012195121951219,3.8473781434557925,34.23170731707317,5.739830041119115,0.349780487804878,0.09041072595472477,17.463414634146343,5.562651295101492,23.829268292682926,7.786986418550242,0.7411829268292683,0.08393400229909923,12.048780487804878,4.407912187470853,34.573170731707314,5.370312743048131,46.6219512195122,7.261670460309687,26.036585365853657,5.019579250360272,13.609756097560975,4.029998920322668,8.292682926829269,3.101126059433094,5.7682926829268295,2.486004183859718,20.036585365853657,3.8052761355690525,3.9390243902439024,14.943802184443985,1.1599999999999997,3.6700000000000004,2.5100000000000007,0.5789473684210527,19,2.9957446808510633,47,2.8070250862330006
1610612763,MEM,Memphis Grizzlies,2024,2023-24,82,105.8170731707317,9.867177225004204,112.8170731707317,11.253672156541866,99.1219512195122,4.352919394710904,106.8341463414634,9.763654187312806,113.7341463414634,10.811050810751043,-6.906097560975611,13.863446452665364,48.24390243902439,1.0836720337741033,38.353658536585364,4.84416908294761,88.15853658536585,6.647137158196719,0.4352926829268293,0.04661650420524878,13.060975609756097,3.6221116580794828,37.76829268292683,6.92873562029864,0.3452317073170732,0.06951885769218924,16.048780487804876,6.022391221540957,21.0,7.604417169897188,0.7643536585365853,0.09413601558858495,10.926829268292684,3.9745501734915774,31.682926829268293,5.305199054411212,42.609756097560975,6.211808940248207,24.695121951219512,4.215459567788587,15.073170731707316,3.6574985981107595,8.207317073170731,2.7249999654685637,6.109756097560975,3.034802646016871,19.0609756097561,4.252370612559337,-7.0,13.722109761122606,-4.8500000000000005,-7.699999999999998,-2.849999999999998,0.6153846153846154,13,-8.835714285714285,56,-8.914765319333188
1610612763,MEM,Memphis Grizzlies,2025,2024-25,82,121.6951219512195,11.956390950150698,116.85365853658537,12.330952674358617,103.8170731707317,4.369162557215064,117.29268292682924,11.04867770969863,112.58414634146344,11.201834831100575,4.708536585365855,15.94602935382241,48.0609756097561,0.5521576303742328,44.75609756097561,5.360028043988171,93.34146341463415,6.811789910338955,0.4797439024390244,0.04743229377992312,13.914634146341463,4.095167943049784,37.8780487804878,6.905696778572826,0.3659268292682927,0.07884267511603074,18.26829268292683,5.929730034634756,23.25609756097561,7.356547391353402,0.7887804878048781,0.10216943375991099,12.878048780487806,4.4120772630778875,34.3780487804878,5.3602106184490825,47.25609756097561,7.514284299490819,28.414634146341463,5.5798385292629025,15.670731707317072,3.855587185425111,8.853658536585366,2.8979428685910262,5.634146341463414,2.6411379661232317,20.865853658536587,3.974493352670067,4.853658536585366,16.639327170053683,4.970000000000001,-0.6200000000000003,-5.590000000000001,0.4782608695652174,23,-2.2166666666666663,42,1.066925624601088
1610612764,WAS,Washington Wizards,2013,2012-13,82,93.21951219512195,11.795609551751884,95.7560975609756,9.675680313095743,93.89024390243902,4.677252801264613,99.25365853658536,11.237868027694985,101.67682926829268,9.548838708792823,-2.4268292682926833,12.509355005828592,48.426829268292686,1.7918229065718263,35.48780487804878,4.897073710331544,81.6219512195122,6.221508379493642,0.4360487804878048,0.059198327979187615,6.646341463414634,2.6122784682233844,18.23170731707317,4.907285539895682,0.3664756097560976,0.11813167225754637,15.597560975609756,5.689192170946986,21.29268292682927,7.608455018909334,0.7402560975609757,0.09989782570028581,10.817073170731707,3.4787824206728444,32.34146341463415,4.640720229849178,43.15853658536585,5.494036075589562,21.646341463414632,4.584924171645704,15.097560975609756,3.7005496958954125,7.2926829268292686,2.5938569635980593,4.585365853658536,2.2330360195255796,20.5,4.257890279191049,-2.5365853658536586,11.626061743045947,-6.9,-2.3199999999999994,4.580000000000001,0.32142857142857145,28,-5.461764705882352,34,-3.790404445552905
1610612764,WAS,Washington Wizards,2014,2013-14,82,100.65853658536585,11.81672753700576,99.39024390243902,10.856819098033801,96.0,6.738501866691691,104.87439024390245,10.278586286224405,103.64634146341466,9.57912075041854,1.2182926829268295,11.659702980449008,48.91463414634146,2.5003763643227948,38.74390243902439,4.359779628618565,84.39024390243902,7.208972628574078,0.4607804878048781,0.05240182458189977,7.890243902439025,3.2279875531793616,20.78048780487805,4.926683181057628,0.37649999999999995,0.11709848656389867,15.28048780487805,5.752668495649397,20.914634146341463,7.271118615033134,0.7308414634146342,0.11866515495418659,10.804878048780488,3.7759440791208756,31.378048780487806,4.440665737828277,42.18292682926829,5.589072338010863,23.28048780487805,4.7147637575994095,14.682926829268293,3.5793579974057206,8.146341463414634,2.811449040819299,4.597560975609756,2.308651234146776,20.426829268292682,4.850939804082967,1.2682926829268293,11.148878901162455,-4.05,6.380000000000001,10.43,0.5238095238095238,21,-4.51764705882353,34,-0.9417169144632876
1610612764,WAS,Washington Wizards,2015,2014-15,82,98.53658536585365,10.557537968172921,97.8170731707317,11.713796918228244,95.65853658536585,6.184847098712098,103.13170731707316,10.152441511972372,102.41463414634148,10.91580711290865,0.7231707317073166,16.160501296928313,48.670731707317074,2.188944601934973,38.28048780487805,4.541371931296529,82.8048780487805,7.648834373216282,0.4645487804878049,0.05766573590321954,6.060975609756097,2.4157280985887777,16.841463414634145,4.569003220021946,0.3617317073170732,0.1153055038978966,15.914634146341463,5.911280740072783,21.4390243902439,7.231784372426649,0.7385975609756097,0.09747869153112229,10.512195121951219,3.4147244793832736,34.15853658536585,5.27624425017776,44.670731707317074,6.676020989190944,24.01219512195122,4.728411375324369,15.036585365853659,3.9672894685402786,7.329268292682927,2.8417299462869816,4.609756097560975,2.2703461288348628,20.817073170731707,4.012720664385003,0.7195121951219512,15.236630966716325,1.4200000000000004,2.22,0.7999999999999998,0.5652173913043478,23,-4.517142857142858,35,-2.3237581543529866
1610612764,WAS,Washington Wizards,2016,2015-16,82,104.07317073170732,10.850021889725745,104.57317073170732,11.635440208032028,99.54878048780488,4.722293957688832,104.60609756097561,10.38001816836317,105.0548780487805,10.318354166289975,-0.45609756097560905,14.25394983215266,48.18292682926829,1.2285497701720605,39.48780487804878,4.861651150799971,85.76829268292683,6.5419798801880535,0.46118292682926837,0.05152756137691139,8.646341463414634,2.886203671789239,24.182926829268293,4.184415674594223,0.35821951219512194,0.10675725602196486,16.451219512195124,5.294190711010781,22.548780487804876,6.653973915247922,0.7334999999999999,0.10403563610728256,9.060975609756097,3.6323225266583057,32.78048780487805,5.312515830608576,41.84146341463415,6.525296478189679,24.451219512195124,4.763939751006462,14.463414634146341,4.131167658304098,8.634146341463415,2.751036595301879,3.9390243902439024,2.1792940355135495,20.829268292682926,4.186412112008901,-0.5,14.19202523415575,-1.1,3.71,4.8100000000000005,0.47619047619047616,21,-4.888888888888889,45,-2.9547654724771713
1610612764,WAS,Washington Wizards,2017,2016-17,82,109.1829268292683,10.289786436469914,107.3780487804878,10.937126988520486,98.89024390243902,5.03814118564018,110.48170731707317,9.667345161996668,108.759756097561,9.581204075935103,1.7268292682926822,11.003625090441089,48.426829268292686,1.4057245204096496,41.31707317073171,4.452431847047705,87.03658536585365,6.622902876935012,0.47610975609756095,0.052188170008428784,9.21951219512195,3.0185614685402076,24.75609756097561,5.5389997216365945,0.3740365853658536,0.10241328100626368,17.329268292682926,5.960890806840955,22.097560975609756,7.585902708553774,0.7872439024390244,0.08099101626382492,10.28048780487805,3.3748320131724174,32.573170731707314,4.265944637416567,42.853658536585364,5.495501979384599,23.853658536585368,4.7560798029301194,14.170731707317072,3.6474407670793783,8.451219512195122,2.96544893453222,4.097560975609756,2.129219158431357,21.28048780487805,3.645644755737266,1.8048780487804879,10.72143235362418,-3.81,-1.4599999999999997,2.3500000000000005,0.6896551724137931,29,-1.4352941176470588,34,-0.0497238350463442
1610612764,WAS,Washington Wizards,2018,2017-18,82,106.60975609756098,11.546744608368554,106.02439024390245,11.069896460595224,98.6219512195122,5.4673898435446135,108.13658536585365,10.671856517479034,107.75243902439026,10.247134204733356,0.3878048780487806,13.683687596297364,48.426829268292686,1.6103867168783477,39.9390243902439,5.271276840601522,85.58536585365853,6.402066062178573,0.46767073170731704,0.05939323960325035,9.926829268292684,3.3876336028680756,26.5,5.416595441127158,0.37296341463414634,0.0936330432760497,16.804878048780488,5.460156521950956,21.78048780487805,6.409915910628698,0.7746951219512196,0.10419410767733607,10.036585365853659,3.379112024314911,33.08536585365854,4.408748932344556,43.1219512195122,5.0095963315419425,25.182926829268293,5.4707483605270655,14.585365853658537,3.6343736856191424,7.865853658536586,2.857790716758125,4.304878048780488,2.2315859631370287,21.29268292682927,4.585236116483254,0.5853658536585366,13.482454276625186,1.7100000000000002,-3.3,-5.01,0.4583333333333333,24,-1.2255319148936175,47,-0.4693907140258464
1610612764,WAS,Washington Wizards,2019,2018-19,82,114.02439024390245,12.164485456184769,116.92682926829268,13.730906372936298,103.48780487804878,6.3968431690450736,110.15121951219511,9.20346477836082,112.83292682926829,10.911462484476383,-2.68780487804878,11.59095422358786,48.609756097560975,2.2757774282078063,42.146341463414636,5.204750800404276,90.08536585365853,8.107611451268836,0.46821951219512203,0.044501636643573456,11.341463414634147,3.163134529892863,33.30487804878049,5.8955706838819255,0.33919512195121954,0.07439690671659199,18.390243902439025,6.21776844086539,23.9390243902439,7.379229376901671,0.7652195121951219,0.09220816819154684,9.682926829268293,4.057847293978251,32.670731707317074,5.02599385920928,42.353658536585364,7.003300723070925,26.26829268292683,5.077300683854245,14.073170731707316,3.838661314382945,8.329268292682928,3.119254730745556,4.621951219512195,2.6650006087250087,20.74390243902439,4.596861451059939,-2.902439024390244,12.09286061808102,-10.100000000000001,-5.299999999999999,4.8000000000000025,0.4090909090909091,22,-6.167567567567569,37,-4.459581780061709
1610612764,WAS,Washington Wizards,2020,2019-20,72,114.41666666666667,13.035974060971043,119.08333333333333,14.237176092841992,103.81944444444444,4.97125933796667,110.22638888888888,11.514057459061904,114.6263888888889,11.81442175580761,-4.394444444444444,12.372321322139939,48.208333333333336,1.0061431029739116,41.52777777777778,5.59419271881778,90.88888888888889,7.196547598647085,0.45809722222222216,0.05966671748365135,12.0,3.6269725085068933,32.56944444444444,6.081202598098803,0.36844444444444446,0.08746748110235733,19.36111111111111,6.612633141034135,24.583333333333332,7.361395305583747,0.7819166666666667,0.09873520570227433,10.166666666666666,4.1077048867487695,31.875,4.086864909528133,42.041666666666664,6.050113489798073,25.01388888888889,4.610132916587893,14.166666666666666,3.921770224036697,7.972222222222222,2.848138617364781,4.291666666666667,1.8946737799405906,22.694444444444443,4.092724182779329,-4.666666666666667,12.805148612410381,-1.75,-7.859999999999999,-6.109999999999999,0.2727272727272727,11,-6.6258064516129025,31,-6.5512057337449425
1610612764,WAS,Washington Wizards,2021,2020-21,72,116.63888888888889,13.697234793985425,118.47222222222223,12.309360027554233,105.34722222222223,5.619783270399293,110.67638888888888,11.250483470745095,112.36388888888888,10.884493499839293,-1.679166666666667,12.848345511946906,48.34722222222222,1.27996173162669,43.166666666666664,6.032774336669912,90.93055555555556,6.795454961789916,0.47451388888888896,0.05276175339470112,10.180555555555555,3.525865746802584,29.0,6.9505294154423645,0.3531388888888889,0.09538126688185411,20.125,6.643725198037789,26.166666666666668,8.001760369698939,0.7707361111111111,0.10225210394964167,9.680555555555555,3.270983781414784,35.513888888888886,4.817787042562221,45.19444444444444,6.3304292823061035,25.48611111111111,5.312735311920093,14.38888888888889,4.099314802090146,7.333333333333333,2.572881324480232,4.125,2.115918872749222,21.59722222222222,3.5865936690828044,-1.8333333333333333,13.318418888522046,-2.7399999999999998,5.91,8.65,0.5555555555555556,27,-4.172222222222221,36,-3.279487888520192
1610612764,WAS,Washington Wizards,2022,2021-22,82,108.6219512195122,12.706215300271372,112.0,12.196943555611194,98.52439024390245,5.709480116775455,110.23658536585366,10.99991596146486,113.73292682926828,11.507700641047396,-3.492682926829268,13.579294155075782,48.36585365853659,1.7178237389420574,40.573170731707314,5.0577662756285875,86.04878048780488,6.4346715918086606,0.4721951219512196,0.05161405661356606,10.487804878048781,3.159324441145663,30.634146341463413,5.53443138395914,0.34293902439024393,0.08345699677167603,16.98780487804878,5.895162072639899,21.682926829268293,6.963534735985116,0.7800487804878049,0.10641334531074016,8.987804878048781,3.349936068817,34.1219512195122,5.498350468470912,43.109756097560975,6.518740500860189,25.024390243902438,4.873652038411091,13.134146341463415,3.6943807684469125,6.365853658536586,2.516671303022225,4.951219512195122,2.210538390508265,18.841463414634145,4.03524445752402,-3.3780487804878048,13.153078073683206,4.03,-4.139999999999999,-8.169999999999998,0.5833333333333334,24,-4.346153846153847,52,-4.654060551449702
1610612764,WAS,Washington Wizards,2023,2022-23,82,113.15853658536585,11.121627814280862,114.36585365853658,10.676514198703147,99.52439024390245,4.433947631503556,113.78780487804879,11.120500368926058,114.97317073170731,10.397151186036762,-1.1902439024390243,13.213999401645617,48.18292682926829,0.9444842969433309,42.146341463414636,4.64843515742959,86.91463414634147,7.378984539044759,0.486890243902439,0.056251421073420745,11.28048780487805,3.762302913894471,31.71951219512195,6.218797450827399,0.35423170731707315,0.09529425497697634,17.585365853658537,5.495118416167983,22.414634146341463,6.743906658976863,0.7874268292682927,0.10121082146892661,9.439024390243903,3.791144851274927,34.19512195121951,4.9899628252412835,43.63414634146341,6.514015649317582,25.402439024390244,4.499272248691005,14.121951219512194,4.092722369359154,6.841463414634147,2.4009746590623986,5.170731707317073,2.566666080080647,18.76829268292683,3.5911371715494345,-1.2073170731707317,12.947889674924863,-5.76,-3.31,2.4499999999999997,0.5263157894736842,19,-5.307843137254902,51,-2.956135830433162
1610612764,WAS,Washington Wizards,2024,2023-24,82,113.7439024390244,10.5325022827457,123.03658536585365,12.609466483021787,103.1829268292683,4.228440008816514,110.2146341463415,8.857320637576823,118.86219512195123,10.77655938409789,-8.65,12.443077801942138,48.1219512195122,0.7760336619661979,42.96341463414634,4.243935751806595,91.3780487804878,6.290577401715505,0.4708414634146342,0.0407605078513641,12.378048780487806,3.623109107179821,35.548780487804876,5.983830968729867,0.34748780487804876,0.07798769195428545,15.439024390243903,5.043263593984565,20.20731707317073,6.3201379201978005,0.7651341463414634,0.1069545608138891,9.207317073170731,3.37652683297186,31.865853658536587,5.192021883387921,41.073170731707314,6.091444086332121,27.926829268292682,4.2998147758122425,13.987804878048781,3.882515101968432,7.597560975609756,2.836533078186024,5.060975609756097,2.374491815549976,19.963414634146343,3.546673356827509,-9.292682926829269,12.908498305980729,-6.529999999999999,-5.65,0.879999999999999,0.3,20,-11.8078431372549,51,-10.94059651408974
1610612764,WAS,Washington Wizards,2025,2024-25,82,108.0,12.001028762486351,120.4390243902439,11.136745497271756,102.08536585365853,4.648645679617033,105.80975609756098,10.84396184896242,118.02317073170731,9.972063431487083,-12.208536585365854,13.735851991439912,48.1219512195122,0.7760336619661978,39.426829268292686,4.939211932454477,89.89024390243902,6.815027146057862,0.439109756097561,0.04816022796836066,13.109756097560975,3.9690347663902132,39.146341463414636,5.875502502743152,0.3329756097560975,0.0826783109495801,16.036585365853657,5.81281071799521,20.609756097560975,6.6513826606053765,0.7712682926829267,0.09439411061097368,10.573170731707316,3.6919347793447357,33.1219512195122,4.321608765098795,43.69512195121951,5.14886784724575,25.097560975609756,4.599006216048029,15.560975609756097,3.6450458886359676,7.597560975609756,2.8882894937903605,5.121951219512195,2.5742804047984666,19.73170731707317,4.385860503678106,-12.439024390243903,13.790404215219759,-12.209999999999999,-17.93,-5.720000000000001,0.7142857142857143,14,-15.538636363636362,44,-14.328711786154225
1610612765,DET,Detroit Pistons,2013,2012-13,82,94.85365853658537,11.144529689736578,98.84146341463415,11.10941043895283,92.32926829268293,4.916725995998046,102.78658536585365,11.259736661121693,107.33170731707315,11.724616691186727,-4.5390243902439025,15.729415363528616,48.30487804878049,1.6381940100531207,36.329268292682926,4.551637551065132,80.95121951219512,7.205797458501586,0.4508292682926829,0.05876187663049069,6.2560975609756095,2.8056863582698677,17.5609756097561,4.234186443569053,0.35342682926829266,0.13206265165693837,15.939024390243903,4.969903397167348,22.804878048780488,7.091011567235855,0.7015731707317072,0.09068627654052902,12.085365853658537,4.17281389357644,30.036585365853657,5.464690523471028,42.1219512195122,7.692212261701608,21.24390243902439,4.628310561860668,15.134146341463415,3.9401767057007664,7.0,2.4139512202667146,4.878048780487805,2.7728411417878025,19.79268292682927,3.867362022016369,-3.9878048780487805,14.564877339410542,-7.55,2.2399999999999998,9.79,0.3181818181818182,22,-14.315151515151515,33,-7.889841035352698
1610612765,DET,Detroit Pistons,2014,2013-14,82,101.04878048780488,9.641605366845551,104.70731707317073,10.328538678417038,96.02439024390245,4.265785816933737,105.24146341463415,9.11013478806267,109.05365853658536,10.519566661519894,-3.8134146341463415,13.12947642365412,48.24390243902439,1.0836720337741033,38.80487804878049,4.116929889291213,86.8780487804878,6.295972147455999,0.44726829268292684,0.041146545924214906,6.182926829268292,2.8246186185499376,19.26829268292683,5.1760339946023475,0.31246341463414634,0.10311305016399357,17.25609756097561,5.592788512753637,25.74390243902439,7.176454944512036,0.6686341463414635,0.1059324863256726,14.585365853658537,4.103449977317927,30.79268292682927,5.232231082029376,45.3780487804878,7.17444064822304,20.902439024390244,4.356376782267069,14.548780487804878,3.8043264487944897,8.378048780487806,2.70180663791882,4.817073170731708,2.2777943022733274,20.317073170731707,3.8389750714895525,-3.658536585365854,12.570020686307581,-2.17,-7.409999999999999,-5.239999999999999,0.375,16,-8.607692307692309,39,-5.516219607351796
1610612765,DET,Detroit Pistons,2015,2014-15,82,98.5,10.42462658833269,99.5,9.681661422567645,94.40243902439025,4.956252457468445,104.40365853658535,10.289770122112246,105.52439024390242,10.169666357414986,-1.1292682926829267,13.192688657961114,48.36585365853659,1.527623791205016,37.08536585365854,4.4864713498628985,85.82926829268293,6.5485930598055075,0.43301219512195127,0.04967188486195421,8.573170731707316,3.250946634424123,24.914634146341463,5.617875393649517,0.3396219512195122,0.09893876897365503,15.75609756097561,5.122116112686809,22.414634146341463,6.478742484887503,0.7031951219512195,0.11208819708840068,12.817073170731707,3.617952660189194,32.073170731707314,5.117822858403462,44.890243902439025,6.303058433712123,21.597560975609756,4.20422995723035,13.402439024390244,3.7444930959502107,7.597560975609756,2.693658561669121,4.670731707317073,2.266529832736807,19.01219512195122,4.161830978939421,-1.0,12.411663172840672,-4.0200000000000005,0.55,4.57,0.45454545454545453,22,-2.8897435897435906,39,-2.343411509280944
1610612765,DET,Detroit Pistons,2016,2015-16,82,101.96341463414635,12.515121837843989,101.35365853658537,10.32720481492309,96.85365853658537,6.5567267338368,105.31951219512196,11.192539832730409,105.01951219512196,9.200046148896469,0.2999999999999997,13.164008170428605,48.48780487804878,2.435559116172501,37.9390243902439,4.748872669279247,86.42682926829268,8.261214581739937,0.44036585365853664,0.0490901192429491,9.024390243902438,2.9730294220870066,26.195121951219512,4.481619593682082,0.34379268292682924,0.09624091912331623,17.0609756097561,6.051930741763448,25.548780487804876,8.97479658839527,0.6751707317073171,0.11043425001889483,12.451219512195122,4.491837422781572,33.86585365853659,4.809358662415591,46.31707317073171,6.259566601927218,19.4390243902439,4.193167755594601,13.536585365853659,3.182495030016464,6.987804878048781,2.668952272533612,3.707317073170732,2.3120073309190494,18.98780487804878,4.149948393072027,0.6097560975609756,12.752880185518757,-1.47,-2.07,-0.5999999999999999,0.5833333333333334,24,-1.0225000000000004,40,-1.1976846745731593
1610612765,DET,Detroit Pistons,2017,2016-17,82,101.32926829268293,12.525583575324506,102.45121951219512,11.036586114479904,96.21951219512195,5.043084472193244,105.25,11.254039055455975,106.79268292682927,11.364714511280729,-1.5378048780487805,16.78101985043569,48.30487804878049,1.437496317893246,39.86585365853659,5.745126104240744,88.8048780487805,7.647220142696966,0.44884146341463416,0.05147322677251921,7.695121951219512,3.2305984018950746,23.353658536585368,5.183954235098232,0.3268780487804878,0.10625480558415223,13.902439024390244,5.032265660855084,19.341463414634145,6.313261590180815,0.7221951219512195,0.1253756271256317,11.073170731707316,3.596227405314871,34.609756097560975,5.798586668075642,45.68292682926829,6.816606535604547,21.121951219512194,4.683541563586044,11.865853658536585,3.691037510544388,7.0,3.0225490019412096,3.7804878048780486,2.3466518846541082,17.890243902439025,4.058236853552323,-1.1219512195121952,15.953164664492306,0.9400000000000001,-4.130000000000001,-5.070000000000001,0.4,20,-5.261538461538462,39,-3.6384359927585286
1610612765,DET,Detroit Pistons,2018,2017-18,82,103.76829268292683,10.718967589506185,103.91463414634147,10.812888079968772,97.32926829268293,4.166458892741912,106.63536585365854,10.172103852108417,106.72560975609758,10.448070422309245,-0.09634146341463404,14.825782057293244,48.30487804878049,1.203790560412963,39.1219512195122,4.696702925240371,86.9390243902439,5.812603507057915,0.45015853658536575,0.04706981143418001,10.804878048780488,3.1756753899722114,28.9390243902439,5.099860954230437,0.37228048780487805,0.08087214026699213,14.71951219512195,4.894628928907818,19.76829268292683,5.953106421140754,0.7413780487804877,0.11275666362218893,10.121951219512194,3.7725134690461077,33.609756097560975,5.45408692058607,43.73170731707317,6.346086147757577,22.78048780487805,4.605483554574305,13.439024390243903,3.5628313091794532,7.658536585365853,2.9490300233961504,3.8658536585365852,2.3027744678810214,18.390243902439025,4.512687457372305,-0.14634146341463414,14.539959372317034,3.2399999999999998,6.99,3.7500000000000004,0.3333333333333333,21,-4.402,50,-2.635761886377055
1610612765,DET,Detroit Pistons,2019,2018-19,82,107.04878048780488,12.610893232600894,107.29268292682927,9.94489484377683,98.79268292682927,4.888226735153844,108.44146341463416,12.412707061612725,108.80487804878051,9.764143302378796,-0.3609756097560976,14.02927060129414,48.426829268292686,1.4057245204096496,38.84146341463415,4.852056995876859,88.26829268292683,6.577268712448068,0.44109756097560976,0.05318581676620966,12.109756097560975,3.620947620191742,34.80487804878049,5.389608255285177,0.345780487804878,0.08019113346361219,17.25609756097561,5.488058811750157,23.085365853658537,7.220001743292077,0.7526707317073171,0.10904649080774075,11.414634146341463,4.142377260785343,33.5609756097561,4.815349841721077,44.97560975609756,5.828782584187783,22.5,3.752365509059618,13.841463414634147,4.010694075566072,6.939024390243903,2.4912070601782026,4.036585365853658,2.2302362270452813,22.085365853658537,3.9006210949318105,-0.24390243902439024,13.778280434925497,-1.64,-0.7600000000000001,0.8799999999999998,0.5185185185185185,27,-4.738461538461538,39,-3.4921206184894915
1610612765,DET,Detroit Pistons,2020,2019-20,66,107.24242424242425,12.282646427517292,110.8030303030303,10.411856698339633,98.5909090909091,4.967516862198233,108.79242424242425,11.501870223925268,112.36060606060606,9.6769810738661,-3.557575757575758,14.283169876639489,48.378787878787875,1.333187637727442,39.31818181818182,5.449513996422323,85.72727272727273,6.415235362420054,0.4593636363636363,0.06034812758898576,11.984848484848484,3.2462637659667206,32.68181818181818,6.0106548751339925,0.36828787878787883,0.08190571787150529,16.62121212121212,5.848774103020094,22.363636363636363,7.339327916487603,0.744469696969697,0.10179046648679368,9.757575757575758,3.342318891293225,31.954545454545453,5.353451275526897,41.71212121212121,6.035192053575687,24.075757575757574,4.711069145552047,15.272727272727273,4.115806134873233,7.424242424242424,2.8341901899191653,4.53030303030303,2.3019703731950156,19.681818181818183,3.6338540291122188,-3.5606060606060606,14.235523051511544,-2.93,-9.47,-6.540000000000001,0.46153846153846156,13,-7.582142857142857,28,-6.365174783982138
1610612765,DET,Detroit Pistons,2021,2020-21,72,106.61111111111111,11.177890092367965,111.08333333333333,10.901285620008958,99.05555555555556,5.72341100130227,107.75972222222222,10.995743859345957,112.35138888888889,11.08521402025258,-4.597222222222222,13.303954428773405,48.416666666666664,1.8289533680592331,38.65277777777778,4.79776861932395,85.58333333333333,6.651802678465398,0.45240277777777776,0.051046970836788094,11.555555555555555,3.2016232189791993,32.916666666666664,5.789135039627444,0.3515,0.0774551210356545,17.75,5.759866000006265,23.375,7.033996920390024,0.7576111111111111,0.10459426041339027,9.63888888888889,3.168087153604293,33.06944444444444,5.4212061151877435,42.708333333333336,6.4555631647942135,24.208333333333332,4.8525802632483686,14.930555555555555,3.835807529754434,7.375,2.542248644215212,5.152777777777778,1.8359456420673186,20.51388888888889,4.639065761811317,-4.472222222222222,13.014587938829543,-5.769999999999999,-9.07,-3.3000000000000016,0.26666666666666666,15,-7.16388888888889,36,-5.615648535012508
1610612765,DET,Detroit Pistons,2022,2021-22,82,104.82926829268293,11.716617805123112,112.54878048780488,12.294887464051415,99.28048780487805,4.361091692083878,105.63292682926831,11.257853827857012,113.19390243902438,10.164794576403784,-7.557317073170732,12.426703927060304,48.24390243902439,1.0836720337741033,38.15853658536585,4.8008988669564525,88.6219512195122,7.162385015391325,0.4313902439024391,0.04911683126505643,11.28048780487805,3.400342721448271,34.609756097560975,6.09342105772207,0.32718292682926825,0.08464320585552483,17.23170731707317,5.969673937965525,22.024390243902438,6.995546395864569,0.7814390243902438,0.09099899572922654,10.975609756097562,3.950232403715057,32.01219512195122,4.7855077066953,42.98780487804878,6.125223911128261,23.463414634146343,4.4919547339803945,14.182926829268293,3.5455694793434174,7.682926829268292,2.6753472084830356,4.7926829268292686,1.8969618651877305,21.9390243902439,4.1136555518659765,-7.719512195121951,12.623977176750149,-9.870000000000001,-3.0300000000000002,6.840000000000001,0.45454545454545453,22,-8.686274509803921,51,-8.629592408168286
1610612765,DET,Detroit Pistons,2023,2022-23,82,110.3048780487805,12.04383867315335,118.52439024390245,11.167883416027305,100.3780487804878,5.422040625152209,109.89024390243902,10.444463472276965,117.8048780487805,9.553719493358795,-7.903658536585366,12.212616883421118,48.30487804878049,1.437496317893246,39.5609756097561,4.497180353866213,87.07317073170732,6.337777169637025,0.4547682926829268,0.04490959334960472,11.390243902439025,3.7176791431459106,32.426829268292686,5.560065919772823,0.3478780487804878,0.08536767107799968,19.79268292682927,6.838052218661174,25.682926829268293,8.434025807875695,0.7717560975609755,0.08640952750618543,11.170731707317072,3.6643254412614694,31.26829268292683,5.209319238213839,42.4390243902439,7.204418330502419,22.975609756097562,4.306112823452111,15.085365853658537,3.76206280266097,7.0,2.499382639822665,3.7560975609756095,2.0641620163811076,22.109756097560975,3.9031677466252583,-8.21951219512195,12.259563553591164,-11.370000000000001,-12.309999999999999,-0.9399999999999977,0.2,15,-11.184615384615388,52,-9.206188213525703
1610612765,DET,Detroit Pistons,2024,2023-24,82,109.8780487804878,10.831356222893822,118.98780487804878,12.404194732984609,100.84146341463415,4.46237912571399,108.97317073170733,9.657288538772574,117.98414634146343,10.68240123641921,-9.007317073170732,12.146337968555443,48.18292682926829,0.944484296943331,40.890243902439025,4.594699301170016,88.2439024390244,6.803341545732891,0.46397560975609753,0.04447720337424531,11.048780487804878,3.250460324567873,31.73170731707317,5.3611514805338,0.3487804878048781,0.08778171923503135,17.048780487804876,5.575303654520389,21.70731707317073,6.62298244122253,0.785,0.10174502141488817,10.5,3.7720544881706566,32.829268292682926,5.1227039495066355,43.329268292682926,6.61658014319542,25.463414634146343,3.8847442102463394,15.21951219512195,3.708596587389574,6.475609756097561,2.816291273499173,4.682926829268292,2.647514785188143,20.585365853658537,4.883712460348463,-9.109756097560975,12.021591786264397,-3.5100000000000002,-10.030000000000001,-6.520000000000001,0.1,10,-11.392307692307693,52,-10.50953947360161
1610612765,DET,Detroit Pistons,2025,2024-25,82,115.5,11.028862247264483,113.59756097560975,12.828267163657062,100.82926829268293,4.692533807237691,114.54390243902438,9.498617151608622,112.47560975609754,11.449120522324781,2.0695121951219506,13.891996888024646,48.30487804878049,1.2037905604129633,42.71951219512195,4.576575867686337,89.79268292682927,7.2140771247901805,0.4771341463414634,0.049071316757089534,12.817073170731707,3.43952354143867,35.3780487804878,5.8744902461330275,0.36242682926829267,0.07622902957742653,17.24390243902439,6.339297339279524,22.26829268292683,7.504811264169805,0.7693170731707317,0.08941743940831821,11.353658536585366,3.8693858613081815,33.40243902439025,5.381403176733467,44.75609756097561,6.139451408334674,26.402439024390244,4.943782118180224,14.853658536585366,4.242995538675774,7.951219512195122,3.1579898240807065,5.2560975609756095,2.402729803553214,20.670731707317074,3.634725788386245,1.9024390243902438,13.905864964016825,-2.15,-0.029999999999999537,2.1200000000000006,0.5714285714285714,21,-3.9357142857142855,42,-0.6808245876122782
1610612766,CHA,Charlotte Hornets,2013,2012-13,82,93.42682926829268,10.573704266769905,102.65853658536585,11.192170446944587,93.07317073170732,4.628896057509993,100.3890243902439,10.344748844996888,110.36463414634146,11.331997437075307,-9.98048780487805,13.951347906244903,48.30487804878049,1.437496317893246,34.426829268292686,4.5866970493311054,81.08536585365853,5.739620195444593,0.42534146341463414,0.054562280534186235,5.719512195121951,2.5737247363243725,17.0609756097561,5.068293016210014,0.33385365853658533,0.10275058162116116,18.853658536585368,4.853716791983034,25.121951219512194,6.309683414222503,0.7539024390243902,0.09200451005532788,11.182926829268293,4.03725872276969,29.134146341463413,4.778455236523158,40.31707317073171,6.026439787561016,19.353658536585368,4.94755695098074,14.060975609756097,3.225467947582064,7.2073170731707314,2.8490319121580634,5.841463414634147,2.6362595658707404,19.036585365853657,4.20007384400463,-9.231707317073171,13.078394944832954,-1.7399999999999998,-6.92,-5.18,0.5555555555555556,18,-15.5375,32,-12.076522129221232
1610612766,CHA,Charlotte Hornets,2014,2013-14,82,96.85365853658537,11.010793751699152,97.07317073170732,11.336361782526085,94.04878048780488,5.170912088574193,103.01951219512196,10.682990276162858,103.40121951219514,11.38295773907165,-0.37926829268292667,13.903243584647575,48.548780487804876,1.5725456206410324,36.292682926829265,4.997500127849229,82.07317073170732,7.222701672641083,0.4434146341463415,0.056235165664127874,6.2926829268292686,2.53122624300657,17.9390243902439,4.7123362164304154,0.3495853658536585,0.108232483111503,17.975609756097562,6.224157654855493,24.390243902439025,8.030429931083937,0.7388536585365852,0.10583286636831592,9.463414634146341,3.4683582836813054,33.21951219512195,4.936696526890718,42.68292682926829,6.2239641386754645,21.682926829268293,5.541934521581207,12.317073170731707,3.3806933644164734,6.085365853658536,2.5298280794180905,5.134146341463414,2.5129894406736106,18.20731707317073,3.940100283482952,-0.21951219512195122,13.068692577493536,-4.529999999999999,5.78,10.309999999999999,0.5172413793103449,29,-3.6631578947368433,38,-2.545536989346457
1610612766,CHA,Charlotte Hornets,2015,2014-15,82,94.15853658536585,11.945834040300328,97.32926829268293,11.236025480293156,94.54878048780488,6.406309465173002,99.71707317073171,12.012142055437575,103.24634146341464,12.105291110486256,-3.534146341463414,16.03033559033664,48.548780487804876,2.079603707644594,35.52439024390244,5.379948161107125,84.53658536585365,6.955227400763142,0.42063414634146346,0.056902019360361565,6.073170731707317,2.604746322118448,19.097560975609756,4.702533480817695,0.31297560975609756,0.10314582456971692,17.036585365853657,5.167431537055287,22.76829268292683,6.41814322691387,0.7475731707317075,0.10054444757404801,10.0,3.410224278493957,34.0609756097561,5.073162407632204,44.0609756097561,6.414388842408916,20.170731707317074,5.15872718067754,11.902439024390244,3.5437643238025616,6.085365853658536,2.544426101400137,5.463414634146342,2.9863687101343697,18.21951219512195,3.754912470397049,-3.1707317073170733,14.836395753826718,-3.8600000000000003,-11.46,-7.6000000000000005,0.375,24,-8.600000000000001,39,-6.245137020384451
1610612766,CHA,Charlotte Hornets,2016,2015-16,82,103.40243902439025,11.850779790040761,100.6829268292683,10.099355863557708,97.14634146341463,5.016323850030321,106.40731707317073,10.638629593449453,103.8121951219512,9.588037689062839,2.591463414634146,13.42679467020811,48.426829268292686,1.7918229065718263,37.02439024390244,5.137553844014732,84.41463414634147,6.8654641512899035,0.43896341463414623,0.05319274180552192,10.646341463414634,3.0240678646261396,29.390243902439025,4.958484678825533,0.36154878048780487,0.08251825872608914,18.70731707317073,5.458005344690299,23.670731707317074,6.631490304262342,0.7951951219512196,0.09757547746781137,8.951219512195122,3.325555514810076,34.98780487804878,6.078689556712819,43.9390243902439,6.90204400030265,21.682926829268293,4.259710906496546,12.548780487804878,3.6452317544721495,7.2560975609756095,2.4180952386035046,5.341463414634147,2.9068650637146862,18.134146341463413,4.468717591948655,2.7195121951219514,12.958885021238387,1.9299999999999997,7.67,5.74,0.6086956521739131,23,-1.9736842105263155,38,-0.26915723305382927
1610612766,CHA,Charlotte Hornets,2017,2016-17,82,104.89024390243902,10.770336603702834,104.6951219512195,12.006879740217915,96.7560975609756,5.201046845266887,108.44634146341464,10.19312519616429,108.46097560975609,11.354650497717827,-0.010975609756097413,13.358134397886195,48.36585365853659,1.3100956059915252,37.71951219512195,4.252158174600841,85.36585365853658,6.587515680627813,0.4431097560975609,0.049908559867901665,10.048780487804878,3.474430192289961,28.621951219512194,6.3608374398236815,0.3480487804878048,0.08710585336159939,19.402439024390244,5.639060766067038,23.817073170731707,6.672456835139675,0.8164756097560975,0.08787297588905771,8.792682926829269,3.561584488828383,34.792682926829265,5.267505336126833,43.58536585365854,6.0816486140271735,23.0609756097561,4.517039238359487,11.487804878048781,3.6217583289827826,6.963414634146342,3.068940871517341,4.7560975609756095,2.4972131410526073,16.585365853658537,3.8776065530876167,0.1951219512195122,12.502285247293687,5.109999999999999,-3.7,-8.809999999999999,0.36363636363636365,22,-2.476923076923077,39,-2.3502948193072504
1610612766,CHA,Charlotte Hornets,2018,2017-18,82,108.21951219512195,12.783114238543435,107.96341463414635,11.27155835288534,99.3048780487805,3.867206298201006,108.98658536585363,12.347377011354432,109.12560975609755,11.39480942018658,-0.1353658536585368,14.89952664714363,48.24390243902439,1.0836720337741033,38.98780487804878,5.285652376753237,86.65853658536585,6.096385312737461,0.4505975609756098,0.05667469654568623,10.048780487804878,3.780725774678491,27.23170731707317,5.946881702821505,0.3628780487804878,0.0959376585445462,20.195121951219512,5.865654425279088,27.024390243902438,6.940622254375204,0.7473658536585366,0.09939713489115727,10.085365853658537,3.418183834830446,35.3780487804878,5.478668496214956,45.46341463414634,6.858706500718125,21.585365853658537,4.6426663781782285,12.695121951219512,3.6027733637949275,6.817073170731708,2.749312141943727,4.548780487804878,2.2063457248111304,17.182926829268293,3.698942287190037,0.25609756097560976,14.65556058934271,-1.5799999999999998,8.780000000000001,10.360000000000001,0.38095238095238093,21,-4.928260869565217,46,-3.1274368472781613
1610612766,CHA,Charlotte Hornets,2019,2018-19,82,110.7439024390244,12.398537324734459,111.84146341463415,12.187293030539031,100.02439024390245,5.575465677846283,110.78414634146343,11.656942714957522,112.05365853658536,11.063366253976119,-1.2731707317073169,16.0628553092699,48.36585365853659,1.527623791205016,40.207317073170735,5.253424056553641,89.78048780487805,6.745870964356691,0.4486951219512195,0.056617339974493794,11.914634146341463,3.6216128305118804,33.9390243902439,5.576289223629869,0.35120731707317077,0.09037585958198226,18.414634146341463,6.4405183816982055,23.109756097560975,7.607673347807308,0.7924878048780487,0.09509283883443109,9.926829268292684,3.219464290246101,33.8780487804878,4.9376113680890725,43.80487804878049,5.99678725588558,23.23170731707317,4.7539425626092475,12.207317073170731,3.571968385237614,7.2073170731707314,2.642192341098435,4.939024390243903,2.3796854288200597,18.902439024390244,4.412691449622261,-1.0975609756097562,15.834490995571302,7.260000000000001,-1.8700000000000003,-9.13,0.3181818181818182,22,-6.757894736842107,38,-4.4548064955865945
1610612766,CHA,Charlotte Hornets,2020,2019-20,65,102.87692307692308,11.531895567711988,109.63076923076923,12.430518430923888,97.18461538461538,5.168692737567655,105.93692307692307,11.07116989683635,112.78615384615384,10.889184383527608,-6.844615384615385,13.087255618172385,48.46153846153846,1.7054776006016164,37.30769230769231,4.376510728176747,85.93846153846154,6.343985643596134,0.4351538461538462,0.04923452509711516,12.076923076923077,3.841824486440705,34.323076923076925,5.220475589887896,0.34927692307692304,0.08659577567863583,16.184615384615384,5.513881084624932,21.630769230769232,6.7072004936141925,0.7486461538461537,0.10441091160189371,11.0,3.1622776601683795,31.784615384615385,5.555099874474321,42.784615384615385,7.021156216420812,23.83076923076923,3.5292050750188015,14.6,4.256612502918253,6.584615384615384,2.5427120590787733,4.123076923076923,2.0879692010696385,18.815384615384616,3.8886546022222923,-6.753846153846154,12.745134818371344,-7.220000000000001,-5.6,1.620000000000001,0.5,22,-12.420689655172414,29,-10.172201573725042
1610612766,CHA,Charlotte Hornets,2021,2020-21,72,109.45833333333333,10.434149647826574,111.38888888888889,10.885518944529277,99.43055555555556,5.081938159960119,110.06388888888888,8.679217618331371,112.08611111111112,9.986558650387094,-2.0222222222222217,13.750392795641469,48.208333333333336,1.0061431029739119,39.93055555555556,4.166690140778947,87.83333333333333,6.164414002968976,0.45538888888888884,0.04388864127027471,13.680555555555555,3.343382738741585,37.02777777777778,4.941836980177933,0.3679722222222222,0.06814400084622418,15.916666666666666,5.453387627861998,20.90277777777778,6.019123800870309,0.7547777777777778,0.13150389296676626,10.583333333333334,3.0011734794111997,33.18055555555556,5.163049619861483,43.763888888888886,6.001157295796277,26.84722222222222,4.167816742687469,14.847222222222221,4.221540077504665,7.847222222222222,2.9150397877226757,4.777777777777778,2.3867133522855424,18.02777777777778,3.661648294363058,-1.9305555555555556,13.684911387619977,-0.9100000000000007,-5.2,-4.289999999999999,0.5555555555555556,18,-6.672222222222222,36,-4.30178589071952
1610612766,CHA,Charlotte Hornets,2022,2021-22,82,115.32926829268293,13.323195106769859,114.89024390243902,12.896555284702272,101.48780487804878,5.493529083259493,113.72439024390243,12.319908218509429,113.14390243902439,11.568882246561627,0.5817073170731708,15.416514538178586,48.48780487804878,1.6868694244915796,42.78048780487805,4.956662532673816,91.42682926829268,6.409927654692528,0.46993902439024393,0.06151971430703455,13.939024390243903,3.9763112162262475,38.170731707317074,5.38357097984522,0.3652073170731708,0.09031874117550495,15.829268292682928,5.218213302968606,21.378048780487806,6.697411041906996,0.7422439024390244,0.10262403648071587,10.829268292682928,3.701200599501149,33.74390243902439,5.4992950740392175,44.573170731707314,7.034360970748311,28.073170731707318,5.027775906211753,13.25609756097561,3.491828116517567,8.621951219512194,2.6880634357522375,4.902439024390244,2.5415546719590867,19.865853658536587,3.750760236097497,0.43902439024390244,15.726126379000224,-2.6599999999999997,0.93,3.59,0.42105263157894735,19,-3.775,48,-2.3100903501478576
1610612766,CHA,Charlotte Hornets,2023,2022-23,82,110.95121951219512,11.930769887118252,117.1951219512195,10.49095909936029,102.3170731707317,4.95131370216996,108.45487804878047,10.548584276188812,114.84512195121953,10.231169423028927,-6.390243902439025,12.74179096425672,48.36585365853659,1.527623791205016,41.28048780487805,4.932318189459361,90.40243902439025,7.410136127933662,0.45834146341463416,0.056930587910255126,10.74390243902439,3.35846443309871,32.548780487804876,6.130579975834946,0.3294756097560976,0.08395607693646648,17.646341463414632,4.743733881787903,23.5609756097561,5.6636104197810155,0.7491585365853658,0.0975565008195403,10.987804878048781,3.8119173181575876,33.548780487804876,5.384367952463483,44.53658536585366,6.240439842743003,25.146341463414632,4.043351351733881,14.195121951219512,4.019824406183588,7.7317073170731705,3.170266104373321,5.182926829268292,2.587376996685061,20.25609756097561,4.204086711377882,-6.2439024390243905,13.123874179214225,-4.58,-6.110000000000001,-1.5300000000000011,0.47058823529411764,17,-9.049019607843139,51,-7.939719079891985
1610612766,CHA,Charlotte Hornets,2024,2023-24,82,106.58536585365853,12.123796841934405,116.82926829268293,11.872579548565128,98.13414634146342,4.026953004051364,108.65243902439025,12.014263391565672,119.35731707317072,12.16265312276245,-10.696341463414635,14.4535137777614,48.1219512195122,0.7760336619661978,40.01219512195122,5.150797379092847,86.98780487804878,6.7941403628494,0.4611951219512195,0.058823745735294884,12.060975609756097,3.9918050651816803,34.0,5.8668350144195935,0.3533658536585366,0.09310176460582828,14.5,4.861666634924263,18.4390243902439,5.9733927761915195,0.788780487804878,0.1083454721849002,9.329268292682928,4.109774191173893,30.951219512195124,4.645195152047138,40.28048780487805,6.47363959729393,24.79268292682927,4.778392221156723,13.768292682926829,4.04389123349539,6.853658536585366,2.762723433652408,4.524390243902439,2.430391980558466,17.951219512195124,4.064001673909658,-10.24390243902439,14.028683997667555,-6.980000000000001,-9.49,-2.509999999999999,0.6153846153846154,13,-14.171153846153848,52,-12.456961542741785
1610612766,CHA,Charlotte Hornets,2025,2024-25,82,105.09756097560975,11.461809647584916,114.20731707317073,11.985317978010675,98.52439024390245,4.600659130866159,106.72804878048781,10.960245495924095,115.7670731707317,11.140506171070793,-9.042682926829269,13.686363678411062,48.18292682926829,0.9444842969433309,38.31707317073171,4.488333433127003,89.1219512195122,6.944915973151461,0.4309512195121951,0.048669685963932036,12.987804878048781,4.170720701669429,38.329268292682926,6.901520458796002,0.33720731707317075,0.08249979241348789,15.475609756097562,5.418818626104742,19.76829268292683,6.344626929634406,0.7792926829268293,0.1117737449907457,12.231707317073171,3.8627655304080735,32.96341463414634,5.398777003599798,45.19512195121951,6.441453375588662,24.317073170731707,4.564700979430852,15.5,3.9760082966850865,7.402439024390244,3.0260586601641735,4.487804878048781,2.013803614679055,18.71951219512195,4.32127778954528,-9.109756097560975,13.62278963614433,-2.7100000000000004,-16.05,-13.34,0.5185185185185185,27,-11.067441860465117,43,-10.546052950814506
