team_id,team_abbreviation,team_name,season_end_year,season_year,cluster,games_played,avg_pts,std_pts,avg_pts_allowed,std_pts_allowed,avg_possessions,std_possessions,avg_off_rating,std_off_rating,avg_def_rating,std_def_rating,avg_net_rating,std_net_rating,avg_minutes,std_minutes,avg_fgm,std_fgm,avg_fga,std_fga,avg_fg_pct,std_fg_pct,avg_fg3m,std_fg3m,avg_fg3a,std_fg3a,avg_fg3_pct,std_fg3_pct,avg_ftm,std_ftm,avg_fta,std_fta,avg_ft_pct,std_ft_pct,avg_oreb,std_oreb,avg_dreb,std_dreb,avg_reb,std_reb,avg_ast,std_ast,avg_tov,std_tov,avg_stl,std_stl,avg_blk,std_blk,avg_pf,std_pf,avg_plus_minus,std_plus_minus,avg_net_rating_first10,avg_net_rating_last10,trend_net_rating,clutch_win_pct,clutch_games_count,avg_net_rating_vs_pos_srs,vs_pos_srs_games_count,adjusted_net_rating
1610612737,ATL,Atlanta Hawks,2013,2012-13,0,82,97.95121951219512,11.856031896110515,97.54878048780488,10.116790149986992,94.4390243902439,5.214172426968943,103.66829268292685,10.84328179160002,103.44024390243902,9.561030211499665,0.229268292682927,12.815109598668904,48.426829268292686,1.7918229065718263,37.609756097560975,4.618150176303093,81.02439024390245,6.814971916024301,0.4656463414634147,0.0557280371290101,8.609756097560975,2.468348263445359,23.182926829268293,4.447576809461689,0.3733170731707317,0.0939863239393062,14.121951219512194,5.236128632808736,19.74390243902439,6.33004003187809,0.7085121951219511,0.1203021139252134,9.24390243902439,3.339109719485032,31.621951219512194,4.569464522488652,40.86585365853659,5.552804196751006,24.47560975609756,4.917154676988971,14.865853658536585,3.470376203045638,8.097560975609756,2.942283299540442,4.5,2.5543475405717,17.963414634146343,4.1824002853557305,0.4024390243902439,12.209953191584336,1.59,-2.31,-3.9,0.5,22,-2.7787878787878797,33,-1.8724308866898876
1610612737,ATL,Atlanta Hawks,2014,2013-14,0,82,101.0,11.953614051360738,101.47560975609755,10.838005385435018,96.2439024390244,5.561243700516745,104.9158536585366,10.582905730786552,105.68902439024392,9.931431661090151,-0.7670731707317072,12.661432201847758,48.36585365853659,1.527623791205016,37.329268292682926,4.9939590124958375,81.5609756097561,7.109544204062678,0.4585243902439024,0.0541023779422524,9.365853658536585,3.342624809980189,25.804878048780488,5.466935459494435,0.3597926829268292,0.1001133601677171,16.975609756097562,5.702448271600017,21.73170731707317,6.836808114700145,0.7829634146341464,0.0978417019730669,8.695121951219512,3.192154829277568,31.28048780487805,4.5630680339619625,39.97560975609756,5.5287701169720735,24.890243902439025,4.714061176871101,15.25609756097561,3.803218181168972,8.292682926829269,3.0570210823976054,3.975609756097561,2.1771859159236344,19.23170731707317,4.010168496468603,-0.4756097560975609,12.226489769870303,4.02,6.040000000000001,2.0200000000000014,0.4482758620689655,29,-6.0025,40,-2.846283714343714
1610612737,ATL,Atlanta Hawks,2015,2014-15,3,82,102.54878048780488,10.582016469865442,97.1219512195122,12.189238568773686,94.8170731707317,4.021939980215578,108.29512195121951,11.584407383607878,102.21829268292684,11.632597111892084,6.067073170731707,13.491049203522456,48.1219512195122,1.104315260748466,38.0609756097561,4.462041721049393,81.6951219512195,5.469757537204779,0.4671829268292682,0.0575905359270509,9.975609756097562,3.063023640316577,26.24390243902439,4.409756230797311,0.3801463414634146,0.0984374366644476,16.451219512195124,5.8502979538439215,21.15853658536585,6.982287134918432,0.7765121951219512,0.0954780362439367,8.71951219512195,3.3008580636918587,31.841463414634145,4.95278824625334,40.5609756097561,5.429907033684785,25.74390243902439,5.213493830080772,14.231707317073171,3.5600623537603733,9.073170731707316,3.204088775934753,4.634146341463414,1.972102939253208,17.76829268292683,3.755814522589468,5.426829268292683,12.973886867073668,-0.2499999999999998,5.73,5.98,0.625,16,2.6428571428571432,35,4.8230809068320495
1610612737,ATL,Atlanta Hawks,2016,2015-16,3,82,102.84146341463416,11.214485245139867,99.23170731707316,9.934723716374126,98.28048780487804,5.135868518383336,104.69146341463411,10.550855108046488,100.76463414634148,8.691849054600262,3.926829268292684,13.668554962416998,48.36585365853659,1.527623791205016,38.63414634146341,4.67858846266811,84.42682926829268,6.953159842665154,0.4586219512195122,0.0514017437961159,9.939024390243905,2.953748658095377,28.365853658536587,5.662334280946682,0.3516463414634146,0.0829632332594964,15.634146341463415,5.8235626004221706,19.97560975609756,6.524361961626853,0.7780121951219512,0.1098274172410423,8.28048780487805,3.580724770568871,33.80487804878049,5.0220231631894094,42.08536585365854,6.118583753488161,25.60975609756097,4.89584378422456,14.951219512195122,3.3661438502172354,9.109756097560975,3.3444484959775225,5.926829268292683,2.503234883919418,19.146341463414632,3.966283676560581,3.609756097560976,13.51611392901992,4.79,3.39,-1.4000000000000004,0.375,16,-0.8999999999999998,41,0.9692251990630766
1610612737,ATL,Atlanta Hawks,2017,2016-17,1,82,103.15853658536584,12.373278168973377,104.01219512195122,12.142664200552666,98.67073170731707,5.641676657464277,104.5658536585366,11.177172719566034,105.37439024390244,11.850017564977447,-0.8134146341463413,14.562752776973175,48.48780487804878,2.4355591161725005,38.08536585365854,5.407359455802039,84.36585365853658,7.63441233700448,0.4520975609756097,0.0549506197532081,8.890243902439025,2.671320464900632,26.0609756097561,4.439851963319036,0.3413414634146341,0.0853034119289543,18.09756097560976,6.349122144234502,24.865853658536587,8.29809169661798,0.7260609756097561,0.1077946547566165,10.268292682926829,3.928524305883968,34.0609756097561,5.247803916879427,44.329268292682926,6.627765908620797,23.634146341463413,5.095415986657538,15.78048780487805,3.852286126585617,8.195121951219512,3.1009318567175934,4.841463414634147,2.301204795534432,18.182926829268293,3.5525266570289,-0.8536585365853658,14.289875506995156,9.83,1.3199999999999996,-8.51,0.6,30,-2.381578947368421,38,-2.3497402046117872
1610612737,ATL,Atlanta Hawks,2018,2017-18,2,82,103.35365853658536,9.931085939178352,108.8048780487805,10.97858636742088,98.95121951219512,4.878530539294025,104.58536585365852,10.223600413751225,110.13902439024392,10.265773844025675,-5.560975609756098,12.663447506115329,48.0609756097561,0.5521576303742328,38.170731707317074,4.05153492647709,85.54878048780488,6.571829966737829,0.4477195121951218,0.0503619674230671,11.182926829268292,2.927637773504699,31.02439024390244,5.595358768395833,0.3634634146341463,0.0809789174090363,15.829268292682928,5.8368875480103295,20.170731707317078,6.818284926177388,0.7870975609756098,0.1126364861786316,9.060975609756095,3.493724748271066,32.84146341463415,5.373619862306127,41.90243902439025,6.55387879892899,23.73170731707317,4.54619303628384,15.53658536585366,3.270500856237068,7.780487804878049,2.78897472308773,4.243902439024391,2.04009788926212,19.585365853658537,4.303174881646052,-5.451219512195122,12.46045838586155,-6.980000000000001,-8.05,-1.0699999999999994,0.3846153846153846,26,-7.986274509803922,51,-7.217071416733187
1610612737,ATL,Atlanta Hawks,2019,2018-19,1,82,113.34146341463416,13.18923945260496,119.36585365853658,13.281856365792008,105.39024390243902,6.397831610982991,107.6280487804878,11.468187607897631,113.06829268292684,10.787668749506617,-5.429268292682926,12.256744052424224,48.426829268292686,2.383225782628378,41.36585365853659,5.412633130964868,91.7560975609756,7.932681229983793,0.451780487804878,0.0525925461531405,13.01219512195122,3.992257637963405,37.0,6.849348892187752,0.3509756097560976,0.0845851131883169,17.597560975609756,5.665271628059229,23.390243902439025,6.904562988577479,0.7518170731707318,0.0879574992835562,11.646341463414634,3.92010314559282,34.451219512195124,5.436848304126547,46.09756097560975,7.073877795391811,25.82926829268293,4.752659757087241,17.036585365853657,4.293104209296807,8.231707317073171,2.919913665592478,5.109756097560975,2.298717288912466,23.5609756097561,4.93187556283601,-6.024390243902439,13.187138898929392,-8.64,-4.55,4.090000000000001,0.65,20,-9.67948717948718,39,-7.11719546460127
1610612737,ATL,Atlanta Hawks,2020,2019-20,2,67,111.76119402985074,13.83571306902715,119.73134328358208,13.9464148641215,104.46268656716418,5.214572698752449,107.055223880597,12.535129830734125,114.42089552238804,12.270752827087035,-7.367164179104477,14.827272047876091,48.59701492537314,2.045391727262941,40.64179104477612,5.247514541644175,90.55223880597016,7.007103716055742,0.4502985074626865,0.0585100392642859,12.014925373134329,3.5053748224493195,36.059701492537314,6.367247150313827,0.3324477611940298,0.0747505515500254,18.46268656716418,5.952662654056471,23.37313432835821,6.741629649436947,0.7883582089552239,0.1144097767453698,9.865671641791044,3.571331652106136,33.38805970149254,5.512946811083549,43.25373134328358,7.129416831057951,23.95522388059701,4.395013827057559,16.208955223880597,3.755954115287691,7.8059701492537314,2.9296747465047304,5.08955223880597,2.200078120400756,23.104477611940297,4.6551839086094144,-7.970149253731344,15.72102447626892,-3.34,-3.67,-0.3300000000000005,0.4444444444444444,18,-8.993939393939394,33,-8.650687090881103
1610612737,ATL,Atlanta Hawks,2021,2020-21,3,72,113.69444444444444,11.889916296852803,111.375,12.81222732447737,99.44444444444444,5.03197911079905,114.31666666666668,10.404292180376707,112.10555555555555,11.719574198976716,2.205555555555556,14.637602444417384,48.34722222222222,1.5305317332683666,40.79166666666666,4.858381751101556,87.23611111111111,7.12957153672923,0.4691388888888889,0.0556073522232739,12.430555555555555,3.804468791513804,33.361111111111114,5.71951331416063,0.3701944444444444,0.0849350437619357,19.68055555555556,5.835361820344554,24.23611111111111,6.975799324294854,0.8134444444444444,0.07983978479622,10.555555555555555,3.989030341736278,35.06944444444444,5.506273985930751,45.625,6.933156710462485,24.125,4.583920150227529,13.23611111111111,3.854732067397694,6.986111111111111,2.760348291738887,4.75,2.6203429514280363,19.33333333333333,3.587929686688372,2.3194444444444446,14.223395118645035,3.87,3.3600000000000008,-0.5099999999999993,0.5333333333333333,15,-3.172727272727273,33,-0.1945610718219472
1610612737,ATL,Atlanta Hawks,2022,2021-22,0,82,113.9390243902439,12.239732468002996,112.3780487804878,10.99229836322837,98.76829268292684,4.17014308452095,115.31951219512194,11.11262699686507,113.7243902439024,10.065704650814787,1.5987804878048784,13.21509139089617,48.0609756097561,0.5521576303742328,41.47560975609756,4.701524863633121,88.3048780487805,6.296557994455137,0.4711341463414633,0.0558005182052847,12.878048780487806,3.7396449422221063,34.40243902439025,5.641249656008964,0.3717439024390244,0.0820353448329859,18.10975609756097,5.713328790267815,22.304878048780488,6.693813293235581,0.8117682926829268,0.0949063604498623,10.03658536585366,3.716646311026202,33.9390243902439,4.547004334630753,43.97560975609756,5.721899904096213,24.59756097560976,4.455153088216605,11.853658536585366,3.186088399490929,7.158536585365853,2.5746605299192358,4.243902439024391,2.1917971407987857,18.70731707317073,3.252682861801623,1.5609756097560976,13.229314214727472,-2.5100000000000007,7.090000000000001,9.6,0.4666666666666667,15,0.5276595744680851,47,0.4909917196998304
1610612737,ATL,Atlanta Hawks,2023,2022-23,1,82,118.42682926829268,10.968001143399007,118.13414634146342,11.045095213469915,102.52439024390245,5.600320999962386,115.62682926829268,10.368816601887472,115.4560975609756,10.078752832420834,0.1707317073170734,12.857840839850711,48.426829268292686,1.6103867168783477,44.609756097560975,4.8983648003752185,92.36585365853658,7.582488264060557,0.4843292682926828,0.0511796774091524,10.75609756097561,2.9252454813514057,30.54878048780488,4.820615295557479,0.353390243902439,0.0879500076990375,18.451219512195124,4.874099952430319,22.5609756097561,5.8141962513128576,0.8196585365853659,0.0771362782356927,11.21951219512195,4.154498945420947,33.15853658536585,4.646702035561024,44.3780487804878,5.912197569124066,24.98780487804878,3.763023155668773,12.926829268292684,3.640582261817293,7.073170731707317,2.702447394697647,4.890243902439025,2.2443679720799268,18.79268292682927,3.6909559298373114,0.2926829268292683,13.00093805246,2.49,1.5500000000000005,-0.9399999999999992,0.52,25,-2.0808510638297872,47,-1.0810889778321466
1610612737,ATL,Atlanta Hawks,2024,2023-24,1,82,118.1219512195122,12.71471417844563,120.35365853658536,14.574095021960156,101.54878048780488,5.356782798585314,116.31463414634146,10.699407182738186,118.30731707317074,12.073916182096738,-2.0,14.680103272755456,48.36280487804878,1.7276582841067205,42.97560975609756,5.13515025506809,92.3780487804878,7.598960689011796,0.466329268292683,0.0509015158711065,13.695121951219512,3.2458483431031984,37.670731707317074,5.726384415173353,0.3637926829268292,0.0715989754056075,18.47560975609756,6.025103061986406,23.182926829268293,6.967522628224961,0.7938414634146341,0.0905783160915465,12.475609756097562,3.878480069344009,32.1219512195122,5.44419555871588,44.59756097560975,7.079547582841545,26.5609756097561,4.58418527025145,13.524390243902438,3.3230419269546845,7.5,2.816398190141461,4.487804878048781,2.206857451968578,18.51219512195122,3.6959901609851946,-2.231707317073171,14.58334817395038,3.51,-7.81,-11.32,0.4761904761904761,21,-4.413461538461538,52,-3.586413261152596
1610612737,ATL,Atlanta Hawks,2025,2024-25,1,82,118.1829268292683,12.35096642270664,119.3170731707317,11.842461840302647,103.91463414634148,4.902005685537488,113.8219512195122,11.48915779171925,114.81585365853658,10.275903366761051,-0.9865853658536584,13.164699920575307,48.24390243902439,1.0836720337741033,43.36585365853659,4.925399514088325,91.8048780487805,7.648834373216282,0.4736219512195121,0.0493006999784786,13.5,3.625186244683433,37.670731707317074,5.351946405018656,0.3570609756097561,0.0763742163785102,17.951219512195124,6.134103089829156,23.170731707317078,7.496179896336632,0.7738170731707317,0.08739962539807,11.878048780487806,3.869444225580082,32.6219512195122,4.948226378601467,44.5,6.078194176270157,29.585365853658537,4.76600932922157,15.524390243902438,4.101266319818366,9.731707317073171,3.026829741437318,5.109756097560975,2.4088627384854444,19.07317073170732,4.105944163851191,-1.1341463414634143,13.556249704560395,-4.909999999999999,3.24,8.149999999999999,0.5833333333333334,24,-4.384444444444444,45,-3.276011957844315
1610612738,BOS,Boston Celtics,2013,2012-13,0,81,96.51851851851852,10.838716611194233,96.74074074074076,10.88436697490692,94.46913580246914,6.793538142516546,102.27654320987654,10.253161361318496,102.74074074074076,10.289445779265492,-0.4629629629629629,13.451964953534151,48.98765432098765,2.786098648471074,37.04938271604938,4.45505677452011,79.74074074074075,7.72298157737311,0.4664197530864197,0.0538260773690436,6.148148148148148,2.403700850309326,17.160493827160494,4.340094440572281,0.3600493827160494,0.1148540270554942,16.271604938271604,5.019990900586903,20.96296296296296,5.929680523528322,0.7764814814814816,0.104112452558653,8.074074074074074,3.181107424222647,31.271604938271604,4.839969900936916,39.34567901234568,5.863361863784207,22.753086419753085,4.686498864284325,14.580246913580249,3.0938010502085627,8.234567901234568,2.8428489448890506,4.506172839506172,2.236758015466377,21.19753086419753,3.941509079928713,-0.2222222222222222,12.652074928643128,1.0199999999999998,-1.7900000000000005,-2.81,0.56,25,-3.809375,32,-1.992544158848232
1610612738,BOS,Boston Celtics,2014,2013-14,2,82,96.2439024390244,10.130702601509972,100.70731707317071,10.4721710047413,94.45121951219512,4.944512955890863,101.96951219512198,10.06284804964379,106.51829268292684,10.208639865980144,-4.543902439024389,12.169777355369048,48.1219512195122,0.7760336619661979,36.53658536585366,4.667182833758906,83.9390243902439,7.53157560774638,0.437,0.0539105340264066,7.012195121951219,3.008194169096845,21.085365853658537,5.092238634328038,0.3271707317073171,0.0990952659080337,16.158536585365855,4.603995881719694,20.804878048780488,6.391427562074109,0.7854146341463414,0.0855006968738494,11.951219512195122,4.136266698138926,30.54878048780488,5.221400500420113,42.5,6.439174090127007,21.04878048780488,4.971281572164067,15.378048780487806,3.8893340821443143,7.121951219512195,2.635888324047577,4.182926829268292,2.2505310691802007,21.25609756097561,3.711214155621158,-4.463414634146342,11.645160200596685,-2.73,-7.730000000000001,-5.000000000000002,0.391304347826087,23,-9.960526315789474,38,-6.430329180665951
1610612738,BOS,Boston Celtics,2015,2014-15,1,82,101.36585365853658,10.49222192231982,101.20731707317071,11.013726345868603,97.64634146341464,5.685962683226974,103.81707317073172,9.028169972719184,103.57317073170732,9.594276184337982,0.2548780487804878,11.999620903878428,48.48780487804878,1.6868694244915796,38.9390243902439,4.728029268609689,87.9390243902439,7.480588147761832,0.4443292682926829,0.0540221844869489,8.048780487804878,2.693854180589818,24.646341463414632,5.085374699329495,0.3261829268292683,0.079547660695913,15.439024390243905,5.400268765546628,20.463414634146343,6.655908211675724,0.7567439024390242,0.1002377188038649,11.097560975609756,3.693871320950724,32.74390243902439,4.6263095593045325,43.84146341463415,5.4466424411155385,24.5,4.503085362035432,13.817073170731708,3.988031628032165,8.21951219512195,2.8328949126766414,3.5853658536585367,1.8721560787010156,21.195121951219512,4.307441234067424,0.1585365853658536,11.723638157975486,-0.7899999999999998,7.609999999999999,8.399999999999999,0.4827586206896552,29,-4.205263157894737,38,-2.1070940436636985
1610612738,BOS,Boston Celtics,2016,2015-16,1,82,105.71951219512196,10.42583968284771,102.51219512195122,11.843885647063496,99.89024390243902,5.14002953721872,105.79268292682929,8.383873121386522,102.55243902439024,10.80065413668018,3.2390243902439027,12.399828315194988,48.24390243902439,1.3385174737004315,39.21951219512195,4.637539764546573,89.2439024390244,6.60818978520426,0.4401341463414633,0.0474348838129565,8.74390243902439,2.7523770898416764,26.121951219512194,5.371139713762022,0.3353048780487804,0.0822981164785128,18.536585365853657,5.280280393675375,23.52439024390244,6.285836734339179,0.7886951219512195,0.0805246207306318,11.585365853658535,3.572705927203696,33.329268292682926,4.529886701902008,44.91463414634146,5.724543692014464,24.15853658536585,5.40568861819811,13.74390243902439,3.7278099869771153,9.170731707317072,3.141930200357816,4.243902439024391,2.328359649416518,21.902439024390244,4.78322623727718,3.207317073170732,12.39049596440362,7.119999999999999,-1.4000000000000004,-8.52,0.44,25,-1.435897435897436,39,1.3114908791184396
1610612738,BOS,Boston Celtics,2017,2016-17,0,82,108.01219512195122,9.057421624280051,105.3780487804878,10.310776148657022,97.6219512195122,4.655118632115896,110.72073170731709,8.750431916040135,108.09634146341465,10.028815829582856,2.6280487804878043,11.588130095433955,48.18292682926829,0.944484296943331,38.63414634146341,4.244130864280058,85.08536585365853,6.0760635801422245,0.4550243902439025,0.0487568863410389,12.01219512195122,2.92073854366832,33.426829268292686,5.368013375553423,0.3587439024390244,0.0648288936832019,18.73170731707317,6.0635498311842415,23.20731707317073,7.346348391435495,0.8102317073170731,0.085360571286645,9.060975609756095,3.316057308532505,32.90243902439025,5.081094846774176,41.96341463414634,6.029649216812524,25.23170731707317,4.571243395935516,13.268292682926829,3.7053474220668434,7.524390243902439,2.9615878697123104,4.146341463414634,2.0734771369655416,20.5609756097561,4.830708255143478,2.6341463414634148,11.099451877382045,-0.5499999999999997,2.86,3.41,0.68,25,-1.6611111111111112,36,0.5975395853482965
1610612738,BOS,Boston Celtics,2018,2017-18,0,82,104.01219512195122,10.400016503357069,100.42682926829268,10.670173599204348,97.40243902439023,4.938785166008859,106.84999999999998,10.035963110511894,103.20853658536586,9.971467953146131,3.642682926829268,11.285771994115496,48.30487804878049,1.4374963178932458,38.30487804878049,4.814302314465487,85.0609756097561,6.209008908757291,0.451280487804878,0.0562383100369178,11.451219512195122,3.151141039759103,30.390243902439025,6.3103992117283765,0.381280487804878,0.095919240000264,15.951219512195122,4.906288328369629,20.695121951219512,5.614551254322418,0.771621951219512,0.1141369807573016,9.353658536585366,3.4368085655926723,35.09756097560975,5.1964131886427465,44.45121951219512,6.356007052774817,22.463414634146343,5.060608273474737,14.0,3.453393392871123,7.365853658536586,2.678271946665441,4.548780487804878,2.1951261333561147,19.73170731707317,3.9753834522334417,3.5853658536585367,10.846802133862557,9.51,1.0499999999999998,-8.46,0.5833333333333334,24,0.7044444444444442,45,1.991624441455208
1610612738,BOS,Boston Celtics,2019,2018-19,0,82,112.39024390243902,10.574551442561622,107.95121951219512,11.36042778605118,101.0,4.303314829119352,111.30365853658536,9.840963080466215,107.07926829268293,11.019474767399426,4.229268292682926,14.276022268253634,48.24390243902439,1.0836720337741033,42.08536585365854,4.603276394938973,90.52439024390245,5.93217968342555,0.4658292682926829,0.0500690399590501,12.585365853658535,3.711680659928703,34.5,6.035389459341122,0.3630121951219512,0.0755674000360497,15.634146341463415,5.714422289416191,19.48780487804878,7.076729213168971,0.8063780487804879,0.0942986639921989,9.804878048780488,3.0849656315601406,34.74390243902439,4.526495321062303,44.54878048780488,6.01059237651761,26.28048780487805,5.089991123337241,12.829268292682928,3.3400113774064386,8.609756097560975,2.702335969649887,5.304878048780488,2.805149692932466,20.365853658536587,3.929980350913564,4.439024390243903,14.353644146034926,2.5,0.03,-2.4699999999999998,0.5,18,-1.970588235294118,34,1.5756037754937238
1610612738,BOS,Boston Celtics,2020,2019-20,3,72,113.65277777777776,11.886979173255698,107.34722222222224,10.890181289276228,100.76388888888889,5.695298420641056,112.85416666666669,10.500877729913418,106.4875,9.085074239854178,6.370833333333333,11.92130815087711,48.41666666666666,1.625067712565398,41.263888888888886,4.858542804654863,89.55555555555556,6.93610453827537,0.4619166666666667,0.0525249102539271,12.569444444444445,3.139150279254459,34.541666666666664,5.95981259748854,0.3658472222222222,0.0805235788619622,18.55555555555556,5.98563747858481,23.166666666666668,7.298465978121897,0.8029166666666666,0.0815348797737404,10.666666666666666,3.684761157623706,35.40277777777778,4.461603710352547,46.06944444444444,5.785670469842065,22.98611111111111,4.283913754722774,13.819444444444445,3.1234072623414924,8.26388888888889,2.8581144949693105,5.638888888888889,2.3930977953069474,21.569444444444443,4.258632951615861,6.305555555555555,12.129162725407111,9.12,6.459999999999999,-2.66,0.4285714285714285,21,3.18125,32,4.975911219743338
1610612738,BOS,Boston Celtics,2021,2020-21,1,72,112.625,12.932585223511202,111.16666666666669,11.517286456624392,99.61111111111111,5.061747055620823,113.03194444444443,11.219711356645838,111.89166666666668,10.913355947103026,1.1527777777777777,13.669890550704183,48.27777777777778,1.1533444597688496,41.458333333333336,5.068370574621605,88.90277777777777,6.448407865997604,0.4673611111111111,0.0554404402040211,13.59722222222222,3.938469432539564,36.36111111111112,7.231203035428691,0.3754722222222222,0.0831794212466992,16.11111111111111,6.154250919636494,20.77777777777778,7.658599552454178,0.7782916666666667,0.0970477503349275,10.625,3.4495866255718157,33.625,5.155162870885081,44.25,5.825514545369349,23.45833333333333,5.009673740466089,14.055555555555555,4.272047663159522,7.722222222222222,2.98457169986112,5.319444444444445,2.720948410093664,20.43055555555556,4.334032987937688,1.4583333333333333,13.511536541722776,1.89,0.0800000000000001,-1.81,0.5,24,-2.6212121212121207,33,-1.048700892219963
1610612738,BOS,Boston Celtics,2022,2021-22,3,82,111.7560975609756,14.147862008012792,104.47560975609755,13.385292840966242,98.39024390243902,5.941600768552495,113.73170731707316,14.108931398133231,106.18658536585365,11.71544050477906,7.549999999999999,16.654508528353148,48.54878048780488,1.925478545772936,40.74390243902439,5.523934399467793,87.40243902439025,7.188570757339257,0.4670853658536585,0.0585358814132619,13.231707317073171,4.584727142917834,37.1219512195122,6.930680126072532,0.3524390243902439,0.0918059006631234,17.036585365853657,5.677430130585883,20.890243902439025,6.657412275905865,0.8164878048780487,0.090721421906035,10.524390243902438,3.628507191452452,35.54878048780488,5.50903284968186,46.073170731707314,6.7344342477417865,24.82926829268293,5.215846883992459,13.634146341463415,3.588432014682568,7.2073170731707314,2.318672485659476,5.829268292682927,2.5473533980462526,18.54878048780488,3.814049528135596,7.280487804878049,16.092536718327338,-1.5699999999999996,14.169999999999998,15.739999999999998,0.25,20,5.189583333333334,48,6.430984120207507
1610612738,BOS,Boston Celtics,2023,2022-23,3,82,117.9390243902439,12.027075997977487,111.41463414634148,11.229317030684005,100.57317073170732,5.617500186102461,117.43536585365854,12.08261041976678,110.64390243902436,9.820337898199266,6.796341463414634,14.313047187206426,48.73170731707317,1.9439604507980064,42.19512195121951,5.176964705808917,88.7560975609756,7.258134603070562,0.4763048780487805,0.0530547560205934,16.036585365853657,4.350238029392851,42.58536585365854,6.520530197923288,0.3754024390243902,0.078905297159973,17.51219512195122,6.18289936070993,21.57317073170732,7.032605698371153,0.8096463414634145,0.0919761606192187,9.707317073170731,4.062741897460866,35.6219512195122,5.0470385985125015,45.329268292682926,6.505562440548175,26.65853658536585,4.683091498158718,13.353658536585366,3.244642121906084,6.353658536585366,2.7459148162788227,5.243902439024391,2.3911409312977168,18.804878048780488,3.7628431081496383,6.524390243902439,14.360633441233846,4.21,15.27,11.06,0.5416666666666666,24,4.939583333333332,48,5.620718305719203
1610612738,BOS,Boston Celtics,2024,2023-24,3,82,120.57317073170732,12.354866575319525,109.23170731707316,10.441251025380412,98.65853658536584,5.343091795088659,122.33170731707318,11.971291565258932,110.69024390243902,10.10819994423422,11.645121951219512,15.644934907392528,48.36585365853659,1.3100956059915254,43.91463414634146,5.164458834155214,90.1951219512195,6.735641379984471,0.4876585365853658,0.0523964515602305,16.475609756097562,3.966606316864589,42.46341463414634,6.359973448875434,0.3875975609756097,0.076737947500375,16.26829268292683,6.620299460773369,20.170731707317078,7.636502460443848,0.7958902439024389,0.1318967989856305,10.682926829268292,3.5965623119467494,35.64634146341464,5.901186219358233,46.329268292682926,6.944319782078901,26.914634146341463,4.63801048107088,11.939024390243905,3.382407503231432,6.7926829268292686,2.7204656685536364,6.560975609756097,2.837567907386077,16.170731707317074,3.523483398636031,11.341463414634148,15.60011040812079,13.7,10.17,-3.53,0.5263157894736842,19,8.240816326530611,49,9.819691965022615
1610612738,BOS,Boston Celtics,2025,2024-25,3,82,116.26829268292684,11.203007511199624,107.15853658536584,11.73837172147332,97.3048780487805,5.490033673670018,119.68048780487804,11.830786778929433,110.22682926829268,12.073407660573384,9.454878048780488,15.405499678858677,48.36585365853659,1.3100956059915252,41.6219512195122,4.409978146981042,90.02439024390245,6.580884419822622,0.4631219512195121,0.0446700911467541,17.76829268292683,3.926166667807492,48.23170731707317,6.797419227927075,0.3690731707317073,0.0700886177138072,15.25609756097561,5.447416367121583,19.085365853658537,6.394830511585592,0.8006951219512195,0.1034506728074106,11.378048780487806,3.939794579787685,33.9390243902439,5.236027994567218,45.31707317073171,6.347699201685109,26.146341463414632,4.800005018566081,11.865853658536585,3.459687401571331,7.182926829268292,3.147125079526533,5.512195121951219,1.793292732839489,15.890243902439025,3.559047235388678,9.109756097560975,14.920369784548852,11.21,11.48,0.2699999999999996,0.5882352941176471,17,6.7475000000000005,40,7.739358962690195
1610612739,CLE,Cleveland Cavaliers,2013,2012-13,2,82,96.5,10.340200824278982,101.1829268292683,9.898407464853069,93.48780487804878,4.505809425479661,103.30365853658536,10.616391299666864,108.28414634146338,9.882425722015787,-4.991463414634146,11.360275179456083,48.1219512195122,1.1043152607484656,36.5,4.025382429497066,84.15853658536585,5.64039555612097,0.434829268292683,0.0484640136005346,6.670731707317073,2.6761630818600404,19.28048780487805,4.999442907838666,0.3440243902439024,0.1003235476475317,16.829268292682926,5.2653183413514855,22.26829268292683,6.238171583356984,0.7553536585365853,0.1008632336385767,12.24390243902439,3.720351024224833,28.76829268292683,5.252392236836033,41.01219512195122,6.346952029141455,20.65853658536585,4.231625529521932,14.01219512195122,3.785919013432829,7.890243902439025,2.562821061180244,4.073170731707317,2.318899738061604,21.182926829268293,4.589650323646168,-4.682926829268292,10.79423491393883,-7.5,-6.45,1.0499999999999998,0.4137931034482758,29,-8.409375,32,-6.2406435831812805
1610612739,CLE,Cleveland Cavaliers,2014,2013-14,1,82,98.21951219512196,12.388788629633083,101.51219512195122,12.41190577624945,94.92682926829268,5.860056224827978,103.42073170731707,10.921456261204456,107.05731707317074,11.570983616306812,-3.6268292682926826,14.09714136839857,48.609756097560975,1.9861004510108675,37.02439024390244,5.149554960409104,84.8170731707317,6.707519364062344,0.4377804878048781,0.0605729892112097,7.121951219512195,2.768385204332373,20.0,4.747969026493666,0.3547682926829267,0.1138126355870529,17.048780487804876,5.463464371520495,22.695121951219512,6.411195886961627,0.7494999999999999,0.0981520928627267,12.060975609756095,4.223238360110799,32.0609756097561,5.407693561373348,44.1219512195122,7.026212375332111,21.195121951219512,5.039201936595099,14.182926829268292,3.718914114645673,7.060975609756097,2.525658750277749,3.707317073170732,2.8952400479512,20.0,4.024615616949963,-3.292682926829268,13.604182186370185,-9.39,4.5,13.89,0.4761904761904761,21,-7.1184210526315805,38,-5.614216925097569
1610612739,CLE,Cleveland Cavaliers,2015,2014-15,3,82,103.13414634146342,12.694669042624804,98.65853658536584,10.67270605901342,93.6829268292683,4.496577707657202,110.090243902439,12.380835546467212,105.31341463414633,10.809469581842157,4.781707317073171,16.211390052042173,48.24390243902439,1.0836720337741033,37.670731707317074,5.168888119921554,82.1829268292683,6.267943228489518,0.4589146341463415,0.0572126639739865,10.073170731707316,3.704453401991697,27.47560975609756,6.291726116483608,0.3637560975609756,0.0960318312679797,17.71951219512195,6.342633308805807,23.585365853658537,7.423604694124149,0.7450975609756096,0.0939205876477632,11.109756097560975,3.641347252916205,31.853658536585368,4.748286113722059,42.96341463414634,5.967908254746143,22.121951219512194,5.405507579785819,14.28048780487805,3.618451992335548,7.353658536585366,3.044411805256962,4.146341463414634,1.860054102621564,18.414634146341463,3.937634871724036,4.475609756097561,15.531907111249932,1.73,2.41,0.6800000000000002,0.6666666666666666,21,3.0916666666666672,36,3.3589061827887905
1610612739,CLE,Cleveland Cavaliers,2016,2015-16,3,82,104.32926829268293,11.002867054027863,98.32926829268293,11.19529759974622,94.6829268292683,5.089029713676146,110.36707317073171,11.94436749203169,104.05243902439024,11.85619831236649,6.313414634146341,13.796758987773062,48.426829268292686,1.6103867168783477,38.670731707317074,4.518972018055643,84.0,6.17041927862881,0.4619512195121951,0.0562757545844565,10.731707317073171,3.4785010979713338,29.60975609756097,6.181925261581313,0.3624512195121951,0.0907775945107662,16.25609756097561,5.970733097263636,21.74390243902439,7.2107789267946,0.7491463414634145,0.1136709700446614,10.646341463414634,3.3531704224454897,33.86585365853659,4.956009433928065,44.51219512195122,5.97369522390656,22.695121951219512,5.24860716242301,13.585365853658535,3.7016887020945854,6.719512195121951,2.415354127571739,3.865853658536585,2.3921796204182653,20.317073170731707,3.606845510662998,6.0,13.246942344612265,7.17,6.709999999999999,-0.4600000000000008,0.5454545454545454,22,2.236842105263157,38,4.8369169274045545
1610612739,CLE,Cleveland Cavaliers,2017,2016-17,3,82,110.34146341463416,14.430950545076628,107.15853658536584,12.248929922721064,97.79268292682929,5.1561728674438525,112.83170731707318,13.623245185885798,109.76463414634148,11.348566798632204,3.0719512195121954,15.10101193886814,48.48780487804878,1.6868694244915796,39.9390243902439,5.536294524420297,84.91463414634147,6.3638663989363415,0.4708292682926829,0.0593124817455484,13.01219512195122,3.860192224597126,33.890243902439025,5.48624789716614,0.382170731707317,0.0874824574835391,17.451219512195124,5.395820145041832,23.32926829268293,6.257942860134681,0.7439146341463414,0.1049692725432522,9.341463414634148,3.281897645108081,34.40243902439025,4.963719623048432,43.74390243902439,5.647704604439429,22.65853658536585,5.733203082489293,13.670731707317072,3.731927241985843,6.573170731707317,2.680659987855755,3.987804878048781,2.157352644004497,18.121951219512194,3.910701506021141,3.182926829268293,14.73144620793546,7.1,-0.7300000000000001,-7.83,0.55,20,-3.385714285714286,35,-0.0869069478794676
1610612739,CLE,Cleveland Cavaliers,2018,2017-18,0,82,110.86585365853658,12.032632784698707,109.92682926829268,12.05213006920597,98.95121951219512,4.719024901957351,112.10975609756098,11.644270670417706,111.05975609756098,10.960184505026438,1.05,13.730071978806588,48.1219512195122,0.7760336619661978,40.3780487804878,4.893029165797418,84.7560975609756,5.150958140787219,0.4772317073170731,0.0569312556608683,11.96341463414634,3.447830314174228,32.14634146341464,5.586849531214564,0.3723658536585366,0.0897347961186041,18.146341463414632,5.1138204201331385,23.28048780487805,5.784770107031693,0.7780853658536585,0.0933977557056493,8.463414634146341,3.580451457675533,33.670731707317074,4.779211356111973,42.13414634146341,5.855802641048653,23.365853658536587,4.473549686002672,13.731707317073171,3.3556614423609945,7.097560975609756,2.755957659270705,3.804878048780488,1.9337102084152835,18.585365853658537,4.38558587246283,0.9390243902439024,13.676462217602957,-5.05,2.6000000000000005,7.65,0.6666666666666666,24,-2.6954545454545458,44,-0.8155690800053493
1610612739,CLE,Cleveland Cavaliers,2019,2018-19,2,82,104.47560975609755,11.418228451981156,114.08536585365852,12.347040650595655,97.8170731707317,5.303453449254278,106.83780487804876,10.465872112374036,116.9,11.8586114982601,-10.05609756097561,13.891325097988986,48.18292682926829,1.6564728911226985,38.89024390243903,4.758374288105456,87.60975609756098,7.181519660290237,0.4447560975609756,0.0496351033128697,10.329268292682928,3.562683404155005,29.121951219512194,6.902120346787767,0.3520243902439024,0.0859356600566766,16.365853658536587,6.50453250352636,20.65853658536585,7.747910131914621,0.7861951219512195,0.1149627356720203,10.71951219512195,3.891346494066865,31.9390243902439,5.936594112259887,42.65853658536585,8.046499909584371,20.70731707317073,4.536512515077854,13.48780487804878,4.034554153895651,6.512195121951219,2.731814855714391,2.3780487804878048,1.5286582828543582,20.02439024390244,4.006092920515559,-9.609756097560975,13.475864201941183,-11.21,-15.0,-3.789999999999999,0.5384615384615384,13,-12.142105263157896,38,-11.48767803825325
1610612739,CLE,Cleveland Cavaliers,2020,2019-20,2,65,106.8923076923077,10.104335512731462,114.78461538461538,12.748152203962134,99.95384615384616,4.665132531714564,106.93692307692308,8.627781602742122,114.88307692307691,12.45827497628044,-7.94923076923077,14.418749979160417,48.38461538461539,1.3427153888239367,40.292307692307695,4.204621998925249,87.92307692307692,6.47907133658948,0.4598307692307692,0.049804796841886,11.184615384615384,3.4545816845726223,31.846153846153847,5.956170039418077,0.3478153846153846,0.0788812185162943,15.123076923076924,5.672046842597069,19.93846153846154,7.081836191705782,0.7574,0.1086447479172371,10.830769230769231,3.074945277812023,33.41538461538462,5.422442679769388,44.246153846153845,6.555128643929236,23.07692307692308,4.871177001979643,16.50769230769231,4.538457464144194,6.876923076923077,2.5156242534638165,3.246153846153846,2.10676565817405,18.27692307692308,3.612079094457288,-7.892307692307693,14.292833734212616,-0.9200000000000002,-4.06,-3.14,0.4285714285714285,14,-13.628125,32,-11.153288867653217
1610612739,CLE,Cleveland Cavaliers,2021,2020-21,2,72,103.83333333333331,12.722387941325223,112.27777777777776,12.42467130205086,98.70833333333331,5.887292354521358,105.1222222222222,10.541871205497724,113.57777777777775,11.33220789772433,-8.454166666666667,15.707950238787536,48.41666666666666,1.8289533680592327,38.583333333333336,4.938352351104766,85.76388888888889,6.323426276537458,0.4505277777777778,0.0515320144502622,10.0,3.447799870013045,29.73611111111111,6.130030111718786,0.3367777777777778,0.0919044547070063,16.666666666666668,5.054631121520925,22.416666666666668,6.259077914359923,0.742736111111111,0.0906357814265667,10.430555555555555,3.038839608449942,32.31944444444444,5.550856776626163,42.75,5.818256841705799,23.83333333333333,4.475284238356767,15.47222222222222,4.069717165734823,7.763888888888889,2.8457680740254307,4.513888888888889,2.4205287255936665,18.166666666666668,3.989422634636055,-8.444444444444445,15.728227865836857,-2.3,-17.45,-15.15,0.5454545454545454,11,-12.76388888888889,36,-10.450362842340937
1610612739,CLE,Cleveland Cavaliers,2022,2021-22,0,82,107.79268292682929,11.162921212522685,105.67073170731707,12.56199920989301,97.1219512195122,3.9390111057749313,110.92073170731707,9.792586485463303,108.92926829268292,12.334799590567984,1.9926829268292685,13.234044952298522,48.1219512195122,0.7760336619661979,39.69512195121951,4.775681773809618,84.63414634146342,6.213311466981772,0.469670731707317,0.0498075443930971,11.621951219512194,3.6738658076880992,32.75609756097561,6.828699378376595,0.3528170731707317,0.0794628771232871,16.78048780487805,4.779132599236394,22.07317073170732,6.111677726873161,0.7667073170731707,0.1024873961302195,10.207317073170731,3.328655253921318,33.97560975609756,4.986340873087167,44.18292682926829,5.801506932335595,25.170731707317078,4.936147540786674,14.402439024390244,3.5620071886908726,7.073170731707317,2.6932952316927152,4.182926829268292,2.2229334905079643,17.475609756097562,4.140214134606744,2.1219512195121952,12.963757879872698,0.2199999999999999,-2.94,-3.16,0.5185185185185185,27,0.6437499999999998,48,1.0532711558353665
1610612739,CLE,Cleveland Cavaliers,2023,2022-23,0,82,112.2560975609756,10.123692996708217,106.8780487804878,12.347229652693615,97.21951219512196,4.724572984150577,115.50975609756097,9.195484798558365,109.8939024390244,11.89686490044752,5.609756097560975,12.789169895127824,48.48780487804878,1.6868694244915796,41.5609756097561,4.303594710413207,85.17073170731707,5.997540397197778,0.4895121951219513,0.0536721285240965,11.585365853658535,3.65131878597916,31.57317073170732,5.715541921110569,0.3663170731707316,0.0937397076554429,17.548780487804876,5.395820145041832,22.48780487804878,6.672671189333667,0.783670731707317,0.0965246792312337,9.695121951219512,3.306144763137397,31.390243902439025,5.122586387539196,41.08536585365854,5.562664827935927,24.9390243902439,4.849201438586601,13.341463414634148,3.794796672101893,7.146341463414634,2.4450602821194063,4.682926829268292,2.1249723238894185,19.02439024390244,3.431788972173737,5.378048780487805,12.344479691821306,10.67,6.11,-4.56,0.4,20,1.9893617021276595,47,4.0496836624166415
1610612739,CLE,Cleveland Cavaliers,2024,2023-24,0,82,112.63414634146342,10.903065822235453,110.21951219512196,11.087780383520537,98.20731707317071,4.534471003429118,114.74268292682926,10.545422393331572,112.24634146341464,11.230065412361313,2.497560975609756,15.5768661613887,48.30487804878049,1.4374963178932458,41.76829268292683,5.006905800098191,87.17073170731707,6.982880084378466,0.4795609756097561,0.0474508446271144,13.51219512195122,4.003837364388036,36.78048780487805,7.109417142409616,0.3663780487804878,0.0749786208613441,15.585365853658535,6.2754690336972985,20.365853658536587,7.882645722297688,0.7623414634146342,0.1084482261991094,9.853658536585366,3.638348394870548,33.4390243902439,5.600038714539038,43.29268292682927,6.808650642912719,28.036585365853657,5.129062971124307,13.560975609756095,3.083598831314507,7.378048780487805,2.729085424982213,4.634146341463414,2.6458082156729072,17.51219512195122,4.243350360557686,2.414634146341464,14.841509373435798,-3.08,-4.640000000000001,-1.560000000000001,0.6470588235294118,17,-2.077083333333333,48,-0.0426117697052983
1610612739,CLE,Cleveland Cavaliers,2025,2024-25,3,82,121.9390243902439,10.745481463198429,112.40243902439023,11.58528201684432,100.8170731707317,5.05556300067947,121.03170731707316,9.756718205190788,111.8719512195122,11.234100142970172,9.152439024390244,13.444244494470498,48.18292682926829,1.2285497701720602,44.53658536585366,4.836065950267712,90.78048780487804,6.467438652362438,0.4914512195121951,0.0487979336839969,15.890243902439025,3.711863189132771,41.47560975609756,6.2325818714318695,0.384609756097561,0.075090522506573,16.975609756097562,6.396325352784134,21.865853658536587,7.517489394281484,0.7717317073170732,0.0926186991199871,11.182926829268292,3.6315763634362472,34.21951219512195,4.9015603215985415,45.40243902439025,5.660911578857549,28.09756097560976,5.027356657864237,13.195121951219512,3.501107494586248,8.170731707317072,2.9514795538441416,4.2682926829268295,2.3043104026579515,18.134146341463413,4.162626767793314,9.53658536585366,13.169545041169346,12.44,2.8600000000000003,-9.579999999999998,0.6111111111111112,18,5.180487804878049,41,7.289484360154232
1610612740,NOH,New Orleans Hornets,2013,2012-13,2,82,94.07317073170732,10.686070878016718,97.9390243902439,10.831307572393689,89.98780487804878,4.077925829704178,104.58658536585368,11.328155268029006,108.94146341463416,11.337656596106514,-4.363414634146341,14.147560206666896,48.24390243902439,1.0836720337741033,36.03658536585366,4.606611250004941,80.35365853658537,5.580769342112653,0.448890243902439,0.0522713731104641,6.524390243902439,3.015292749360846,17.975609756097562,4.157324667263725,0.3583414634146341,0.1264310888779694,15.475609756097562,4.769309316033341,19.951219512195124,5.745427465910114,0.7798414634146341,0.1223085018205401,12.048780487804878,3.886991407005307,29.585365853658537,4.791842913376226,41.63414634146341,6.199387056762495,20.98780487804878,4.6174491981244215,14.548780487804878,3.56302146376071,6.341463414634147,2.4806386682362045,5.365853658536586,2.589209303595589,20.402439024390244,4.521170382991394,-3.865853658536585,12.592141577554788,-5.94,-8.190000000000001,-2.250000000000001,0.32,25,-9.244186046511627,43,-6.599560796760944
1610612740,NOH,New Orleans Hornets,2014,2013-14,1,82,99.71951219512196,11.060188186557752,102.42682926829268,10.442116156332618,93.9390243902439,5.278298362572548,106.14512195121952,9.858244058191612,109.11097560975612,9.16356184587093,-2.967073170731707,12.12276763085134,48.426829268292686,1.9565053741640448,37.81707317073171,4.680213271442327,82.45121951219512,7.598168133718584,0.4602682926829269,0.0531592178180265,5.926829268292683,2.503234883919418,15.890243902439025,4.886378389660146,0.3725,0.1046795521674376,18.15853658536585,5.802233525235006,23.60975609756097,7.292404466480184,0.7717682926829268,0.0885683524533924,11.378048780487806,3.908333116646725,30.317073170731707,4.374104631568988,41.69512195121951,6.384179954281364,21.28048780487805,4.098401947654818,13.768292682926829,3.3046872080287364,7.890243902439025,2.901707022337176,6.378048780487805,3.361511432183772,22.646341463414632,4.611772245025546,-2.707317073170732,11.625310620969485,1.6,-8.29,-9.89,0.5769230769230769,26,-6.508510638297872,47,-5.06157195350488
1610612740,NOH,New Orleans Hornets,2015,2014-15,0,82,99.35365853658536,11.771876877341889,98.5609756097561,11.072262709381974,92.78048780487804,5.347260496818637,107.17439024390244,11.978992012001983,106.38658536585366,11.330770540251558,0.7804878048780485,14.788120349213164,48.24390243902439,1.3385174737004315,37.90243902439025,5.08352399423272,82.86585365853658,6.197893300229993,0.4585121951219512,0.0609580393835983,7.146341463414634,2.8636588493429267,19.304878048780488,4.3594342831260695,0.3715,0.1250912012971947,16.402439024390244,5.494912924859832,21.82926829268293,6.682952105223456,0.7481341463414635,0.107419422824178,11.48780487804878,3.979093210302092,31.963414634146343,4.633333658276619,43.45121951219512,6.152691750638903,22.02439024390244,4.914015254341773,13.25609756097561,3.3215011317387995,6.743902439024391,2.7880298615479115,6.219512195121951,3.428365302589208,18.65853658536585,4.0283547853215165,0.7926829268292683,13.701164954415372,5.51,3.31,-2.2,0.6363636363636364,22,-3.934883720930232,43,-2.054742208719243
1610612740,NOH,New Orleans Hornets,2016,2015-16,1,82,102.71951219512196,11.433408260464889,106.51219512195122,10.386653238282369,98.0609756097561,5.167198445693329,104.8439024390244,11.292017256396637,108.54756097560976,9.93075066611444,-3.690243902439024,11.682345123908048,48.24390243902439,1.0836720337741033,38.45121951219512,4.4890881117078,85.85365853658537,6.995804653230448,0.4489268292682927,0.0486272748968767,8.560975609756097,3.154841707111252,23.79268292682927,5.353521524476972,0.3576341463414634,0.0981736320480666,17.25609756097561,6.599309682585039,22.23170731707317,8.011255632057189,0.7792560975609756,0.0996960579697432,9.53658536585366,3.304299936880673,33.073170731707314,5.417804411120568,42.609756097560975,6.316265691487034,22.170731707317078,4.16571804919656,13.439024390243905,4.219582686567533,7.719512195121951,3.048069173269306,4.170731707317073,2.4078312461313462,20.890243902439025,4.326222363653673,-3.792682926829268,11.799495495469548,-9.04,-4.38,4.659999999999999,0.4545454545454545,22,-5.866666666666666,42,-4.96110271196978
1610612740,NOH,New Orleans Hornets,2017,2016-17,1,82,104.34146341463416,11.67694733509346,106.4390243902439,13.35655159992178,99.67073170731707,5.187960607065526,104.68536585365854,10.526640184227936,106.80975609756098,12.617493341047664,-2.11829268292683,13.489503263043066,48.54878048780488,1.7578918281892584,39.14634146341464,4.929432770362004,86.95121951219512,7.100517176476776,0.4509390243902439,0.0499501844584331,9.365853658536585,3.093251096935093,26.78048780487805,5.39781480762172,0.3466585365853658,0.0845563906386263,16.682926829268293,5.689231866354881,22.25609756097561,6.510790617083317,0.7471219512195122,0.1008031194701392,8.573170731707316,3.266101567920431,35.109756097560975,5.161601095174161,43.68292682926829,6.162166623903705,22.79268292682927,4.647414799431671,12.853658536585366,3.5594490876944973,7.780487804878049,3.0103705126290072,5.524390243902439,2.7090411485606865,18.170731707317078,3.81616082059075,-2.097560975609756,13.669475552447215,-7.970000000000001,-0.7500000000000003,7.220000000000001,0.5217391304347826,23,-6.845238095238094,42,-4.199770127502177
1610612740,NOH,New Orleans Hornets,2018,2017-18,1,82,111.71951219512196,11.641002873775818,110.41463414634148,11.319110050425095,102.96341463414636,6.201244641997818,108.56829268292684,9.907509037123637,107.45243902439024,10.112359210022772,1.1109756097560974,12.04807249680573,48.670731707317074,2.04308456010097,42.68292682926829,5.376854945569116,88.3048780487805,8.342497219747065,0.4843292682926829,0.052401831764715,10.207317073170731,3.409274948724612,28.195121951219512,5.348217712564969,0.3594390243902439,0.0905485474535622,16.146341463414632,5.788711772124149,20.92682926829268,7.224410758670702,0.7743536585365853,0.1110670325847891,8.682926829268293,3.280612893582982,35.64634146341464,5.380283968868834,44.329268292682926,6.612847350066274,26.76829268292683,5.464359902847455,14.914634146341465,3.407331309782203,8.012195121951219,3.267852779520198,5.914634146341464,2.923726775805218,19.146341463414632,3.960053470207383,1.304878048780488,12.306466256132966,-0.2100000000000001,5.37,5.58,0.6666666666666666,24,-1.648,50,-0.6400611008002672
1610612740,NOH,New Orleans Hornets,2019,2018-19,1,82,115.4390243902439,12.579718696903557,116.76829268292684,10.77754728331745,104.3048780487805,5.719123269575383,110.70243902439024,10.811584728803078,111.97439024390243,8.424256731335959,-1.2756097560975612,12.082285379595108,48.18292682926829,0.9444842969433312,43.670731707317074,4.866247770020465,92.23170731707316,7.457366530324234,0.4745609756097561,0.0477599702113809,10.268292682926829,3.457140688551686,29.865853658536587,5.84947437782561,0.3440731707317073,0.0952122749229067,17.829268292682926,6.682952105223458,23.42682926829268,7.874055675781421,0.7574634146341462,0.1122375341723312,11.085365853658535,3.732411326333566,36.207317073170735,4.460354314880468,47.29268292682927,5.607507764624334,27.02439024390244,4.288876251438197,14.817073170731708,4.018869224848178,7.439024390243903,3.0311044353771788,5.378048780487805,2.2805687177990124,21.121951219512194,4.214584448277808,-1.329268292682927,12.685225077248877,-2.27,-8.78,-6.51,0.4285714285714285,28,-5.6825,40,-3.15396569853762
1610612740,NOH,New Orleans Hornets,2020,2019-20,1,72,115.84722222222224,10.9076271573355,117.13888888888889,11.543311648676315,104.83333333333331,4.608626326761404,110.54305555555555,9.720963645341609,111.8347222222222,9.969575685974426,-1.2861111111111114,12.57368485610801,48.41666666666666,1.391624848265458,42.56944444444444,4.433630721784551,91.63888888888889,7.144988503830835,0.4661527777777777,0.0506191690357063,13.63888888888889,3.4977077224125086,36.888888888888886,6.334692218932756,0.3698888888888889,0.0744155737818587,17.069444444444443,5.797829581492115,23.43055555555556,7.325099410735105,0.7269583333333333,0.1062614948214551,11.069444444444445,3.735352195581981,35.43055555555556,4.515470711160575,46.5,6.467687833800651,26.83333333333333,5.015469028661705,16.40277777777778,3.909755664791913,7.486111111111111,2.8033835469703567,4.972222222222222,2.2578328274436785,21.166666666666668,4.324838187968734,-1.2916666666666667,13.078783485660612,-4.9,-1.2899999999999996,3.6100000000000008,0.2352941176470588,17,-5.7725,40,-3.9937406155834423
1610612740,NOH,New Orleans Hornets,2021,2020-21,1,72,114.59722222222224,11.298335565094137,114.88888888888889,12.180052447394605,101.43055555555556,5.548318839119835,113.1236111111111,10.899302123356929,113.48333333333332,12.09142403570678,-0.3611111111111107,14.209375555513384,48.41666666666666,1.391624848265458,42.5,4.705405941087606,89.05555555555556,6.833819975801152,0.4787638888888889,0.0544921477882734,10.583333333333334,3.892028690020625,30.416666666666668,6.499729138451805,0.3469027777777777,0.1024373611038558,19.01388888888889,5.685397791168043,26.08333333333333,7.058607770798137,0.7271388888888889,0.101174553605833,11.73611111111111,3.6230601630702894,35.666666666666664,5.523318047471205,47.40277777777778,6.80443045856262,26.0,4.608626326761404,14.61111111111111,4.207824889101208,7.569444444444445,3.010902203887923,4.375,2.0992117903739658,17.98611111111111,3.825389810038716,-0.2916666666666667,14.312840192156036,-0.589999999999999,-2.43,-1.8400000000000007,0.3928571428571428,28,-2.9282051282051285,39,-2.2342005554180755
1610612740,NOH,New Orleans Hornets,2022,2021-22,1,82,109.29268292682929,10.45211043120597,110.28048780487804,13.318764624286043,98.29268292682929,4.614758409946727,111.26097560975607,10.141015072011074,112.009756097561,12.826617865427467,-0.7499999999999994,16.38290474553382,48.18292682926829,0.944484296943331,40.170731707317074,4.365422152450516,87.95121951219512,6.386526015277172,0.4579512195121952,0.0499779957603626,10.646341463414634,2.786085138771208,32.0609756097561,5.596179386670234,0.3355609756097561,0.0836134695216995,18.304878048780488,6.261165876503548,23.20731707317073,7.5616606133545,0.7897682926829268,0.0915295673445671,11.96341463414634,4.0013735973365705,33.24390243902439,5.725319497494357,45.207317073170735,6.725183562372565,24.963414634146343,4.223523547855436,14.060975609756095,3.9168756791373305,8.292682926829269,3.371953329488432,4.0,2.1659542988464366,19.65853658536585,3.935340078783792,-0.9878048780487804,16.26364111392172,-10.77,1.3199999999999998,12.09,0.5294117647058824,17,-4.824528301886792,53,-3.842047888008511
1610612740,NOH,New Orleans Hornets,2023,2022-23,0,82,114.36585365853658,10.548549950225096,112.47560975609755,11.330310718671049,100.47560975609755,5.183605708589907,113.89878048780488,9.65923716925722,112.03536585365856,10.413125287806746,1.865853658536586,14.586339114679983,48.426829268292686,1.4057245204096498,42.03658536585366,4.34455845815503,87.5609756097561,7.15800089509722,0.4813536585365854,0.0464955518783738,10.96341463414634,3.6428354237765768,30.09756097560976,5.714633060377069,0.361560975609756,0.0923374243726625,19.32926829268293,5.7393054125467495,24.390243902439025,7.208972628574079,0.7949024390243903,0.080237550052467,10.560975609756095,3.7320684397400794,33.13414634146341,5.422318294053152,43.69512195121951,6.836158448326319,25.87804878048781,4.506210375493843,14.585365853658535,3.641161188792698,8.304878048780488,3.0578335927974547,4.109756097560975,2.078734762152717,20.463414634146343,3.443351518188041,1.8902439024390243,14.68770048778193,3.9099999999999993,7.76,3.850000000000001,0.4210526315789473,19,0.4750000000000001,48,-0.0800015787301156
1610612740,NOH,New Orleans Hornets,2024,2023-24,3,82,115.07317073170732,13.399631916636928,110.65853658536584,12.395956640850876,98.79268292682929,4.40464907271612,116.47195121951218,12.263096042223632,111.8780487804878,10.843431468971549,4.6,16.778226631229202,48.0609756097561,0.5521576303742328,42.48780487804878,5.587119009440816,87.3780487804878,6.959566191785088,0.4867682926829267,0.053540177317343,12.475609756097562,4.352452436983079,32.59756097560975,6.095656733671491,0.3781341463414634,0.0886983739179136,17.621951219512194,6.249227594547608,22.841463414634145,7.302070587786408,0.7708414634146342,0.10712061616565,10.390243902439025,3.38754471542981,33.573170731707314,4.971599558293254,43.96341463414634,6.221121176295602,26.951219512195124,5.553115995534533,13.01219512195122,3.335162099967906,8.341463414634147,3.111982069337732,4.609756097560975,2.077249472710474,18.390243902439025,4.171496748765646,4.414634146341464,16.939216839879265,-6.88,-1.7200000000000002,5.16,0.4,15,1.2660377358490564,53,2.2086184512934874
1610612740,NOH,New Orleans Hornets,2025,2024-25,2,82,109.82926829268293,12.758734483906862,119.2560975609756,11.885057508921207,100.14634146341464,5.171436152749376,109.64634146341466,11.237066036850152,119.18048780487804,11.319691561304104,-9.52560975609756,14.50900793824314,48.18292682926829,0.944484296943331,40.63414634146341,5.222251052218177,89.85365853658537,6.953322238582662,0.4524634146341463,0.0486618960426731,12.024390243902438,3.698433468028661,34.6219512195122,6.127533981052174,0.3448536585365854,0.0797612365939312,16.536585365853657,4.901990328833864,21.9390243902439,5.648877438959481,0.7516829268292684,0.1024822632108083,12.109756097560975,3.893667215392402,31.5,5.457467417885694,43.609756097560975,6.662509995936217,25.841463414634145,5.022098111040504,14.646341463414634,3.9232512066029375,8.548780487804878,3.3004019172544794,5.2317073170731705,2.2624076571445504,18.28048780487805,3.922944189908059,-9.426829268292684,14.416237833746113,-11.01,-12.91,-1.9000000000000004,0.2727272727272727,22,-12.9625,48,-11.446597431058986
1610612741,CHI,Chicago Bulls,2013,2012-13,0,82,93.1829268292683,11.11902834459528,92.86585365853658,11.456587080534732,90.97560975609755,4.674532021882762,102.4317073170732,10.995811526356556,101.90853658536584,11.20953299342768,0.5280487804878048,14.94036106452357,48.36585365853659,1.3100956059915252,35.68292682926829,4.510284677392676,81.6829268292683,6.673844374520631,0.4385975609756097,0.0577640709716021,5.439024390243903,2.648538199080837,15.426829268292684,4.524366097894242,0.3508170731707317,0.1297487722579255,16.378048780487806,5.703887008868318,21.195121951219512,7.021024905644833,0.7743292682926829,0.0997803829006667,12.51219512195122,3.739161794362522,30.65853658536585,4.848875425674155,43.170731707317074,6.174029394501408,23.0,4.608098078517271,14.28048780487805,3.951166073370697,7.170731707317073,2.2377506235182483,5.085365853658536,2.961486194764817,19.71951219512195,4.101413156774807,0.3170731707317073,13.582739635996536,0.3500000000000002,-1.3,-1.6500000000000004,0.5517241379310345,29,-3.947058823529413,34,-1.7789834324087297
1610612741,CHI,Chicago Bulls,2014,2013-14,0,82,93.65853658536584,11.521552013289758,91.8048780487805,11.072643437815277,92.0609756097561,5.8210931071716026,101.75731707317074,10.919492486825034,99.88048780487804,10.28076760145652,1.8768292682926837,14.754821758699242,48.609756097560975,2.532534462544332,34.670731707317074,5.185580382410345,80.20731707317073,8.112994918043443,0.4332804878048781,0.0571917447185923,6.195121951219512,2.6361167867413147,17.79268292682927,4.569728102990425,0.3465975609756097,0.1168683822058379,18.121951219512194,5.973997656309473,23.26829268292683,7.573587600856481,0.7811219512195121,0.1016115078351896,11.426829268292684,3.8201237385585074,32.71951219512195,4.568475960166023,44.14634146341464,6.168662242113107,22.682926829268293,4.933828926009003,14.914634146341465,3.982062309265013,7.2439024390243905,2.8265101966203687,5.170731707317073,2.527893174649401,19.085365853658537,3.6925056550595543,1.853658536585366,13.672647247192506,4.4,9.12,4.719999999999999,0.55,20,-2.8885714285714283,35,-0.1396287475804094
1610612741,CHI,Chicago Bulls,2015,2014-15,3,82,100.79268292682929,10.752820824137322,97.79268292682929,11.696509772628174,94.8170731707317,5.715752650784524,106.43170731707316,10.85223852482514,103.1987804878049,10.06678309844905,3.2280487804878053,13.138871500014275,48.48780487804878,1.8608633496046496,36.59756097560975,4.5996772728915,82.89024390243902,7.4120457474302865,0.4431829268292683,0.0544637444360427,7.865853658536586,2.651634460413636,22.25609756097561,4.7682358867662815,0.3535853658536585,0.0935628066891086,19.73170731707317,6.198464127742352,25.20731707317073,7.304214587327619,0.781890243902439,0.0820284512667631,11.695121951219512,4.418504926715984,34.04878048780488,5.6457182268422255,45.74390243902439,6.839989487411162,21.71951219512195,4.5195716781759785,13.96341463414634,4.158718706855052,6.2682926829268295,2.4193090559787644,5.804878048780488,3.2751930463893477,18.23170731707317,4.025532034426346,3.0,12.260545977007752,4.37,9.989999999999998,5.619999999999998,0.631578947368421,19,1.4142857142857146,35,2.0489241304275416
1610612741,CHI,Chicago Bulls,2016,2015-16,1,82,101.64634146341464,10.467317685839305,103.1219512195122,11.78866398769916,97.65853658536584,6.202786136621968,104.2487804878049,10.34825975591601,105.6060975609756,11.059908105359932,-1.3585365853658538,12.233055312407558,48.54878048780488,2.4852773351682496,38.59756097560975,3.937348095749253,87.4390243902439,6.849524739709434,0.4432195121951219,0.0499676498779661,7.939024390243903,2.785977058813887,21.37804878048781,4.1622650644483095,0.3688780487804878,0.1007743341619053,16.51219512195122,5.527135981590127,20.97560975609756,6.150329931441292,0.7820121951219512,0.1041374322120271,11.060975609756095,3.692994906862697,35.23170731707317,5.324758802832374,46.29268292682927,6.81589972119122,22.804878048780488,5.014642816546049,13.914634146341465,4.5056924750046425,6.036585365853658,2.348864301097103,5.7317073170731705,2.6668924926963444,18.841463414634145,4.173607588299854,-1.475609756097561,12.061801361850687,2.1,-0.0099999999999999,-2.11,0.6551724137931034,29,-3.928888888888888,45,-3.4158260016629267
1610612741,CHI,Chicago Bulls,2017,2016-17,0,82,102.86585365853658,11.528560557221777,102.4390243902439,11.487080838791403,96.57317073170732,5.2728760578177925,106.48902439024393,10.223707695177657,106.35609756097564,11.741370327842894,0.1292682926829266,15.85128018201091,48.24390243902439,1.0836720337741033,38.64634146341464,4.851808753265071,87.08536585365853,6.575677629282912,0.4447439024390245,0.0531512658468842,7.597560975609756,3.1303364553026194,22.32926829268293,5.877462453312087,0.3344024390243902,0.0963554197103513,17.975609756097562,6.124179178572559,22.536585365853657,7.11665603599036,0.7973536585365854,0.098913152073506,12.182926829268292,3.4929489779384384,34.109756097560975,5.830964804992492,46.29268292682927,6.964615691147928,22.57317073170732,5.531125145745504,13.560975609756095,3.745277061981224,7.841463414634147,2.710152436126066,4.7926829268292686,2.3713193956110605,17.74390243902439,3.616870537383321,0.4268292682926829,15.325304248730914,5.98,10.08,4.1000000000000005,0.5238095238095238,21,-1.3441176470588234,34,-1.9660723473512864
1610612741,CHI,Chicago Bulls,2018,2017-18,2,82,102.92682926829268,12.697604019933603,109.96341463414636,12.068165572906755,99.51219512195122,5.2546132639852745,103.409756097561,11.420142587984644,110.54146341463414,11.367583879790686,-7.134146341463413,14.711801087480046,48.426829268292686,1.7918229065718263,38.65853658536585,5.294347118599728,88.84146341463415,6.930821325913071,0.4358414634146341,0.0565341521412128,11.048780487804878,3.579442121593364,31.085365853658537,5.502415226179207,0.3535121951219512,0.0898855574032327,14.560975609756095,5.130633154621271,19.195121951219512,6.163290415871736,0.7570365853658536,0.1048234783240349,9.634146341463415,3.4587951770934944,35.02439024390244,5.166309688399143,44.65853658536585,6.258267642196284,23.451219512195124,4.419799557000183,13.98780487804878,3.622610416959341,7.634146341463414,2.6828775555958164,3.524390243902439,2.217915881672533,19.15853658536585,4.08390249153593,-7.036585365853658,14.383156405891109,-7.25,-10.18,-2.930000000000001,0.5,24,-10.168,50,-9.324229583399893
1610612741,CHI,Chicago Bulls,2019,2018-19,2,82,104.9390243902439,13.430523151495423,113.35365853658536,14.199958225655395,100.39024390243902,7.039142935976688,104.54512195121951,11.075879169061947,112.85365853658536,12.534704368686096,-8.308536585365854,14.299021819427796,48.54878048780488,2.606508657825306,39.829268292682926,5.057215546881921,87.86585365853658,7.848507281402052,0.4541829268292682,0.0500271847207195,9.085365853658535,3.262965475094571,25.890243902439025,5.910873214847312,0.3491829268292684,0.0927855789200317,16.195121951219512,5.651262339896018,20.670731707317078,7.086859476225866,0.7882926829268293,0.1032157620039031,8.75609756097561,3.191659561387531,34.13414634146341,4.80422189617658,42.89024390243903,5.528838195464671,21.902439024390244,4.339339871561967,14.134146341463415,4.288261886010594,7.353658536585366,2.821311975779941,4.280487804878049,2.0921628612804137,20.28048780487805,3.775405759385022,-8.414634146341463,14.148202537767256,-7.840000000000002,-13.43,-5.59,0.4090909090909091,22,-12.946153846153846,39,-11.120617784593586
1610612741,CHI,Chicago Bulls,2020,2019-20,2,65,106.84615384615384,11.062649390560182,109.92307692307692,10.460203888290868,100.96923076923076,4.537927771741025,105.8846153846154,10.534500325852411,109.04,10.521671088757715,-3.1661538461538465,12.064737835463378,48.23076923076923,1.0572551544156508,39.58461538461538,5.021492269772464,88.64615384615385,6.541766698565574,0.4478923076923077,0.0562461451670587,12.2,3.4604912945996555,35.10769230769231,5.247389460850619,0.3479692307692308,0.0858856378474395,15.476923076923075,5.87927422260736,20.49230769230769,6.946498841419766,0.7518923076923076,0.096420972024523,10.461538461538462,3.4779525365010158,31.4,4.917443441464274,41.86153846153846,6.020477875231654,23.23076923076923,3.3854893976408285,15.461538461538462,4.172367894392086,10.03076923076923,3.0412231850915616,4.076923076923077,2.306971041130639,21.8,3.9496835316263,-3.076923076923077,12.30765474753884,-4.510000000000001,-3.73,0.7800000000000011,0.4375,16,-9.276923076923078,26,-6.984731067707961
1610612741,CHI,Chicago Bulls,2021,2020-21,0,72,110.68055555555556,11.360701214334313,111.56944444444444,11.160577486306702,100.27777777777776,5.49576590472149,110.46666666666668,10.626408771559737,111.58472222222224,10.281826709545976,-1.1166666666666667,13.097112895488957,48.27777777777778,1.1533444597688496,42.15277777777778,4.436277218068722,88.61111111111111,5.844355783376959,0.4771944444444444,0.0538020992545277,12.555555555555555,4.1448725795970445,33.97222222222222,6.06530707563539,0.3655277777777777,0.0857997951706774,13.819444444444445,4.95707316214904,17.47222222222222,6.028038295863806,0.7919444444444443,0.1093939629213179,9.625,3.366937422292521,35.333333333333336,4.927645496669284,44.958333333333336,5.946800536399242,26.76388888888889,4.250908951866401,15.125,4.055729732362825,6.694444444444445,2.58183736785515,4.222222222222222,2.2216744238741195,18.916666666666668,3.859321986720349,-0.8888888888888888,12.832129081965036,-5.4,1.5900000000000003,6.990000000000001,0.2777777777777778,18,-6.627777777777777,36,-3.355269843816859
1610612741,CHI,Chicago Bulls,2022,2021-22,0,82,111.60975609756098,12.241153114368222,112.0,12.133007728638844,99.07317073170732,3.90877609528653,112.64512195121952,11.515798621293222,113.28048780487804,12.357098614920162,-0.6378048780487803,15.49965862024624,48.1219512195122,0.7760336619661978,41.73170731707317,5.535628217748279,86.91463414634147,5.223879688536204,0.4802560975609757,0.0579820770467653,10.634146341463415,3.4012060138559903,28.82926829268293,5.208741176443668,0.3665,0.090725505145745,17.51219512195122,5.679166828214501,21.536585365853657,6.184798412737715,0.8086097560975609,0.0973724878244618,8.670731707317072,3.506800722859289,33.65853658536585,5.389105407322961,42.329268292682926,6.373275371750967,23.87804878048781,5.538619170748134,12.841463414634148,3.995273479707908,7.134146341463414,2.65628625522134,4.097560975609756,2.280403668497708,18.78048780487805,3.181832650905443,-0.3902439024390244,15.18670316514407,6.790000000000001,-6.899999999999999,-13.69,0.5909090909090909,22,-3.982352941176471,51,-3.5420397912180626
1610612741,CHI,Chicago Bulls,2023,2022-23,0,82,113.1219512195122,11.99731476530636,111.82926829268293,12.55487203453996,100.3048780487805,5.293109950483483,112.87926829268294,11.46996870850326,111.52317073170732,11.870071284178476,1.348780487804878,15.058906916067148,48.54878048780488,1.925478545772936,42.53658536585366,4.685662718325622,86.78048780487805,6.2302020066013375,0.4914512195121952,0.0540637831900008,10.414634146341465,3.744794640769462,28.865853658536587,5.172964370008894,0.357,0.1012120375410448,17.634146341463413,5.090567881978968,21.804878048780488,5.701286457361612,0.8077560975609754,0.0819178391424489,8.463414634146341,3.221053895284338,33.890243902439025,5.265790122934024,42.35365853658536,6.222960176912974,24.463414634146343,4.853902901945155,13.378048780487806,4.141450345054743,7.853658536585366,2.7267397944531897,4.524390243902439,2.389408779377311,18.914634146341463,3.843227872737004,1.2926829268292683,14.765230935034172,1.8399999999999996,6.209999999999999,4.369999999999999,0.3333333333333333,21,-3.0020833333333337,48,-0.3766192288596098
1610612741,CHI,Chicago Bulls,2024,2023-24,1,82,112.26829268292684,11.104496676202736,113.70731707317071,10.54735096913555,98.51219512195122,5.418860302111789,113.99756097560974,9.711454044412193,115.840243902439,11.011339382722957,-1.8487804878048784,13.1260578071315,48.73170731707317,1.9439604507980064,42.04878048780488,4.61586753084733,89.5,7.41411733131255,0.4713536585365854,0.0511585219603334,11.475609756097562,3.439873704816621,32.073170731707314,5.7279485647668205,0.3569024390243902,0.0839276010392286,16.695121951219512,4.872926021358794,21.10975609756097,5.8203688686317525,0.7927439024390245,0.0858949704582,11.170731707317072,4.3851738933910624,32.64634146341464,5.092652541324082,43.81707317073171,7.027508644439107,24.97560975609756,4.438817576276277,12.24390243902439,3.7500978608128337,7.780487804878049,2.85892317742491,4.804878048780488,2.431475822685128,18.79268292682927,3.203924310067761,-1.4390243902439024,12.675530583752488,-3.4799999999999995,0.4599999999999999,3.94,0.55,20,-5.276923076923077,52,-4.681859600402829
1610612741,CHI,Chicago Bulls,2025,2024-25,3,82,117.8048780487805,11.975735781813512,119.36585365853658,11.885785882826337,104.04878048780488,4.139250361618368,113.34512195121955,11.737301017275202,114.97317073170728,11.88428829761636,-1.6280487804878048,15.548143268850536,48.18292682926829,0.944484296943331,43.207317073170735,4.943477570578835,92.01219512195122,5.909803327426793,0.4705853658536586,0.053829394700434,15.439024390243905,3.758439264256039,42.03658536585366,6.720973478047856,0.3684512195121951,0.0747293309198536,15.951219512195122,5.510713334713787,19.71951219512195,6.224750260732668,0.8092926829268294,0.0971894532464437,10.060975609756095,2.907408845850311,35.792682926829265,6.133771733281342,45.85365853658536,7.194171082270397,29.0609756097561,4.522502205298371,14.670731707317072,3.861985921836551,7.573170731707317,2.703589236665636,4.7073170731707314,2.1687329456577755,17.609756097560975,4.075691557045532,-1.5609756097560976,15.99621680657194,-5.4,4.590000000000001,9.99,0.5882352941176471,17,-6.461363636363637,44,-4.940346655329151
1610612742,DAL,Dallas Mavericks,2013,2012-13,1,82,101.13414634146342,11.43501466432735,101.73170731707316,10.137388053895068,96.54878048780488,5.475314837386382,104.87317073170732,11.55994626819594,105.38902439024392,8.582166495267042,-0.5170731707317076,14.464761820983773,48.73170731707317,1.9439604507980064,38.80487804878049,4.836688552903092,84.04878048780488,6.063251865607054,0.4626707317073171,0.0565353718356375,7.390243902439025,3.133869526860064,19.853658536585368,4.7091241911204,0.3660975609756097,0.1226600853464059,16.134146341463413,5.832565441779524,20.353658536585368,6.957315984567883,0.7919634146341463,0.1028445362913677,9.353658536585366,3.12841201866162,32.5609756097561,4.690672543780691,41.91463414634146,5.867258428724349,23.24390243902439,4.359071640912921,13.951219512195122,4.070072766129604,7.902439024390244,2.274983413845717,5.536585365853658,3.00696771898088,20.70731707317073,4.211940126191075,-0.5975609756097561,14.055322576986615,1.02,1.3,0.28,0.48,25,-7.277499999999999,40,-3.586298287338588
1610612742,DAL,Dallas Mavericks,2014,2013-14,3,82,104.84146341463416,10.489818122910016,102.4390243902439,11.958877647672058,95.7560975609756,5.281135716822674,109.56219512195122,9.964364161683504,107.14756097560974,10.812957768627074,2.4121951219512194,11.282143547357734,48.36585365853659,1.3100956059915252,39.6219512195122,5.076307212055958,83.63414634146342,7.162164296525077,0.4747439024390243,0.0555252830801083,8.792682926829269,2.984477557845787,22.890243902439025,4.878792852014072,0.3818048780487804,0.0965706341664912,16.804878048780488,7.036832593426339,21.134146341463413,8.002718974865072,0.7888292682926829,0.1007948417353073,10.24390243902439,3.480318474180541,30.65853658536585,4.659305072422737,40.90243902439025,5.574655514125904,23.59756097560976,5.10352034419806,13.53658536585366,4.11019545944532,8.585365853658537,2.993619632898267,4.341463414634147,2.189872944029097,19.951219512195124,4.198478381110425,2.402439024390244,10.773607161098282,2.8800000000000003,1.7599999999999998,-1.1200000000000006,0.5714285714285714,28,-0.5441860465116276,43,0.4666043924622039
1610612742,DAL,Dallas Mavericks,2015,2014-15,3,82,105.21951219512196,12.977686824494736,102.3170731707317,13.335072154008191,97.26829268292684,6.442621927134572,108.2939024390244,12.379117696884837,104.96097560975608,11.84814155450947,3.3353658536585367,15.45443619200153,48.48780487804878,1.8608633496046496,39.69512195121951,5.449405957862404,85.8048780487805,7.111873265389998,0.4635365853658536,0.0586022784544097,8.926829268292684,3.2877644016282965,25.390243902439025,5.552790639884999,0.3490365853658536,0.0962608910140229,16.902439024390244,5.870221473722866,22.47560975609756,7.6161388256295375,0.7563536585365853,0.0952638145843736,10.46341463414634,3.762042792699757,31.804878048780488,4.585104773875231,42.26829268292683,5.975358412697326,22.51219512195122,5.767606222836672,12.951219512195122,3.596646033732018,8.085365853658537,2.9656520092228096,4.524390243902439,2.3106068347070647,20.04878048780488,4.094267112168845,2.902439024390244,14.77536300746648,9.73,-2.0800000000000005,-11.81,0.6956521739130435,23,-1.0666666666666669,45,0.0966321709008512
1610612742,DAL,Dallas Mavericks,2016,2015-16,1,82,102.29268292682929,11.799233920390764,102.59756097560977,12.76652621148689,96.95121951219512,5.53753173839109,105.47073170731709,10.11208161160317,105.7829268292683,10.771783039331591,-0.3121951219512192,12.546854312800582,48.79268292682927,1.998380856186221,37.36585365853659,4.707525352165694,84.14634146341463,6.836940242678977,0.4447926829268293,0.0492242883451189,9.829268292682928,3.3731140246701825,28.5609756097561,5.665789825353283,0.3430121951219512,0.0915036926870651,17.73170731707317,5.908873386983562,22.32926829268293,7.0097901168783885,0.7929878048780489,0.0890300953281209,9.158536585365852,3.3498461810830347,33.91463414634146,5.087387501743277,43.073170731707314,5.597134381014341,22.10975609756097,4.0429975970073,12.768292682926829,3.6861394723443968,6.829268292682927,2.508281975843278,3.731707317073171,2.024838237634744,19.451219512195124,4.052593862324216,-0.3048780487804878,12.127602456502643,0.6599999999999999,1.94,1.28,0.375,24,-5.871428571428571,42,-3.326264874349982
1610612742,DAL,Dallas Mavericks,2017,2016-17,2,82,97.91463414634148,11.573918336802269,100.84146341463416,12.007682224304554,93.51219512195122,4.349666944647443,104.73902439024393,11.679905251788467,107.66707317073173,11.524403038855738,-2.926829268292683,15.452292560584604,48.24390243902439,1.0836720337741033,36.19512195121951,4.509082807259373,82.3170731707317,5.914781752504917,0.4403414634146342,0.0512207084645434,10.707317073170731,3.2678297433551773,30.15853658536585,5.339046736469024,0.3553658536585366,0.0923807890075492,14.817073170731708,5.393475822822428,18.48780487804878,6.126735385176669,0.7972439024390243,0.089826658994223,7.890243902439025,3.1856394499706453,30.682926829268293,4.49108320619317,38.573170731707314,5.57558719225088,20.79268292682927,4.3111620984328765,11.853658536585366,3.3596073816007834,7.487804878048781,2.8684916776360483,3.7439024390243913,1.95511974695471,19.10975609756097,3.60728377537358,-2.926829268292683,14.63277269473981,-7.15,-7.090000000000001,0.0599999999999996,0.5,20,-6.188095238095237,42,-5.841898599678165
1610612742,DAL,Dallas Mavericks,2018,2017-18,2,82,102.3170731707317,10.167581074580138,105.35365853658536,11.798066331645789,97.0609756097561,4.688698155614147,105.48170731707316,9.83206053343002,108.35975609756098,10.99067910095964,-2.882926829268293,12.650279896167122,48.30487804878049,1.203790560412963,38.14634146341464,4.210867630661277,85.8780487804878,5.890754932655359,0.4455121951219513,0.0504611435654877,11.792682926829269,3.405651819839561,32.78048780487805,5.811917068061302,0.360890243902439,0.0851840427439986,14.231707317073171,4.37811273531823,18.65853658536585,5.270976933356692,0.7631829268292685,0.0922950352514622,8.121951219512194,3.532530460502953,33.13414634146341,5.41548350638698,41.25609756097561,6.438332303831628,22.65853658536585,3.97901753552654,12.28048780487805,3.5005269100519127,7.048780487804878,2.27657116563642,3.7804878048780486,2.2663637610455005,19.24390243902439,3.660132142287533,-3.0365853658536586,12.264014530073636,-9.52,-6.4,3.119999999999999,0.2083333333333333,24,-4.243396226415094,53,-3.8831259173526975
1610612742,DAL,Dallas Mavericks,2019,2018-19,0,82,108.86585365853658,10.647856325289087,110.14634146341464,12.566978040370264,100.1951219512195,5.435228082236471,108.81341463414635,10.68615999116709,110.19634146341464,11.888478135396072,-1.3914634146341462,14.254686915767255,48.24390243902439,1.0836720337741033,38.80487804878049,4.503603562334577,86.85365853658537,7.207886543583572,0.4476585365853658,0.0470490208009242,12.46341463414634,3.151308260370915,36.609756097560975,6.284914522653521,0.3414512195121951,0.067747197552904,18.79268292682927,5.904042985720529,25.317073170731707,7.181729302358709,0.7415243902439024,0.0856298704098851,10.146341463414634,3.162753727564403,35.170731707317074,5.445135734001337,45.31707317073171,6.2239641386754645,23.390243902439025,4.373760417157158,14.231707317073171,4.693833044966541,6.5,2.7091522978303577,4.280487804878049,2.358459374953538,20.121951219512194,4.350082286443056,-1.2804878048780488,14.21290874760514,-3.5900000000000007,3.56,7.15,0.4482758620689655,29,-0.6976744186046513,43,-1.7477527434708438
1610612742,DAL,Dallas Mavericks,2020,2019-20,3,75,117.01333333333334,11.74560680762298,112.06666666666666,11.951855372570687,100.92,5.379540822362023,116.03066666666666,10.765836522817724,111.26666666666668,11.020881081829158,4.760000000000001,14.516290941652509,48.46666666666667,1.4642896380648684,41.653333333333336,5.4014345775447,90.29333333333334,6.751923316246154,0.4618266666666666,0.0525926141493562,15.146666666666668,3.801469606766727,41.266666666666666,5.9759276862853445,0.3668266666666667,0.0771096750218932,18.56,6.472895671828674,23.826666666666668,7.790106916196064,0.7789466666666666,0.0935924017089937,10.546666666666669,3.3178197551898334,36.38666666666666,5.397430152605243,46.93333333333333,6.237058673838246,24.65333333333333,4.55148723342558,12.706666666666669,3.619666004202872,6.133333333333334,2.4950401249729883,4.84,2.5257591847718697,19.49333333333333,4.384781215329484,4.946666666666666,14.21827272488748,2.91,-2.32,-5.23,0.2962962962962963,27,-1.7941176470588236,34,1.619688727436913
1610612742,DAL,Dallas Mavericks,2021,2020-21,0,72,112.44444444444444,11.5122578748546,110.18055555555556,13.984222889665912,98.08333333333331,3.841031258237892,114.6611111111111,11.050008674466746,112.30277777777778,13.350370277317069,2.363888888888889,15.860574786269908,48.06944444444444,0.5892556509887894,41.083333333333336,4.775966829337237,87.31944444444444,5.535611697916459,0.4704166666666667,0.0450097798449419,13.805555555555555,4.019806206837847,38.11111111111112,5.798386263011984,0.3595555555555556,0.0787130443381704,16.47222222222222,5.533437976271686,21.166666666666668,6.5756700510076005,0.7756805555555555,0.1149681923420179,9.125,3.103553165892462,34.208333333333336,5.616719256938841,43.333333333333336,6.175827480623348,22.875,4.638897088444957,12.069444444444445,3.6204675944557096,6.25,2.699765248010685,4.319444444444445,2.3306070592177788,19.38888888888889,4.023016720916806,2.263888888888889,15.634913130785176,5.25,3.06,-2.1900000000000004,0.6470588235294118,17,2.386111111111111,36,1.859114485345942
1610612742,DAL,Dallas Mavericks,2022,2021-22,0,82,108.02439024390245,12.57469103246195,104.71951219512196,11.05237183666469,95.98780487804878,4.016920700247227,112.65243902439023,13.205098394459132,109.10975609756098,10.995022552383944,3.552439024390244,15.94200310856575,48.18292682926829,0.9444842969433312,39.29268292682927,5.3437116727452,85.14634146341463,5.76091974656892,0.4623048780487804,0.0614860596514887,13.085365853658535,3.528372546580308,37.35365853658536,4.892352185468114,0.3510243902439024,0.0869212749546799,16.353658536585368,5.500554295793799,21.20731707317073,6.717836594879885,0.7751585365853659,0.1198442888426576,9.25609756097561,2.473618709750665,33.76829268292683,5.200424437777384,43.02439024390244,5.54437900152003,23.390243902439025,5.302587529468835,12.5,3.266931206219813,6.7317073170731705,2.5045577243818147,3.963414634146341,2.252269757494412,19.65853658536585,3.6011641197206643,3.304878048780488,15.652624932224464,-2.13,9.01,11.14,0.5882352941176471,17,1.01875,48,1.0875567466606049
1610612742,DAL,Dallas Mavericks,2023,2022-23,0,82,114.21951219512196,11.991791832918338,114.14634146341464,11.522518962448617,98.5609756097561,5.730786602711492,115.9231707317073,10.67584441718188,116.1268292682927,10.226545568606593,-0.2012195121951221,12.662236007777285,48.609756097560975,1.8240918427777388,40.03658536585366,5.002333090116506,84.2560975609756,7.100358147130668,0.4762804878048779,0.0548277379539027,15.195121951219512,3.66646135583524,41.0,6.261779023824609,0.3713170731707317,0.0730675111550245,18.951219512195124,6.338014720178142,25.085365853658537,6.737038253743249,0.7491463414634146,0.1149074906444438,7.621951219512195,3.230411982679299,31.170731707317078,5.284042779914816,38.79268292682927,6.1075500834360925,22.92682926829268,4.351189670738076,12.21951219512195,3.548689169374672,6.2682926829268295,2.429493573646624,3.707317073170732,1.9968357986738423,20.695121951219512,4.13861378471323,0.073170731707317,11.99462892946989,4.73,-3.14,-7.87,0.5142857142857142,35,-1.184313725490196,51,-0.7682143643183289
1610612742,DAL,Dallas Mavericks,2024,2023-24,3,82,117.85365853658536,14.27258613023324,115.64634146341464,12.186181154948525,100.76829268292684,4.65421296071092,116.93780487804878,12.734890735123386,114.94268292682928,11.678364828122012,2.0000000000000004,17.875080937397698,48.0609756097561,0.5521576303742327,43.109756097560975,5.367957281115038,89.65853658536585,6.361961635900493,0.4814878048780487,0.0540514715603377,14.597560975609756,4.027252091664529,39.53658536585366,6.020941073138231,0.3670121951219512,0.0780002364514363,17.036585365853657,6.181304193263728,22.463414634146343,7.430659080402352,0.7531829268292682,0.0996019395974537,9.71951219512195,3.2670233752480784,33.21951219512195,5.454694184644781,42.9390243902439,6.010993141121329,25.682926829268293,4.626488545990888,12.524390243902438,3.7456991295733246,6.865853658536586,2.488304470681514,4.951219512195122,2.6846727231139105,18.29268292682927,3.942449589077958,2.207317073170732,18.058025680524167,6.16,2.93,-3.2300000000000004,0.6666666666666666,15,-2.6865384615384613,52,-1.252656244829529
1610612742,DAL,Dallas Mavericks,2025,2024-25,0,82,114.1951219512195,11.8701191652523,115.39024390243902,12.742226967368197,100.46341463414636,4.643314913024056,113.709756097561,11.05841514950445,114.98414634146344,11.66237454922744,-1.2768292682926827,15.639916475263124,48.1219512195122,0.7760336619661978,41.98780487804878,4.723186574575211,87.73170731707317,6.981543181649007,0.4798170731707317,0.0508141440523439,12.439024390243905,3.641657338662889,34.15853658536585,6.100940045346831,0.362451219512195,0.0785094399355151,17.78048780487805,5.687379118767288,23.09756097560976,6.814309120705661,0.7674878048780488,0.0934865467184673,10.097560975609756,3.619596035360719,32.951219512195124,4.776233442979604,43.04878048780488,6.710784464133758,25.24390243902439,4.762406735705202,14.03658536585366,3.6563664144639874,7.7560975609756095,2.5798888654873453,5.426829268292683,3.53476731140813,17.78048780487805,3.9784120855024137,-1.195121951219512,15.70046710352577,3.62,-9.09,-12.71,0.391304347826087,23,-7.723404255319149,47,-4.097441960890884
1610612743,DEN,Denver Nuggets,2013,2012-13,1,82,106.14634146341464,10.749817054107387,101.0609756097561,11.09036681419834,97.07317073170732,6.411372010491246,109.42073170731707,9.699188432447224,104.33536585365852,10.678365944619742,5.080487804878049,12.331205412270227,48.54878048780488,2.2230689443799143,40.71951219512195,4.813238919367205,85.15853658536585,8.781953313746198,0.4797073170731707,0.0493169361651049,6.353658536585366,2.6217134686294177,18.51219512195122,4.706821690970797,0.3421219512195121,0.1168099004602283,18.353658536585368,5.840201144894537,26.195121951219512,7.557906536833608,0.6990243902439024,0.0940627549400269,13.317073170731708,4.1688973252120505,31.71951219512195,5.482349659023954,45.03658536585366,7.539926845686351,24.414634146341463,4.82266055230619,15.28048780487805,4.010093408117166,9.292682926829269,2.7865984613221872,6.5,2.7045914321417968,20.51219512195122,4.164055188848772,5.085365853658536,11.65046623293444,-2.09,9.71,11.8,0.5384615384615384,26,4.371794871794871,39,4.222888647057335
1610612743,DEN,Denver Nuggets,2014,2013-14,1,82,104.3780487804878,12.811684716755316,106.52439024390245,11.726540131290552,99.34146341463416,5.683459892573962,105.04024390243904,10.996181826188216,107.23292682926828,9.988413718497242,-2.2,13.871633725780905,48.18274390243903,0.9445216152912989,38.3780487804878,5.614443991253668,85.8780487804878,7.857355198388353,0.4474512195121951,0.0536902760212235,8.560975609756097,2.9105918153267654,23.890243902439025,4.929142608340463,0.3571951219512195,0.0896578460516809,19.0609756097561,5.808354053792915,26.26829268292683,7.451984209190186,0.7271097560975609,0.0926389521702347,12.304878048780488,4.191964754558752,33.13414634146341,4.760335591245931,45.4390243902439,6.771577420721841,22.414634146341463,5.118234696426935,15.914634146341465,4.166892496138482,7.5,2.639912082337049,5.597560975609756,2.614582827227626,23.04878048780488,4.168969553307472,-2.1463414634146343,13.82351007864171,-0.9200000000000004,-1.6299999999999997,-0.7099999999999992,0.4230769230769231,26,-5.0125,48,-3.720511972720508
1610612743,DEN,Denver Nuggets,2015,2014-15,1,82,101.46341463414636,13.026274608330466,105.01219512195122,12.776805665861314,97.6951219512195,5.785654938843488,103.8780487804878,11.956082437690464,107.04634146341462,10.404381735085016,-3.164634146341463,14.919548630772317,48.48780487804878,1.8608633496046496,37.79268292682927,5.027671097402408,87.29268292682927,7.4344672858349,0.4344390243902439,0.0587350396105151,8.048780487804878,2.8970075621953497,24.78048780487805,6.326554637894879,0.3270243902439024,0.0944538525522876,17.829268292682926,5.76238307623277,24.28048780487805,6.894754474619205,0.7328048780487806,0.0919118524342001,12.341463414634148,4.237456470354729,32.353658536585364,4.6623576699409375,44.69512195121951,6.508662839650932,21.804878048780488,4.389772131632841,14.21951219512195,3.4030646690629838,7.817073170731708,2.7672156919795703,4.475609756097561,2.299895916893984,22.951219512195124,4.444173433471636,-3.548780487804878,14.55356427348059,-4.94,-3.2099999999999995,1.7300000000000009,0.375,16,-5.882978723404255,47,-4.754872279504987
1610612743,DEN,Denver Nuggets,2016,2015-16,1,82,101.89024390243902,12.455358406171896,104.98780487804878,11.298960842024613,97.10975609756098,5.335661754602728,104.90853658536584,11.47807573260154,108.21341463414636,10.278021164627164,-3.303658536585365,11.263855063623154,48.36585365853659,1.3100956059915252,37.71951219512195,5.06567824238818,85.40243902439025,7.862804695617287,0.4423536585365854,0.0507480759110341,8.0,2.6943012562182536,23.695121951219512,4.52888950057308,0.336829268292683,0.0854163087440448,18.451219512195124,6.494351656070142,24.07317073170732,8.42069831977806,0.7698292682926829,0.0905765899058038,11.475609756097562,3.865726609086568,33.14634146341464,5.028614298045384,44.6219512195122,5.554756040030719,22.65853658536585,4.149132029402104,14.658536585365852,4.104257085885343,7.426829268292683,2.7578417389166057,4.817073170731708,2.211798043939034,21.01219512195122,4.083976222827196,-3.097560975609756,10.877102187734051,-5.13,-7.110000000000001,-1.980000000000001,0.6071428571428571,28,-5.7023809523809526,42,-5.077452382649942
1610612743,DEN,Denver Nuggets,2017,2016-17,1,82,111.71951219512196,12.324095028748651,111.20731707317071,10.05385228653465,99.59756097560977,5.284170995863024,112.25731707317075,11.7382989333566,111.88658536585366,10.088347540482584,0.3695121951219512,13.624068109704757,48.18292682926829,0.9444842969433308,41.18292682926829,5.319723488545241,87.73170731707317,7.521243626625647,0.4708902439024391,0.0582404564528903,10.609756097560975,3.2951745399021206,28.841463414634145,5.473774764973193,0.3681219512195121,0.0870242466913395,18.74390243902439,7.051505356506048,24.21951219512195,8.235761210845762,0.7723414634146343,0.1111715635005882,11.78048780487805,4.371694561535105,34.59756097560975,5.00828882360837,46.3780487804878,5.532485976847193,25.32926829268293,5.502086872435017,14.951219512195122,4.002784336564571,6.926829268292683,2.3767416631711957,3.9390243902439024,2.300550449298633,19.10975609756097,4.027700681441379,0.5121951219512195,13.538462722913891,-4.7,-0.15,4.55,0.3809523809523809,21,-2.3891891891891888,37,-1.7318171193922909
1610612743,DEN,Denver Nuggets,2018,2017-18,3,82,110.0,14.098419489388355,108.52439024390245,13.503749465374694,98.71951219512196,5.327020315159409,111.36219512195125,12.462661668467614,109.8451219512195,10.866577509734505,1.5195121951219512,13.950843498764147,48.48780487804878,1.6868694244915796,40.707317073170735,5.7337807854638365,86.60975609756098,6.203854034231364,0.4703414634146342,0.060841469676528,11.46341463414634,3.884744210246339,30.92682926829268,5.112995999797732,0.3672073170731707,0.0959792593084797,17.121951219512194,5.2337703141516245,22.317073170731707,6.546845529691508,0.7709634146341463,0.0943329335316683,11.0,3.972125095937662,33.51219512195122,4.969645893535716,44.51219512195122,5.890448226335277,25.10975609756097,5.732743504459738,14.951219512195122,4.274248006994164,7.646341463414634,3.112586758053133,4.926829268292683,2.3135696741523657,18.695121951219512,3.892661739355612,1.475609756097561,13.645625726783628,-0.1699999999999995,1.6200000000000003,1.7899999999999998,0.5217391304347826,23,-1.3489795918367342,49,-0.5092602621134986
1610612743,DEN,Denver Nuggets,2019,2018-19,0,82,110.67073170731707,11.372540980224406,106.71951219512196,12.18304264763817,98.73170731707316,5.087017561043558,112.21341463414636,11.34285833068132,108.1109756097561,11.419714446901922,4.098780487804878,14.598312890028428,48.1219512195122,0.7760336619661978,41.9390243902439,4.932501333685089,90.04878048780488,6.0876366089052745,0.4669512195121952,0.0561468318508666,11.01219512195122,3.4083916138783343,31.353658536585368,5.217188948460518,0.3497073170731707,0.0860337986706427,15.78048780487805,5.621880512768787,20.902439024390244,7.553283573595635,0.7637804878048781,0.1041040581496028,11.853658536585366,3.4964601189552766,34.53658536585366,5.491171639468592,46.39024390243903,7.256765421606352,27.37804878048781,4.968146048385143,13.439024390243905,3.624667071899683,7.73170731707317,2.8633433815535536,4.426829268292683,2.227939799067424,20.04878048780488,4.097281360098682,3.951219512195122,14.805656609223108,9.46,-0.4099999999999997,-9.87,0.7916666666666666,24,0.7624999999999997,40,1.6071453357151952
1610612743,DEN,Denver Nuggets,2020,2019-20,0,73,111.28767123287672,11.14360735037357,109.17808219178082,11.662311646393055,98.86301369863014,5.396282332652604,112.69452054794522,10.87812394991484,110.47534246575344,11.482750116078922,2.212328767123288,12.350291777991403,48.61643835616438,1.8531514972720675,42.04109589041096,4.550452835110613,88.87671232876713,6.940111281287314,0.4745753424657534,0.0535357922349927,10.972602739726028,4.126380586272935,30.6027397260274,5.839852847336036,0.3549452054794521,0.1028554663392275,16.232876712328768,6.074812635302712,20.90410958904109,7.126173165719694,0.7709999999999999,0.116584494871507,10.767123287671232,4.056957494180712,33.36986301369863,5.287582017527978,44.136986301369866,6.307656433285289,26.73972602739726,4.552250350895679,13.767123287671232,3.802486569284504,8.027397260273972,2.4942857068135984,4.616438356164384,2.4473916783786898,20.34246575342466,4.137293727930372,2.1095890410958904,12.064136065024872,2.13,-4.25,-6.38,0.5714285714285714,21,-0.1194444444444442,36,1.413656726887641
1610612743,DEN,Denver Nuggets,2021,2020-21,1,72,115.05555555555556,10.658447537627753,110.125,11.776005085539316,98.93055555555556,5.903750034998378,116.40138888888887,9.817166526406629,111.54722222222222,11.030622832034362,4.851388888888888,13.715848682676254,48.55555555555556,1.977969430323089,43.25,4.728546809494167,89.19444444444444,6.464723099826743,0.4862222222222221,0.0534961423440644,12.875,3.0578345463213106,34.19444444444444,5.517293909279907,0.3777916666666667,0.0798184449543435,15.680555555555555,5.440656518195464,19.52777777777778,6.99491207894533,0.8077222222222222,0.0865913540592193,10.52777777777778,3.9857924520788224,33.916666666666664,5.64376759585796,44.44444444444444,7.0248831154406055,26.84722222222222,3.851686011738281,13.5,3.801408189783375,8.083333333333334,2.6577020678943946,4.486111111111111,2.245452716708458,19.08333333333333,4.398303129905352,4.930555555555555,13.505686219159369,3.92,2.48,-1.4399999999999995,0.6,20,0.8722222222222221,36,2.8590145746129423
1610612743,DEN,Denver Nuggets,2022,2021-22,3,82,112.71951219512196,13.384415472365108,110.41463414634148,12.29870134618978,99.0609756097561,4.792863936671597,113.76219512195122,12.15913658650805,111.50609756097565,11.184472785810568,2.256097560975609,14.2597083893181,48.30487804878049,1.203790560412963,41.65853658536585,4.9121153126045405,86.32926829268293,5.591119232569575,0.4837926829268292,0.0592947726975679,12.670731707317072,3.6986980627281754,35.90243902439025,4.940659615325435,0.3515487804878048,0.0831559820107575,16.73170731707317,6.118276164241126,21.036585365853657,7.439376586703723,0.796329268292683,0.0975264516037621,9.170731707317072,3.272801790020289,34.9390243902439,4.864452974398921,44.109756097560975,6.081760014835243,27.79268292682927,4.885700487775333,14.5,4.202439033128321,7.219512195121951,2.2609098476842493,3.719512195121952,1.964338799597088,19.98780487804878,3.6497721979953575,2.304878048780488,13.969710641850927,2.97,1.38,-1.59,0.65,20,-1.5270833333333336,48,-0.2156118344593145
1610612743,DEN,Denver Nuggets,2023,2022-23,0,82,115.79268292682929,11.23567708803606,112.46341463414636,10.022437940461415,99.13414634146342,4.898380168445083,116.85853658536584,10.305505555069027,113.6060975609756,9.88066259037987,3.256097560975609,14.199261827109492,48.18292682926829,0.944484296943331,43.58536585365854,4.640006437607803,86.4390243902439,5.704876754980884,0.5053658536585367,0.054344014445497,11.817073170731708,3.528116514902547,31.20731707317073,5.541622093673262,0.3760121951219512,0.0895341156997392,16.804878048780488,4.782785552297456,22.365853658536587,6.050226391278858,0.7536585365853659,0.1105451384832296,10.097560975609756,3.717193140249116,32.91463414634146,4.851374298129143,43.01219512195122,6.2548626070492,28.87804878048781,4.932608164676479,14.53658536585366,3.692485268160953,7.536585365853658,2.8982545703148817,4.487804878048781,2.379147593172682,18.59756097560976,3.7444930959502103,3.3292682926829267,14.069540585872048,2.33,0.1299999999999999,-2.2,0.68,25,3.08936170212766,47,2.5702563028629
1610612743,DEN,Denver Nuggets,2024,2023-24,0,82,114.85365853658536,12.357955353695797,109.59756097560977,8.898411227448374,97.51219512195122,4.016152272084377,117.86707317073171,12.475527202576822,112.3890243902439,9.183022527476371,5.469512195121952,13.963432747003736,48.0609756097561,0.5521576303742328,44.02439024390244,5.537694866857704,88.76829268292683,5.880074704505299,0.4970243902439024,0.0619113216096278,11.682926829268292,3.4991288114364107,31.21951219512195,5.447900015044652,0.3732682926829268,0.0883894369394962,15.121951219512194,5.635842623039181,19.853658536585368,6.905217120909489,0.7596219512195121,0.1149048602958227,10.74390243902439,3.5340005505940315,33.68292682926829,4.578203995208213,44.426829268292686,5.4660128059841,29.451219512195124,5.414093266821029,12.634146341463415,3.659967601293393,7.134146341463414,2.5616458594395874,5.560975609756097,2.74017914605673,18.15853658536585,3.515291155232009,5.2560975609756095,13.64525058748657,9.55,8.45,-1.0999999999999996,0.5,22,1.7076923076923085,52,3.332649248065583
1610612743,DEN,Denver Nuggets,2025,2024-25,3,82,120.7560975609756,13.368990262257642,116.86585365853658,12.029554341592714,101.5609756097561,5.520103687019579,118.92439024390244,11.931694083309438,115.1670731707317,11.160391325477338,3.747560975609756,15.117671987558024,48.426829268292686,1.6103867168783477,45.41463414634146,5.582050642073349,89.7439024390244,7.198784149072136,0.5073536585365854,0.0597443880212201,12.0,3.406602159279087,31.92682926829268,5.410963921805745,0.3766951219512194,0.0906802398642438,17.926829268292682,6.251479800726054,23.28048780487805,7.510115631343218,0.7713780487804878,0.1084011343665194,11.207317073170731,3.4844905215138304,34.53658536585366,5.077656507064437,45.74390243902439,6.472755773162334,31.0,5.997942033895902,14.25609756097561,4.591486957859241,8.0,2.935521069693979,4.902439024390244,2.3233105163742818,17.609756097560975,3.757317461657773,3.890243902439024,14.905468461716794,2.49,3.97,1.4800000000000004,0.5714285714285714,21,-1.1883720930232555,43,1.2628010604755338
1610612744,GSW,Golden State Warriors,2013,2012-13,3,82,101.17073170731707,10.37066717861486,100.28048780487804,12.161743692236405,96.2560975609756,5.321308146069543,105.22073170731706,10.295650979303067,104.1951219512195,11.382571716173512,1.030487804878049,13.321714280228614,48.30487804878049,1.437496317893246,38.170731707317074,4.990867902575417,83.41463414634147,7.314709042950182,0.4585487804878048,0.0533342945374087,8.024390243902438,2.779890795244283,19.902439024390244,3.779769919503596,0.400109756097561,0.1089456774928873,16.804878048780488,5.453369157697788,21.26829268292683,6.616568765928969,0.7926341463414636,0.0806442442352497,10.792682926829269,3.3175098681667734,34.15853658536585,5.861507647871186,44.95121951219512,6.763924711790859,22.5,4.774546711081199,15.073170731707316,3.4202753762677007,6.914634146341464,2.8030020040786656,4.219512195121951,2.1546641355177565,21.37804878048781,4.296539646723011,0.8902439024390244,12.87643660695239,-2.03,4.09,6.119999999999999,0.7222222222222222,18,-2.857894736842105,38,-0.7037567497849836
1610612744,GSW,Golden State Warriors,2014,2013-14,3,82,104.2560975609756,11.987453292288931,99.45121951219512,12.73388833289645,98.10975609756098,5.300841064317991,106.22926829268292,10.521154325780202,101.33170731707318,11.303499709871138,4.909756097560976,13.16697711547834,48.36585365853659,1.3100956059915252,39.46341463414634,5.1882943317500425,85.42682926829268,6.2460466268126735,0.4623170731707317,0.0543063732359652,9.439024390243905,3.277674427657323,24.841463414634145,5.419374279846774,0.3790487804878049,0.1055463039733985,15.890243902439025,5.130413064401551,21.10975609756097,6.731180619502776,0.7560487804878048,0.1027727809522894,10.926829268292684,3.4810970592505623,34.3780487804878,5.772733361824959,45.30487804878049,6.943669333436377,23.317073170731707,4.750251582110717,15.207317073170731,3.930689019730302,7.829268292682927,3.2576780265491627,4.963414634146342,2.441640421809245,21.75609756097561,4.361902902247591,4.804878048780488,13.072862310805924,7.31,6.960000000000001,-0.3499999999999987,0.5172413793103449,29,0.6813953488372091,43,2.4591913406340464
1610612744,GSW,Golden State Warriors,2015,2014-15,3,82,109.95121951219512,10.87629934230013,99.85365853658536,11.161134009400229,99.63414634146342,4.2644444303223645,110.35243902439022,9.650883994689403,100.41829268292682,10.308597970180523,9.930487804878048,12.101073200283306,48.1219512195122,0.7760336619661978,41.58536585365854,4.248314755236525,87.03658536585365,7.295263340597931,0.4792317073170732,0.0469231835564657,10.768292682926829,3.015592321432325,27.036585365853657,4.517305877827765,0.3978780487804877,0.0869030096857527,16.01219512195122,5.273960964754449,20.841463414634145,6.2251372382018575,0.7673780487804879,0.1149711332792008,10.402439024390244,3.826030906335713,34.31707317073171,4.553869738971265,44.71951219512195,5.886318915620581,27.414634146341463,4.82266055230619,14.451219512195122,3.900466698965398,9.292682926829269,3.25647618715118,6.048780487804878,2.438894907734361,19.853658536585368,4.422506834000156,10.097560975609756,12.29333831053322,9.59,4.209999999999999,-5.380000000000001,0.8125,16,8.555813953488371,43,8.707925878767584
1610612744,GSW,Golden State Warriors,2016,2015-16,3,82,114.89024390243902,11.6279846534243,104.13414634146342,11.601151704344216,101.2560975609756,5.887444216106998,113.55487804878052,10.67991252147815,102.82073170731708,9.856535562009354,10.723170731707317,12.342872174905091,48.48780487804878,1.6868694244915796,42.54878048780488,4.629887978338164,87.3048780487805,6.278886872313807,0.4884756097560976,0.0520994361737591,13.134146341463415,4.008516227819236,31.60975609756097,5.989200357930222,0.4142317073170731,0.0940182933054064,16.658536585365855,6.0209910840697525,21.82926829268293,7.726505411746481,0.7678414634146341,0.1046060770031078,9.951219512195122,3.5828895126505773,36.24390243902439,5.250657749766134,46.19512195121951,6.5043936231363935,28.9390243902439,5.06585656529461,15.182926829268292,4.355011442148759,8.402439024390244,3.026058660164173,6.073170731707317,2.571354486728102,20.74390243902439,3.974644873055649,10.75609756097561,12.597825577230182,16.360000000000003,7.25,-9.110000000000005,0.8666666666666667,15,9.055263157894736,38,10.287621152942446
1610612744,GSW,Golden State Warriors,2017,2016-17,3,82,115.89024390243902,12.54326448299622,104.2560975609756,11.141969344745712,100.96341463414636,5.114600552693275,114.82682926829268,11.504352893637911,103.40121951219513,9.577539232688563,11.423170731707316,14.746318216200738,48.24390243902439,1.3385174737004315,43.073170731707314,4.890859420564588,87.07317073170732,6.531557747770903,0.4959634146341464,0.0552307047189503,11.975609756097562,3.4389763397823274,31.24390243902439,5.596650178895608,0.3859512195121951,0.0990236163924177,17.76829268292683,6.371810565968497,22.5609756097561,7.39719259555232,0.7842317073170731,0.0990979436669822,9.390243902439025,3.509268495267346,35.03658536585366,5.329732863273475,44.426829268292686,5.92969194920496,30.37804878048781,5.530254038105858,14.768292682926829,3.4004312743460554,9.573170731707316,2.9732572976695333,6.7682926829268295,3.128123251052132,19.32926829268293,3.648286856712172,11.634146341463415,14.86192599645143,7.81,12.23,4.42,0.4545454545454545,11,7.905405405405405,37,9.993248226338586
1610612744,GSW,Golden State Warriors,2018,2017-18,3,82,113.46341463414636,14.121339356922324,107.48780487804878,11.858469809931732,100.6219512195122,5.299988921261281,112.66585365853656,12.09138270348034,106.86463414634149,10.72382108921011,5.807317073170733,15.15499983086546,48.1219512195122,0.7760336619661978,42.79268292682927,5.658464226660469,85.10975609756098,5.912961484740459,0.5035243902439025,0.0633247997388802,11.292682926829269,3.649751572394858,28.890243902439025,5.960789776077663,0.3888048780487805,0.092615951886336,16.585365853658537,5.381613002295312,20.341463414634145,6.154832513080846,0.8139268292682925,0.0954792693533109,8.426829268292684,3.6986166509905622,35.08536585365854,4.922112412901537,43.51219512195122,6.074118139395541,29.29268292682927,5.75741669796671,15.426829268292684,3.6312446861222143,8.0,2.5772030010540448,7.463414634146342,2.9863687101343697,19.59756097560976,3.606782897071356,5.975609756097561,15.39598762044165,8.91,-5.68,-14.59,0.7333333333333333,15,2.4122448979591837,49,3.4685192558534874
1610612744,GSW,Golden State Warriors,2019,2018-19,3,82,117.6829268292683,13.393270881609174,111.21951219512196,11.81234381593151,102.3170731707317,5.241991066403964,115.07560975609756,12.375110035431582,108.6280487804878,10.914315827064,6.447560975609758,16.032014464965968,48.30487804878049,1.203790560412963,44.04878048780488,5.230259628200115,89.76829268292683,6.400807781753654,0.4914024390243903,0.0540155121195131,13.25609756097561,4.373915316994705,34.4390243902439,7.151098613647683,0.3844999999999999,0.100434150160782,16.329268292682926,5.663517377710093,20.390243902439025,6.929550423770625,0.8035853658536586,0.1096103031134844,9.71951219512195,3.35649137150834,36.46341463414634,4.486454570825329,46.18292682926829,5.854465529538564,29.42682926829268,5.568940515422837,14.25609756097561,3.325215951809268,7.621951219512195,2.921357049375644,6.402439024390244,2.3615215648336445,21.42682926829268,3.5660625580634,6.463414634146342,16.216281348968973,13.16,13.719999999999995,0.5599999999999952,0.5454545454545454,22,2.551351351351351,37,3.9869834869949674
1610612744,GSW,Golden State Warriors,2020,2019-20,2,65,106.33846153846154,12.372192766286576,115.04615384615384,12.50553723509956,101.8923076923077,5.39132137363802,104.32615384615386,10.615853076341136,112.9953846153846,10.999764639090449,-8.66769230769231,14.179288457247992,48.38461538461539,1.3427153888239367,38.61538461538461,4.752276782278639,88.15384615384616,8.295764674727794,0.4390307692307692,0.0462526922293344,10.430769230769233,3.88896367449459,31.26153846153846,6.659760044187316,0.3317538461538462,0.0964755524033859,18.67692307692308,6.317405747980368,23.246153846153845,6.85116497673655,0.8001846153846154,0.096405214509462,9.953846153846154,3.9387131830664615,32.89230769230769,5.093264783402308,42.84615384615385,7.368070408082536,25.584615384615383,5.018379680273765,14.907692307692308,4.798186756874534,8.215384615384615,2.7866439699725936,4.6,2.454587541726716,20.06153846153846,4.076904934647588,-8.707692307692307,14.338238948833506,-9.06,-8.88,0.1799999999999997,0.25,12,-11.620588235294116,34,-10.372875095401936
1610612744,GSW,Golden State Warriors,2021,2020-21,3,72,113.70833333333331,12.983670676097423,112.65277777777776,11.8537564287043,102.94444444444444,4.493779390239102,110.55555555555556,12.45918281055099,109.44583333333334,11.08279897402238,1.0958333333333334,17.701201021558784,48.06944444444444,0.5892556509887895,41.29166666666666,5.276676023706111,88.15277777777777,6.101626941251279,0.4691666666666667,0.0575812958676931,14.555555555555555,4.083249496121237,38.73611111111112,6.255123095929201,0.3741944444444444,0.0795488403238545,16.569444444444443,5.845008437177222,21.11111111111111,6.917126236217041,0.782875,0.0890628734239762,7.972222222222222,3.1843464946216327,35.05555555555556,4.935895794346226,43.02777777777778,5.453961532741681,27.65277777777778,5.571961300893443,15.0,3.3314548697672275,8.152777777777779,3.1068290170962176,4.75,2.453798435194582,21.194444444444443,3.825926708650951,1.0555555555555556,18.56309293747464,-2.56,10.45,13.009999999999998,0.4444444444444444,18,-5.283333333333334,36,-2.479942974603806
1610612744,GSW,Golden State Warriors,2022,2021-22,3,82,111.0,11.77777777777778,105.46341463414636,11.129091143386685,99.03658536585364,4.754322586663089,112.13536585365854,11.306246191858657,106.65487804878047,10.66233884933464,5.484146341463414,14.724066714746137,48.1219512195122,0.7760336619661978,40.52439024390244,4.879348291223341,86.42682926829268,5.524424974947541,0.4691829268292682,0.0514402753407326,14.341463414634148,3.5736329068562678,39.40243902439025,5.546347382409393,0.3645243902439024,0.0826641614927691,15.609756097560975,5.557235518352973,20.304878048780488,6.915163200077763,0.7717073170731706,0.0989370030023317,9.75609756097561,3.469660301477408,35.73170731707317,4.377407712750721,45.48780487804878,5.471009797868304,27.10975609756097,5.077196897387268,14.890243902439025,3.4995805659118693,8.768292682926829,3.267115541676151,4.536585365853658,2.217746169621225,21.01219512195122,3.716808342886903,5.536585365853658,14.720603786891605,13.52,3.2,-10.32,0.4761904761904761,21,1.2839999999999998,50,2.993076873861962
1610612744,GSW,Golden State Warriors,2023,2022-23,3,82,118.9390243902439,11.464758197097586,117.13414634146342,11.256561537935648,103.3170731707317,5.431681295720843,115.24999999999996,10.806767998245416,113.52073170731708,10.995214871719355,1.7268292682926825,15.36233206946348,48.36585365853659,1.527623791205016,43.14634146341464,5.322029574846754,90.15853658536584,7.965154842131998,0.4797926829268293,0.0535584918062942,16.621951219512194,4.135484039928659,43.170731707317074,6.612380602761184,0.3846341463414634,0.0727075169233794,16.024390243902438,4.911502271391,20.182926829268293,5.810012746805013,0.7935243902439024,0.1059058778034879,10.53658536585366,4.012927018780033,34.0609756097561,5.95113343489218,44.59756097560975,7.665635608764581,29.82926829268293,5.134739773777667,16.29268292682927,3.4587081184801804,7.170731707317073,2.6611279426458214,3.951219512195122,1.904526375940121,21.414634146341463,3.5519120898648766,1.804878048780488,15.782033091571655,-4.64,12.78,17.419999999999998,0.45,20,-1.7571428571428571,49,0.0265472513522753
1610612744,GSW,Golden State Warriors,2024,2023-24,1,82,117.76829268292684,11.722405243950687,115.15853658536584,13.101191645164816,100.7439024390244,5.260641127921966,116.96951219512192,10.844793812955986,114.46463414634144,11.54723388341666,2.508536585365854,13.518119538481292,48.36585365853659,1.527623791205016,43.68292682926829,5.265489903181457,91.64634146341464,8.176104827701772,0.4779390243902439,0.0531137487864257,14.768292682926829,3.814523190719699,38.91463414634146,6.338596681379089,0.3790609756097561,0.0783485954495227,15.634146341463415,5.738137941880464,20.04878048780488,7.041153172641696,0.777219512195122,0.1070879440587131,12.146341463414634,3.919315735250293,34.5609756097561,5.072553989333816,46.707317073170735,6.368300749920131,29.29268292682927,5.167533511219976,14.317073170731708,4.008873025284232,6.975609756097561,2.5914179814286125,4.597560975609756,2.493744054592676,19.48780487804878,4.630131860744049,2.609756097560976,13.579901722912972,3.120000000000001,8.23,5.109999999999999,0.4230769230769231,26,-0.1754716981132069,53,0.036115909653132
1610612744,GSW,Golden State Warriors,2025,2024-25,3,82,113.79268292682929,13.525228192208436,110.48780487804878,11.890699656951552,99.67073170731707,4.529886701902008,114.15609756097562,12.484559328225965,111.05243902439024,11.561528644387884,3.1085365853658526,16.665919992307746,48.1219512195122,0.7760336619661978,40.75609756097561,5.210532959185597,90.39024390243902,6.868708969139698,0.4515853658536585,0.0520196902937681,15.414634146341465,4.02753246613025,42.3780487804878,5.813225117711856,0.3630487804878048,0.0784618964595254,16.865853658536587,6.584235184588572,22.085365853658537,7.82241353855716,0.7576341463414634,0.1066125455517096,12.548780487804878,3.4930351831502766,32.829268292682926,5.401885537405355,45.3780487804878,6.72684000052423,29.09756097560976,5.191659398597994,14.048780487804878,3.477981673200816,9.402439024390244,3.513149043228849,4.780487804878049,2.1489267504644705,19.15853658536585,4.167687318533474,3.304878048780488,17.02988587595076,11.65,11.68,0.0300000000000011,0.5238095238095238,21,-2.417777777777778,45,0.6762689291965991
1610612745,HOU,Houston Rockets,2013,2012-13,3,82,105.95121951219512,13.39052773651325,102.47560975609755,11.94041338672282,97.41463414634148,5.251575235783188,108.8109756097561,12.948683198198149,105.24390243902435,10.490561278643847,3.5585365853658537,14.97510651434336,48.24390243902439,1.0836720337741033,38.09756097560975,5.63632345823638,82.70731707317073,6.231120234733471,0.4610853658536585,0.0635178989490485,10.573170731707316,3.307419596943197,28.890243902439025,5.120778532536176,0.3658170731707317,0.0885942516944707,19.182926829268293,5.48427167200511,25.451219512195124,6.815292243988705,0.7551219512195122,0.0860682173087931,11.085365853658535,3.709185193916617,32.34146341463415,4.769293532059154,43.426829268292686,5.050438161665956,23.195121951219512,4.887472078516422,16.4390243902439,3.938093669846388,8.28048780487805,2.718361844408024,4.378048780487805,2.5850483860239275,20.26829268292683,4.10675078223079,3.475609756097561,14.65422503416685,-1.19,4.83,6.02,0.4375,16,-0.3473684210526315,38,1.3631808249542652
1610612745,HOU,Houston Rockets,2014,2013-14,3,82,107.67073170731707,12.385829097034948,103.10975609756098,11.33878528730609,98.04878048780488,6.063251865607054,109.76951219512196,10.12561461660708,105.26097560975607,9.879917979586086,4.507317073170731,13.596330119301982,48.36585365853659,1.527623791205016,38.02439024390244,5.211515288178284,80.52439024390245,7.6630033272847875,0.4735365853658537,0.0578832787048939,9.5,3.334259130694146,26.57317073170732,5.438841760787482,0.3565975609756097,0.0981448739887825,22.121951219512194,7.1256626183589065,31.085365853658537,9.559690603382512,0.7139024390243903,0.0973767799730938,11.21951219512195,3.5695017816195644,34.109756097560975,4.976503054939941,45.329268292682926,6.899731392246736,21.402439024390244,5.710851174580843,16.134146341463413,3.8642463533727183,7.573170731707317,3.15849037156692,5.621951219512195,2.950790828932069,20.4390243902439,4.106897423097175,4.560975609756097,13.275892530945892,1.8,0.95,-0.8500000000000001,0.55,20,0.3181818181818183,44,2.7086122680801843
1610612745,HOU,Houston Rockets,2015,2014-15,3,82,103.92682926829268,10.04899170398638,100.48780487804878,11.53549958508546,98.01219512195122,5.126772869966333,106.08170731707318,9.432477752703925,102.63170731707316,10.907069607344216,3.4560975609756093,12.45865357012899,48.30487804878049,1.203790560412963,36.97560975609756,4.396900170016239,83.3170731707317,6.843719385803087,0.444719512195122,0.047795416483133,11.378048780487806,3.218926452058811,32.68292682926829,5.877091009616976,0.3484756097560975,0.0777130247293629,18.59756097560976,7.289193347465129,26.01219512195122,10.042494774446771,0.7179146341463416,0.103136515215767,11.682926829268292,3.813161252205404,32.0,4.575835618216445,43.68292682926829,5.693570228353842,22.195121951219512,4.264232593864214,16.658536585365855,4.052798186515126,9.475609756097562,3.1317790067410782,4.963414634146342,2.636145343185857,21.98780487804878,3.93306308688381,3.4390243902439024,12.134124476624288,9.929999999999998,4.33,-5.599999999999998,0.7391304347826086,23,-1.1977272727272732,44,0.9374699155185812
1610612745,HOU,Houston Rockets,2016,2015-16,1,82,106.54878048780488,11.508614528733364,106.35365853658536,11.197852474028734,99.2560975609756,5.381291266421848,107.4280487804878,10.815104599760648,107.47560975609755,11.126173801031864,-0.0500000000000001,13.098979792523473,48.36585365853659,1.3100956059915254,37.73170731707317,5.0773006838542445,83.5,7.201251605891716,0.4524999999999999,0.0523660548800814,10.707317073170731,3.622589636710347,30.890243902439025,6.303058433712123,0.3480609756097561,0.0979798855095704,20.37804878048781,6.500978547239266,29.353658536585368,9.489919214449513,0.6995609756097562,0.0966583773662987,11.341463414634148,4.0283547853215165,31.71951219512195,5.242924427190627,43.0609756097561,6.424005060065212,22.20731707317073,4.418641221450598,15.939024390243905,3.935741764136168,10.01219512195122,3.643000738568478,5.243902439024391,2.5654926396681605,21.82926829268293,4.460539960805776,0.1951219512195122,13.066250016401687,-7.1,7.24,14.34,0.5862068965517241,29,-4.71025641025641,39,-2.554214043841531
1610612745,HOU,Houston Rockets,2017,2016-17,3,82,115.34146341463416,12.102667303395137,109.57317073170732,11.040923301663083,101.08536585365852,5.818661378261242,114.12682926829268,10.216859085620642,108.59756097560977,10.60570514544123,5.529268292682927,13.93937922883064,48.24390243902439,1.3385174737004315,40.30487804878049,4.697488229251526,87.21951219512195,6.592222110313131,0.463280487804878,0.0526533678451637,14.402439024390244,4.112191317838663,40.31707317073171,7.077835424116348,0.3561829268292683,0.0826572766543908,20.32926829268293,6.170529076799186,26.54878048780488,7.398952943982608,0.7647560975609756,0.0843233870544586,10.878048780487806,3.7396449422221063,33.48780487804878,5.969560445466205,44.36585365853659,7.268250243899794,25.24390243902439,4.665505081915215,15.121951219512194,4.269877969466375,8.170731707317072,3.078419018835065,4.2926829268292686,2.1400807927407777,19.92682926829268,3.832223632630384,5.7682926829268295,14.237230605728298,3.62,-2.68,-6.3,0.7142857142857143,21,0.6394736842105264,38,1.998945614416122
1610612745,HOU,Houston Rockets,2018,2017-18,3,82,112.35365853658536,11.598607782800796,103.8780487804878,11.405424574560394,98.51219512195122,4.76935666764248,114.01707317073172,10.064113054553136,105.73902439024388,10.734515187952615,8.273170731707317,12.106809111379418,48.18292682926829,1.228549770172061,38.707317073170735,4.514688797166474,84.21951219512195,6.840374674316798,0.4603048780487805,0.0466107307690455,15.317073170731708,3.291883204431315,42.31707317073171,6.537410006991929,0.3638292682926829,0.0682080703523152,19.621951219512194,6.691878704084802,25.134146341463413,7.897119642311774,0.7802317073170731,0.0830618241826848,9.01219512195122,3.1011503339174253,34.451219512195124,4.753562508174342,43.46341463414634,5.126053332167706,21.54878048780488,4.677639055806326,13.841463414634148,3.4586428230821022,8.524390243902438,3.139653239310596,4.780487804878049,2.090687111601082,19.47560975609756,4.889458577303105,8.475609756097562,11.744424061536078,4.54,5.729999999999999,1.1899999999999986,0.75,16,7.461224489795917,49,7.362356038896477
1610612745,HOU,Houston Rockets,2019,2018-19,3,82,113.91463414634148,13.702483526819885,109.14634146341464,12.23546953920961,99.14634146341464,5.491007128876329,114.85121951219512,11.76870975759989,110.12439024390248,10.807022876387736,4.726829268292683,13.542553407142451,48.36585365853659,1.3100956059915252,39.24390243902439,4.728586497249394,87.35365853658537,7.879292992064883,0.4507926829268293,0.0516442574592326,16.134146341463413,4.3083673832652645,45.3780487804878,7.729437466798386,0.3536341463414634,0.062729777557968,19.29268292682927,6.250901771740764,24.402439024390244,7.481433407413943,0.7921463414634144,0.0957054537387434,10.195121951219512,3.75298736774788,31.865853658536587,4.938541282910485,42.0609756097561,5.905317881651113,21.23170731707317,4.782423530686024,13.341463414634148,3.642070745257401,8.536585365853659,2.7406186647292268,4.939024390243903,2.116061803197942,21.98780487804878,3.4120118334467784,4.7682926829268295,13.897596186575973,-5.75,16.380000000000003,22.130000000000003,0.52,25,2.03421052631579,38,3.3196049044079063
1610612745,HOU,Houston Rockets,2020,2019-20,3,72,117.80555555555556,13.722233309886354,114.84722222222224,11.330700812733,104.70833333333331,5.519332221293993,112.57777777777775,12.312151586230415,109.87222222222222,9.511419707453255,2.7,14.38188414462082,48.27777777777778,1.426334040466039,40.77777777777778,5.407929030657297,90.44444444444444,7.222595391827872,0.4516527777777777,0.0553251998519133,15.63888888888889,3.976358145358199,45.29166666666666,6.77700648527124,0.346375,0.0761113782650692,20.61111111111111,6.19530843746845,26.05555555555556,7.604462901812272,0.79375,0.0964913701169294,9.77777777777778,4.007817087776921,34.5,5.507996747367784,44.27777777777778,7.498774026038105,21.625,4.397302310011651,14.680555555555555,4.161616657999355,8.708333333333334,2.6132786594836523,5.152777777777778,2.053233260777058,21.75,3.4344977286187457,2.958333333333333,15.259665604665038,2.1,-4.05,-6.15,0.5333333333333333,15,-0.1676470588235294,34,1.1913484124278444
1610612745,HOU,Houston Rockets,2021,2020-21,2,72,108.79166666666669,13.13841534381064,116.69444444444444,11.911219576503784,101.66666666666669,4.459520595721245,107.04444444444444,12.1340736502208,114.39166666666668,10.549384202040114,-7.356944444444445,14.725543834993218,48.06944444444444,0.5892556509887894,39.25,5.327975595257731,88.5,6.408620954246808,0.4441111111111111,0.056580381698202,13.77777777777778,4.36123196905988,40.59722222222222,6.427624629087869,0.3386388888888889,0.0863209382586092,16.51388888888889,5.178484893315548,22.30555555555556,6.475607294135124,0.7410972222222223,0.0890934245723803,9.319444444444445,2.963754703164903,33.27777777777778,4.594001668502466,42.59722222222222,5.3091993566899225,23.59722222222222,4.952335406461356,14.72222222222222,3.553305234674728,7.583333333333333,2.366134304999565,5.013888888888889,2.1979058890998022,19.541666666666668,3.778879407637241,-7.902777777777778,15.259409216613289,-1.13,-10.83,-9.7,0.3846153846153846,13,-10.61025641025641,39,-9.022531039689042
1610612745,HOU,Houston Rockets,2022,2021-22,2,82,109.71951219512196,11.931154767251003,118.1951219512195,12.17510009530202,101.5,4.886994582499833,108.15609756097562,11.01703616303064,116.40609756097562,11.185686925279304,-8.25,13.176468456595428,48.18292682926829,0.944484296943331,39.3780487804878,4.731403476959941,86.3780487804878,6.940025694445691,0.4569756097560976,0.0508993137332174,13.475609756097562,3.8175216889795887,38.65853658536585,5.913407056609878,0.3458536585365853,0.075157139406272,17.48780487804878,4.76935666764248,24.51219512195122,5.892543734683781,0.712719512195122,0.1008537964409334,9.585365853658535,3.307123697179962,32.4390243902439,5.7779862376403015,42.02439024390244,6.075605156580625,23.5609756097561,4.621734912815321,16.475609756097562,4.172886053880345,7.317073170731708,2.7165612284946183,4.658536585365853,2.0621187246246167,20.634146341463413,3.929980350913565,-8.475609756097562,13.490944022241797,-7.109999999999999,-3.71,3.4,0.3888888888888889,18,-12.498,50,-10.983289329504515
1610612745,HOU,Houston Rockets,2023,2022-23,2,82,110.7439024390244,10.962124439965,118.59756097560977,12.29760566487756,100.2439024390244,3.837955267110295,110.4439024390244,9.670958147801963,118.6621951219512,11.862542356987982,-8.220731707317073,12.500288765107827,48.18292682926829,1.228549770172061,40.59756097560975,4.873358555180111,88.86585365853658,6.29474049538547,0.4572073170731707,0.0487117340301,10.439024390243905,3.735374974072701,31.9390243902439,6.844566306591213,0.3231463414634146,0.077375167795541,19.10975609756097,6.263762324537521,25.341463414634145,7.3572329611290685,0.7520975609756098,0.0880274381685672,13.414634146341465,3.684975231543794,32.86585365853659,5.32583314092607,46.28048780487805,6.590817387333894,22.37804878048781,4.141450345054743,16.24390243902439,3.9301335874313112,7.317073170731708,2.8712196779460104,4.560975609756097,2.7981367741418897,20.47560975609756,4.043667842888106,-7.853658536585366,12.637512209486731,-9.44,-8.370000000000001,1.0700000000000005,0.5294117647058824,17,-10.780769230769229,52,-9.425093055914594
1610612745,HOU,Houston Rockets,2024,2023-24,1,82,114.32926829268293,12.58752554944754,113.20731707317071,13.304355366773091,100.58536585365852,4.873590253936422,113.6963414634146,11.588462175183858,112.8658536585366,12.694600966817148,0.8304878048780484,14.213449455994876,48.426829268292686,1.4057245204096498,41.76829268292683,6.031396825476296,90.96341463414636,7.09276299912513,0.4594756097560976,0.0580511110706521,12.71951219512195,3.34174638399014,36.14634146341464,5.756632141309563,0.3520609756097561,0.0725994163090802,18.07317073170732,5.654192125120508,23.353658536585368,6.3603166922074825,0.7695975609756098,0.109588327277403,11.46341463414634,4.019075263553071,33.98780487804878,6.179404067393883,45.45121951219512,7.677371655160797,24.817073170731707,4.886686495792439,12.74390243902439,3.971537549725908,7.792682926829267,2.5421765967061987,4.573170731707317,2.469720271084237,20.75609756097561,4.367559918843167,1.1219512195121952,14.552069339845284,4.050000000000002,-4.869999999999999,-8.920000000000002,0.4761904761904761,21,-3.325,52,-2.447504387993146
1610612745,HOU,Houston Rockets,2025,2024-25,1,82,114.29268292682929,13.615974464366213,109.78048780487804,11.602494825633917,99.51219512195122,5.256962232323405,114.74756097560974,11.204686250748724,110.340243902439,11.16549866479793,4.403658536585366,13.808598547907454,48.24390243902439,1.0836720337741033,42.48780487804878,5.668287137448887,93.40243902439023,6.9581815349999205,0.4551219512195122,0.0514067272928412,12.658536585365852,3.4648838442580643,35.829268292682926,6.042656757798053,0.3525365853658537,0.0771124231591789,16.658536585365855,5.8778082590999645,22.57317073170732,7.318217565832625,0.7403170731707317,0.1185135172838197,14.634146341463415,4.33051815997524,33.84146341463415,5.618464954884232,48.47560975609756,7.395737193542846,23.341463414634145,5.611319054882018,13.902439024390244,3.92085199892455,8.402439024390244,3.593065186509657,5.012195121951219,2.401100069073404,18.98780487804878,3.9705517931018486,4.512195121951219,14.010792931834422,4.4,4.659999999999999,0.2599999999999989,0.625,24,-1.271111111111111,45,2.2385190706972637
1610612746,LAC,LA Clippers,2013,2012-13,3,82,101.08536585365852,10.66458454159118,94.63414634146342,11.553965911089408,92.09756097560977,4.705158073458964,109.83048780487805,10.950784277955554,102.85487804878048,11.6265463852832,6.985365853658536,15.145509230940329,48.1219512195122,0.7760336619661978,38.53658536585366,5.033701536572204,80.58536585365853,5.6041237451468175,0.478,0.0507348469137143,7.646341463414634,3.1402286274379048,21.365853658536587,5.5255013629220215,0.3543780487804878,0.0991435721933441,16.365853658536587,5.804451665645397,23.02439024390244,7.425308090637809,0.717329268292683,0.1157314958548075,11.439024390243905,3.131274189332593,30.182926829268293,4.516439242000131,41.6219512195122,5.385486311597672,23.87804878048781,5.6925123961487465,14.597560975609756,3.9498703091619394,9.560975609756095,2.758141980497552,5.621951219512195,2.688063435752237,20.92682926829268,4.171568931853682,6.451219512195122,13.90457109226536,9.36,6.4300000000000015,-2.929999999999998,0.5,16,2.2162162162162167,37,4.880542706673275
1610612746,LAC,LA Clippers,2014,2013-14,3,82,107.92682926829268,11.385262824170072,100.95121951219512,11.214961830733074,97.0,5.038126243890948,111.29268292682929,10.460363524214504,104.14268292682928,11.468841637912147,7.150000000000002,13.721626167891255,48.18292682926829,0.944484296943331,39.1219512195122,5.264346052038732,82.45121951219512,7.311672452317933,0.4753658536585366,0.0558694492799286,8.451219512195122,3.143295585274267,23.97560975609756,5.811813447585295,0.3512560975609756,0.1021530938933832,21.23170731707317,6.8227990716815325,29.07317073170732,9.202496290164468,0.7315609756097561,0.0946924974619407,10.46341463414634,3.2818058938214905,32.53658536585366,4.8027644353036685,43.0,5.8668350144195935,24.585365853658537,4.692918804063808,13.853658536585366,3.975610679760406,8.573170731707316,3.05517366423563,4.841463414634147,2.5066307729656394,21.54878048780488,4.000470463149073,6.975609756097561,13.837661625189314,4.11,6.38,2.27,0.4705882352941176,17,3.516279069767441,43,5.054185049034229
1610612746,LAC,LA Clippers,2015,2014-15,3,82,106.71951219512196,10.366463485258963,100.13414634146342,11.934763203309084,95.65853658536584,4.69888222115373,111.59634146341465,9.763480015108346,104.73902439024393,11.682209288111972,6.862195121951219,14.314540998957671,48.1219512195122,0.7760336619661978,39.36585365853659,4.062816012770997,83.29268292682927,5.996887680192177,0.4735,0.0454880936802881,10.085365853658535,3.190267682999344,26.853658536585368,5.028614298045384,0.3724756097560975,0.0857173399070148,17.902439024390244,6.836015293197395,25.20731707317073,9.076815949151255,0.7114512195121951,0.1160054439377126,9.560975609756095,3.185993889059765,33.0609756097561,6.12492894587279,42.6219512195122,6.615806444506319,24.76829268292683,5.075476698375066,12.341463414634148,3.5144130472308204,7.804878048780488,2.5261057932658826,4.987804878048781,2.7954720992622497,21.32926829268293,3.787747883095681,6.585365853658536,13.735554674281548,1.53,10.489999999999998,8.959999999999999,0.5,24,1.088372093023256,43,3.6401498729396655
1610612746,LAC,LA Clippers,2016,2015-16,3,82,104.5,11.041168751876198,100.21951219512196,12.529495462676543,97.5,4.96966104117751,107.209756097561,10.19116792342668,102.69878048780488,11.720726538623568,4.510975609756098,13.052883945065489,48.36585365853659,1.3100956059915252,38.30487804878049,4.30242258598584,82.42682926829268,6.701815651912489,0.4662073170731707,0.0523689988883202,9.71951219512195,3.209839772332409,26.70731707317073,6.042008914705763,0.365170731707317,0.0944412816304459,18.170731707317078,6.048782916144086,26.24390243902439,9.407851955155197,0.7067682926829268,0.1064982813030608,8.792682926829269,3.1573461464253305,33.25609756097561,5.06211046508615,42.04878048780488,5.818027409601457,22.841463414634145,3.821542291575393,12.96341463414634,3.21817800592321,8.646341463414634,2.821311975779941,5.609756097560975,2.3399699141306143,21.29268292682927,4.569052647513956,4.280487804878049,12.735945427487833,1.6400000000000006,11.94,10.3,0.6666666666666666,24,-1.0078947368421054,38,1.764099368362103
1610612746,LAC,LA Clippers,2017,2016-17,3,82,108.67073170731707,11.940236858962136,104.3780487804878,13.965248088395372,97.17073170731707,4.6449358539838,111.81585365853658,10.921193231874868,107.44390243902438,13.003912968187365,4.365853658536585,15.361875363846991,48.18292682926829,1.228549770172061,39.53658536585366,4.776989914242111,83.17073170731707,7.430010680830402,0.4763292682926829,0.0498196884275037,10.25609756097561,2.9389297439284023,27.37804878048781,4.731403476959941,0.3736829268292683,0.0837068485551308,19.341463414634145,6.930375993568115,25.951219512195124,9.143441877030057,0.7488780487804877,0.098332566254874,9.0,3.220305943597653,34.02439024390244,5.077122762897631,43.02439024390244,5.693781771211051,22.536585365853657,4.774404809266404,12.951219512195122,3.6545335924547206,7.463414634146342,3.3117639995807373,4.2317073170731705,2.1099340606852213,19.82926829268293,3.841954486040848,4.2926829268292686,14.965382115029364,15.64,10.55,-5.09,0.4210526315789473,19,1.8615384615384611,39,1.8995129565963584
1610612746,LAC,LA Clippers,2018,2017-18,1,82,108.98780487804878,11.260653559129745,108.95121951219512,11.11544630874431,99.59756097560977,5.06466762732249,109.4426829268293,10.046448060830464,109.3609756097561,11.092103253756266,0.0853658536585369,13.128661718030289,48.0609756097561,0.5521576303742329,40.26829268292683,4.447356769393117,85.41463414634147,6.926334108710488,0.4729634146341464,0.0520947487038503,9.475609756097562,3.055962032584011,26.78048780487805,5.835236494290004,0.3511585365853658,0.0789629495102788,18.97560975609756,6.146313980715048,25.54878048780488,7.257439672032748,0.7393170731707317,0.1092932263890941,10.146341463414634,3.685547185263373,33.73170731707317,5.542314844828383,43.8780487804878,6.7648150064628645,22.341463414634145,4.8565076925482975,14.682926829268292,3.623919332423568,7.658536585365853,3.088087474753817,4.536585365853658,2.0135045423354327,19.97560975609756,3.8199463823917856,0.0365853658536585,13.190386624638322,3.86,-6.38,-10.239999999999998,0.5789473684210527,19,-4.6755102040816325,49,-2.474765769405386
1610612746,LAC,LA Clippers,2019,2018-19,3,82,115.14634146341464,12.017602266161177,114.29268292682929,10.141575357789815,103.35365853658536,4.9922704481670745,111.51341463414636,11.465070541314349,110.47560975609755,9.42055227569822,1.0353658536585364,14.09257200325646,48.36585365853659,1.3100956059915252,41.26829268292683,5.6591426748681375,87.53658536585365,7.032894706265183,0.472,0.0574602385336649,10.01219512195122,3.7101592340092777,25.82926829268293,5.773085440851997,0.3875365853658536,0.120939755956891,22.59756097560976,6.681205916317508,28.536585365853657,7.495175603822027,0.7894512195121951,0.094886957102249,9.707317073170731,3.57455964611804,35.80487804878049,5.432956188660761,45.51219512195122,5.6464648668278805,24.02439024390244,5.0892663852127775,14.548780487804878,4.372056156734411,6.841463414634147,2.826110672935868,4.695121951219512,2.2916327910775376,23.32926829268293,3.903322035751689,0.8536585365853658,14.571341695106304,6.34,0.0600000000000005,-6.279999999999999,0.6190476190476191,21,-4.678947368421053,38,-1.5573895332228842
1610612746,LAC,LA Clippers,2020,2019-20,3,72,116.34722222222224,13.562749027736167,109.90277777777776,13.26135943812341,102.72222222222224,5.376585183144771,113.30138888888888,12.172185946652098,106.90694444444443,11.338744824452716,6.386111111111112,14.541463838934158,48.27777777777778,1.4263340404660387,41.55555555555556,5.404455357867244,89.23611111111111,6.538064182545631,0.4665416666666667,0.058131937720143,12.430555555555555,3.895921988145448,33.47222222222222,6.016344457058462,0.3694444444444444,0.0890101891443782,20.80555555555556,6.310373504913794,26.30555555555556,7.7671008764557135,0.7926527777777778,0.0879281332219306,10.65277777777778,3.440273990981001,37.0,5.001408252386747,47.65277777777778,6.472389293080984,23.72222222222222,4.862104749777515,14.59722222222222,4.051289908381372,7.097222222222222,2.7535366360845432,4.694444444444445,2.5155230122261103,22.13888888888889,4.52008212425567,6.444444444444445,15.073424883389308,5.43,6.44,1.0099999999999998,0.6666666666666666,18,3.202777777777778,36,4.074087418393137
1610612746,LAC,LA Clippers,2021,2020-21,0,72,114.01388888888889,12.37500098797043,107.83333333333331,9.704072036238552,97.72222222222224,4.33531915494971,116.69305555555556,11.856231812241296,110.70277777777778,10.226284446646522,5.9875,15.693310115917743,48.0,0.0,41.79166666666666,5.009673740466089,86.69444444444444,6.303674065913027,0.4831111111111111,0.0569176710983073,14.26388888888889,3.548429748159217,34.69444444444444,5.0172628441785205,0.4125555555555555,0.0916132238577079,16.166666666666668,5.616875979995275,19.26388888888889,6.333441437179684,0.8388194444444443,0.097026688123102,9.416666666666666,3.0707617075879936,34.736111111111114,5.082400052862781,44.15277777777778,5.7523044303810025,24.38888888888889,4.748774654568777,13.180555555555555,3.9301162541988495,7.069444444444445,2.927895888671296,4.097222222222222,1.9221446518401808,19.20833333333333,4.430806050090788,6.180555555555555,15.341489716753864,0.5600000000000002,2.11,1.5499999999999998,0.4736842105263157,19,1.3111111111111111,36,4.289166849609628
1610612746,LAC,LA Clippers,2022,2021-22,0,82,108.41463414634148,13.595525062179483,108.39024390243902,12.86564580248834,99.03658536585364,4.91268230761828,109.48048780487804,12.643970299881833,109.58658536585368,12.614842934828816,-0.1121951219512195,15.180570673928855,48.24390243902439,1.0836720337741033,40.0609756097561,5.670690425391985,87.4390243902439,6.627845414529818,0.4587804878048781,0.0592202468693375,12.768292682926829,3.5980062397018515,34.170731707317074,5.568440342955674,0.3730365853658537,0.0832686334201127,15.524390243902438,6.096397660784781,19.585365853658537,7.176696202502733,0.7897439024390244,0.1069709561338398,9.109756097560975,3.5381731268522807,34.8780487804878,5.699014954742724,43.98780487804878,6.790505176645548,24.01219512195122,5.224571345022975,13.731707317073171,3.698677709961768,7.414634146341464,2.8456213689824854,4.951219512195122,2.382562367011826,18.634146341463413,4.0870533172232975,0.024390243902439,15.458407444970469,3.9,6.2,2.3000000000000003,0.6818181818181818,22,-2.65625,48,-2.710253468339253
1610612746,LAC,LA Clippers,2023,2022-23,0,82,113.58536585365852,14.573738616837687,113.08536585365852,13.018696166072033,99.60975609756098,5.701973012569725,114.03658536585368,12.857197745828548,113.59146341463416,11.1165453513233,0.45,13.312921876466072,48.36585365853659,1.527623791205016,41.09756097560975,5.323161030856912,86.09756097560975,6.987837327881026,0.4790609756097562,0.0618788836039684,12.695121951219512,4.299552156955,33.34146341463415,6.204776161530275,0.377,0.0928576502495973,18.695121951219512,5.65617552679216,23.92682926829268,5.883184842958509,0.7750853658536585,0.0999428480163417,9.792682926829269,4.325456672894508,33.4390243902439,4.969282336280499,43.23170731707317,6.633805642012373,23.890243902439025,4.959107091972679,14.231707317073171,4.281163971435358,7.073170731707317,2.896487817028499,4.439024390243903,2.3939097674529037,19.48780487804878,3.7325525057755,0.5,13.232255763572308,-3.85,2.45,6.300000000000001,0.4210526315789473,19,-2.614583333333333,48,-1.6954641485380373
1610612746,LAC,LA Clippers,2024,2023-24,0,82,115.6219512195122,12.947796651208572,112.34146341463416,12.35005824167316,98.04878048780488,3.9624859357132975,117.92926829268292,12.348544051779356,114.66219512195124,12.62646290503883,3.274390243902438,14.097060467386036,48.0609756097561,0.5521576303742329,42.35365853658536,5.692472723617019,86.6829268292683,6.968851418515491,0.4891341463414633,0.0580344219259106,12.634146341463415,3.0490322088194723,33.15853658536585,4.975171719091458,0.3824268292682927,0.0799748464295323,18.28048780487805,5.52943725005706,22.15853658536585,6.525296478189678,0.8299878048780488,0.0949031337086112,10.024390243902438,3.48533297116698,32.9390243902439,5.525133507074984,42.96341463414634,6.445297112080488,25.57317073170732,4.584004631794996,13.146341463414634,3.5280951780907173,7.804878048780488,2.750708211344242,5.036585365853658,2.426424092226821,18.52439024390244,3.8529309342500775,3.2804878048780486,14.007294739954183,0.8000000000000002,2.2500000000000004,1.4500000000000002,0.5294117647058824,17,-0.5905660377358487,53,0.391455095978951
1610612746,LAC,LA Clippers,2025,2024-25,0,82,112.8780487804878,12.44086282179325,108.21951219512196,11.83427162711309,98.76829268292684,4.375291963415812,114.38170731707316,12.469390948612066,109.43780487804878,11.82767877672572,4.941463414634147,16.87164288486594,48.30487804878049,1.203790560412963,41.573170731707314,5.10151390700156,86.28048780487805,5.932281201438101,0.4830975609756097,0.0599049885092944,12.46341463414634,3.131658819501017,33.390243902439025,5.378870636341166,0.3772682926829268,0.0872719672414051,17.26829268292683,5.052926741406397,21.65853658536585,5.791052085047363,0.7958414634146344,0.0936148491851342,10.25609756097561,3.395025320765068,33.53658536585366,5.060608273474739,43.79268292682927,5.949868356004104,25.170731707317078,4.906042829829152,14.878048780487806,4.134737646453339,9.426829268292684,3.258532911591183,4.512195121951219,2.3998143057741226,18.32926829268293,4.207737957294137,4.658536585365853,16.71786175130307,2.99,14.040000000000004,11.050000000000002,0.5454545454545454,22,-0.8636363636363636,44,1.702108112088143
1610612747,LAL,Los Angeles Lakers,2013,2012-13,3,82,102.20731707317071,9.82907981435642,101.04878048780488,11.913165700725726,95.48780487804878,5.126170814625343,107.12073170731706,9.61897222256559,105.95121951219512,11.524201521869166,1.1768292682926829,12.31192635468079,48.18292682926829,0.9444842969433308,37.08536585365854,4.565574942529875,80.97560975609755,7.473369362182452,0.4596341463414634,0.0544923852863915,8.71951219512195,3.155533608076659,24.57317073170732,5.319497070363131,0.3534390243902438,0.0994304890966518,19.317073170731707,5.803102722204432,27.914634146341463,8.136491826777354,0.6963536585365855,0.0982902444138974,11.48780487804878,3.932278271676845,33.31707317073171,5.072019708213472,44.80487804878049,6.530912295923369,22.170731707317078,5.4451357340013375,15.024390243902438,3.634456536397893,7.024390243902439,2.600928655407704,5.2317073170731705,2.5400436493177883,17.890243902439025,3.77779770439508,1.1585365853658536,11.719425166237466,5.59,2.4300000000000006,-3.1599999999999997,0.625,24,-2.567567567567568,37,-0.5087818601831379
1610612747,LAL,Los Angeles Lakers,2014,2013-14,2,82,102.95121951219512,11.216062598916986,109.2439024390244,13.476601556817972,99.71951219512196,5.41665103187237,103.36951219512194,11.059275633462006,109.10853658536584,10.39568050396992,-5.754878048780488,13.844151525695818,48.0609756097561,0.5521576303742328,38.28048780487805,4.808106298623377,85.1219512195122,5.873964829006546,0.4509268292682927,0.0580522924096876,9.439024390243905,3.450165717886498,24.78048780487805,5.013621914083701,0.3770731707317073,0.1041550103686043,16.951219512195124,5.146981469513545,22.37804878048781,6.133575365398487,0.7579512195121951,0.0956538128465074,9.085365853658535,3.4648186652431265,31.951219512195124,5.411242159089348,41.03658536585366,6.169308987359249,24.463414634146343,5.569305477792395,15.109756097560975,3.896836632737677,7.451219512195122,2.740426383983764,5.439024390243903,2.524436428858605,19.841463414634145,4.544619698318957,-6.2926829268292686,14.402921347085188,-5.98,-4.6800000000000015,1.299999999999998,0.5263157894736842,19,-10.510416666666666,48,-7.872961019056844
1610612747,LAL,Los Angeles Lakers,2015,2014-15,2,82,98.45121951219512,11.136806332362651,105.29268292682929,11.70046723228517,96.2439024390244,5.143762795276241,102.20243902439024,9.203206306684455,109.43536585365854,11.007992292372986,-7.2353658536585375,10.90774299623465,48.609756097560975,1.8240918427777384,37.24390243902439,5.049290319550371,85.60975609756098,7.147055160738677,0.4356463414634147,0.0526918298891502,6.487804878048781,2.72276140891053,18.853658536585368,4.916894410844651,0.3402804878048781,0.0998858947011685,17.475609756097562,5.818713127755442,23.59756097560976,7.083034426978802,0.7386829268292683,0.0946262143681596,11.609756097560975,4.212726449380264,32.28048780487805,5.169412389282436,43.89024390243903,6.05123413095861,20.914634146341463,4.784752582099314,13.24390243902439,3.825066692260528,7.048780487804878,2.680070199119263,4.463414634146342,2.3736991080559613,21.23170731707317,4.691202116301874,-6.841463414634147,10.646357415897704,-10.26,-14.339999999999998,-4.079999999999998,0.4210526315789473,19,-10.23695652173913,46,-8.711400202576279
1610612747,LAL,Los Angeles Lakers,2016,2015-16,2,82,97.34146341463416,11.552584566998735,106.90243902439023,11.4359296869506,96.70731707317071,4.5717538706473455,100.69634146341464,11.442345493843549,110.43658536585367,11.63290896175053,-9.740243902439024,13.4929689944599,48.1219512195122,0.7760336619661978,35.1219512195122,4.686176793065184,84.82926829268293,5.834772051253874,0.4153170731707317,0.057707195787431,7.792682926829267,2.547028309003534,24.585365853658537,4.993702749308299,0.3178658536585365,0.0833937206676446,19.304878048780488,5.727751426580712,24.73170731707317,6.677858717364542,0.7784634146341463,0.0943191580923942,10.707317073170731,3.736664535229341,32.25609756097561,4.842739189194673,42.96341463414634,5.934717112775645,18.02439024390244,3.69175126483152,13.707317073170731,3.543339447672676,7.23170731707317,2.6956699640821093,4.109756097560975,1.93732727664022,20.26829268292683,3.865161841556868,-9.560975609756095,12.829458348097576,-4.97,-15.78,-10.810000000000002,0.3684210526315789,19,-14.776744186046514,43,-11.855253962811592
1610612747,LAL,Los Angeles Lakers,2017,2016-17,2,82,104.57317073170732,11.744218948539386,111.45121951219512,12.042263475175275,99.3048780487805,4.915807267993265,105.36829268292684,11.287312642020298,112.09756097560977,11.304855021809756,-6.7231707317073175,15.830352926355111,48.0609756097561,0.5521576303742327,39.31707317073171,4.578203995208213,87.36585365853658,6.491232824607207,0.4504878048780488,0.0446429577492736,8.902439024390244,3.4591433896361155,25.73170731707317,5.890039259731667,0.3424999999999999,0.0968986042529655,17.036585365853657,5.5431976374813,22.59756097560976,6.80025372819581,0.7553780487804878,0.1068434461318565,11.378048780487806,4.01429619279856,32.14634146341464,4.991652170187352,43.52439024390244,6.0066333902890845,20.92682926829268,4.749998018985625,15.158536585365852,4.301792655882027,8.21951219512195,2.8632382178998017,3.902439024390244,2.4726142315798847,20.70731707317073,3.70014282299604,-6.878048780487805,15.855357192485284,3.53,-3.51,-7.04,0.3333333333333333,15,-9.5875,40,-8.944835307838675
1610612747,LAL,Los Angeles Lakers,2018,2017-18,1,82,108.07317073170732,12.100179049593406,109.6219512195122,12.947796651208572,101.96341463414636,5.969976574082334,105.98780487804882,10.138831235682687,107.27439024390246,10.631223649715682,-1.2902439024390242,12.565587042297503,48.54878048780488,1.7578918281892588,40.707317073170735,5.215096331811646,88.39024390243902,6.911711473675151,0.460890243902439,0.0498323129085568,10.024390243902438,3.610600339111563,29.07317073170732,5.660738702841603,0.3399756097560976,0.0954214790130137,16.634146341463413,5.392065948057046,23.29268292682927,7.330787108259146,0.718451219512195,0.1124469864050648,10.682926829268292,3.934268717342393,35.69512195121951,6.249323962233379,46.3780487804878,6.81798682118757,23.76829268292683,4.792738284004057,15.792682926829269,3.750679954414352,7.719512195121951,2.5447811045785085,4.7317073170731705,2.05509772972266,21.170731707317078,4.168680633417086,-1.548780487804878,12.636565050368995,-0.85,-1.4300000000000004,-0.5800000000000004,0.5,22,-4.3173076923076925,52,-3.113516017830725
1610612747,LAL,Los Angeles Lakers,2019,2018-19,1,82,111.76829268292684,11.631480039671612,113.48780487804878,11.99098828538427,104.07317073170732,4.752596399694808,107.42439024390244,10.3691203595587,108.98048780487804,10.777439158762952,-1.5499999999999998,13.329900020926685,48.24390243902439,1.0836720337741033,42.573170731707314,4.73502965901222,90.54878048780488,6.702040299300037,0.4710243902439024,0.0473012347109371,10.329268292682928,3.531358211229678,30.98780487804878,6.117156408770224,0.331170731707317,0.082017884962848,16.29268292682927,4.741432311797694,23.29268292682927,5.823510894021863,0.6976829268292684,0.099436669844914,10.182926829268292,3.67550466436785,36.40243902439025,5.079272223793145,46.58536585365854,6.40977498018436,25.5609756097561,4.946872215395011,15.658536585365852,3.982119022085151,7.536585365853658,2.9279206035211987,5.365853658536586,2.225065931174371,20.74390243902439,4.033229186319158,-1.7195121951219512,13.68000648891975,-0.7300000000000002,1.75,2.4800000000000004,0.5,24,-6.830952380952381,42,-3.518323563044742
1610612747,LAL,Los Angeles Lakers,2020,2019-20,3,71,113.43661971830986,11.999681417635577,107.64788732394366,11.500433024827862,101.56338028169014,4.906940840326361,111.75070422535212,11.273608539282437,106.24366197183096,11.23837472228037,5.511267605633803,13.40406707251598,48.140845070422536,0.8331656437585732,42.33802816901409,5.184988392249938,88.29577464788733,5.50426942394248,0.4791126760563379,0.0475288030854598,11.014084507042254,3.470253007435291,31.5774647887324,5.523099471003541,0.3477042253521127,0.0907715176168316,17.746478873239436,6.032574219208709,24.338028169014084,7.547835379331009,0.7284788732394366,0.0940144151796383,10.661971830985916,3.093512391033998,35.070422535211264,4.975149512934897,45.732394366197184,5.7320097360072655,25.3943661971831,4.716169369427561,15.169014084507042,3.5172469570591214,8.619718309859154,2.73269201224778,6.591549295774648,3.361876452173409,20.718309859154928,3.637829410088028,5.788732394366197,13.595078408808456,7.19,-4.62,-11.81,0.7058823529411765,17,0.9675675675675676,37,2.710032838922076
1610612747,LAL,Los Angeles Lakers,2021,2020-21,0,72,109.54166666666669,11.924572216025666,106.75,10.447386626517831,99.77777777777776,4.999217466150619,109.72777777777776,9.949566091780609,106.925,9.860159556461204,2.7986111111111107,13.182473352054284,48.48611111111112,1.711543702811987,40.625,5.29000519182897,86.06944444444444,6.130795938696748,0.4720972222222222,0.0526088836610567,11.055555555555555,3.393817447964688,31.22222222222222,5.908271171130511,0.3534305555555555,0.0844267874166121,17.23611111111111,5.105901185594753,23.319444444444443,6.381810394579509,0.7384999999999999,0.0778166859980448,9.65277777777778,3.154070574568421,34.583333333333336,5.306785451757581,44.23611111111112,6.394304366036122,24.65277777777778,4.535182410798658,15.208333333333334,4.182247862465661,7.805555555555555,2.900407396779398,5.361111111111111,2.7234276019335257,19.125,3.707386992189938,2.7916666666666665,13.489628253681982,7.159999999999999,0.3699999999999998,-6.789999999999999,0.5,18,-0.5861111111111106,36,0.4854372883617742
1610612747,LAL,Los Angeles Lakers,2022,2021-22,1,82,112.09756097560977,11.970756297051434,115.14634146341464,12.141269231370744,101.95121951219512,6.085608278887084,110.06463414634148,10.961001260374472,112.90853658536584,11.052011729277032,-2.846341463414634,12.94598650921505,48.73170731707317,2.2390958299057577,41.64634146341464,5.214822064645531,88.76829268292683,6.575860795152963,0.4691463414634146,0.0473883670548888,11.975609756097562,3.3627428904190904,34.46341463414634,5.739607079835197,0.3468170731707317,0.0771996174827055,16.829268292682926,5.902091861948904,22.97560975609756,7.234989757014254,0.7352073170731708,0.1042143728156294,9.53658536585366,3.1237644350541425,34.46341463414634,4.8079027586950165,44.0,5.468202133050792,24.0,4.502399908745513,14.524390243902438,3.897532013524309,7.634146341463414,2.452069899724435,5.182926829268292,2.3419315062070307,20.170731707317078,3.841954486040848,-3.048780487804878,12.93850835662401,-1.0699999999999998,-5.799999999999999,-4.729999999999999,0.5,26,-5.7333333333333325,51,-5.331711502746071
1610612747,LAL,Los Angeles Lakers,2023,2022-23,1,82,117.17073170731707,10.296595239790124,116.59756097560977,10.076080655945791,102.8780487804878,5.3619377460627815,114.06951219512194,10.289797044446448,113.3621951219512,10.18612758225378,0.715853658536585,10.994976063866009,48.48780487804878,1.6868694244915796,42.8780487804878,4.467689888058781,89.0,6.509252673723027,0.4830975609756097,0.0498993084283944,10.792682926829269,3.2154634282972734,31.195121951219512,6.477766389146162,0.3480365853658536,0.0797555594442819,20.621951219512194,5.8933740653495175,26.60975609756097,6.781886000041209,0.7733536585365854,0.0834041731423612,9.975609756097562,3.0990863239607305,35.73170731707317,5.792819694418648,45.707317073170735,6.687906544473101,25.26829268292683,4.42230256902946,14.073170731707316,4.410370740567764,6.414634146341464,2.712345891450612,4.609756097560975,2.175940821413968,17.878048780487806,3.8885404412225393,0.573170731707317,11.42450310971222,-7.229999999999999,7.25,14.48,0.4583333333333333,24,-0.9291666666666666,48,-0.6260994835382742
1610612747,LAL,Los Angeles Lakers,2024,2023-24,1,82,118.03658536585364,12.441909585037674,117.4390243902439,12.440572374764091,102.28048780487804,5.57612722423342,115.41341463414632,10.5944518696603,114.92682926829266,11.659056235025137,0.4878048780487805,15.16934359968842,48.426829268292686,1.7918229065718263,43.65853658536585,4.72246930646424,87.52439024390245,6.367792434415939,0.499609756097561,0.0487236490599539,11.817073170731708,3.5629369518663965,31.365853658536587,4.712767515731295,0.3742682926829268,0.0919118000162888,18.902439024390244,6.643682148946929,24.182926829268293,7.343642667246928,0.7741707317073172,0.0980222706967371,8.24390243902439,3.1291578783118923,34.86585365853659,5.809235293424528,43.109756097560975,6.849359882790121,28.52439024390244,4.464470465484971,13.975609756097562,4.127521630324005,7.378048780487805,3.012895100477276,5.536585365853658,2.573344472971569,15.646341463414634,3.40432532145636,0.5975609756097561,15.116714448123725,-5.2,4.16,9.36,0.75,24,-2.687272727272727,55,-1.3033475100898806
1610612747,LAL,Los Angeles Lakers,2025,2024-25,0,82,113.39024390243902,12.38453445903146,112.17073170731707,11.906845088092048,98.58536585365852,4.642666378178228,115.0292682926829,11.480154511422864,113.82073170731708,10.977707352505524,1.2060975609756095,16.089091063500874,48.1219512195122,0.7760336619661978,40.926829268292686,4.580636884406699,85.45121951219512,6.16471929016465,0.479670731707317,0.0483710082738958,13.317073170731708,3.7642832471733993,36.35365853658536,6.094668690738201,0.364780487804878,0.0829170378759967,18.21951219512195,5.680863241314309,23.195121951219512,7.11534426848191,0.7882560975609756,0.0938752535760392,9.658536585365852,3.531933727672375,32.76829268292683,4.733121488446102,42.426829268292686,5.717701532084112,25.98780487804878,4.273067832623084,13.96341463414634,4.214745198136573,7.719512195121951,2.7856527937816957,4.475609756097561,2.5103519489422124,17.25609756097561,4.276871406460731,1.2195121951219512,15.75195413332479,-0.2299999999999993,4.910000000000001,5.140000000000001,0.5714285714285714,21,-0.315909090909091,44,-0.0426943796867759
1610612748,MIA,Miami Heat,2013,2012-13,3,82,102.8780487804878,10.53083683952994,95.01219512195122,10.94598850071357,92.34146341463416,5.518139586730748,111.48902439024393,10.096020559368936,103.2890243902439,11.004634333507523,8.19390243902439,12.829935553671032,48.48780487804878,1.8608633496046496,38.39024390243903,4.487997979690176,77.41463414634147,7.238360123115322,0.4970243902439024,0.0481222659918619,8.74390243902439,3.328926626435541,22.0609756097561,5.901135193104713,0.393560975609756,0.1076777425286835,17.353658536585368,4.94755695098074,23.01219512195122,6.56683380580492,0.759060975609756,0.0959258133568448,8.24390243902439,3.3722212176815494,30.365853658536587,5.5255013629220215,38.609756097560975,7.08808093194497,23.04878048780488,4.139250361618367,13.939024390243905,3.957638530757769,8.658536585365853,2.699883455166999,5.378048780487805,2.5945824084299765,18.695121951219512,4.451907690385069,7.865853658536586,11.5649130863301,3.63,6.6,2.9699999999999998,0.75,20,3.453571428571429,28,6.496898580606654
1610612748,MIA,Miami Heat,2014,2013-14,0,82,102.1951219512195,9.94731680974017,97.4390243902439,11.337796028749205,92.86585365853658,5.59929932812795,110.15365853658535,9.721735798904003,104.94268292682928,9.877159466809845,5.21341463414634,12.767423458810056,48.48780487804878,1.8608633496046496,38.31707317073171,4.354302679160056,76.48780487804878,6.2819433622010505,0.501829268292683,0.0500658344059762,8.109756097560975,2.92712346709684,22.304878048780488,5.510235200084741,0.3641585365853658,0.0951931719607842,17.451219512195124,4.858878697614615,22.97560975609756,5.9191582854990905,0.7634634146341464,0.105025828113433,7.646341463414634,3.044411805256962,29.23170731707317,4.386564167686339,36.8780487804878,5.009596331541943,22.52439024390244,4.659321228995204,14.78048780487805,3.5172393433792464,8.926829268292684,2.875097369493956,4.475609756097561,2.420211243489609,19.463414634146343,4.349528488568573,4.7560975609756095,11.833788176558183,8.61,-0.4000000000000007,-9.01,0.5,26,2.1583333333333337,36,4.038617656776792
1610612748,MIA,Miami Heat,2015,2014-15,0,82,94.6829268292683,10.586362119862118,97.28048780487804,9.617723339140325,91.78048780487804,4.248527385376478,103.14756097560976,10.336394117893995,106.2939024390244,11.142548277383462,-3.1487804878048773,13.587051242171436,48.1219512195122,0.7760336619661979,35.18292682926829,4.436459629475136,77.1951219512195,5.846681076865226,0.4567073170731707,0.0527971865610509,6.780487804878049,2.680631905620332,20.23170731707317,4.820990064004462,0.3358536585365854,0.1138568650859077,17.536585365853657,5.9591098886882605,23.65853658536585,7.836633681728906,0.7419878048780487,0.1043270609761056,9.109756097560975,3.277329903717639,30.01219512195122,4.854662776909101,39.1219512195122,6.333119380211528,19.82926829268293,4.550959410581467,14.804878048780488,3.713302827157901,7.829268292682927,3.1419302003578164,4.536585365853658,2.515115400986012,19.951219512195124,4.145211245787984,-2.597560975609756,12.53524390096698,0.7700000000000001,-6.11,-6.880000000000001,0.5217391304347826,23,-9.418421052631578,38,-6.233962731777024
1610612748,MIA,Miami Heat,2016,2015-16,0,82,100.04878048780488,10.887644417575602,98.40243902439023,10.143245342417927,94.86585365853658,4.90593542035463,105.51829268292684,10.638099803040578,103.86463414634149,10.699560068851792,1.648780487804878,13.651194890969052,48.36585365853659,1.3100956059915252,38.41463414634146,4.75563660240438,81.67073170731707,7.14411590405609,0.4719024390243902,0.057555900847548,6.073170731707317,2.6377154715325952,18.04878048780488,4.216084541941701,0.333109756097561,0.1279070849201845,17.146341463414632,5.61110440311923,23.036585365853657,7.174104877189837,0.7478780487804877,0.1054280387944638,9.841463414634148,4.161758626952716,34.28048780487805,5.707422912516521,44.1219512195122,7.640680992050541,20.841463414634145,4.730957964733684,14.085365853658535,3.6622910575792,6.743902439024391,2.679648841973566,6.475609756097561,2.9906257231890354,18.317073170731707,3.962409943769218,1.646341463414634,12.837418254365588,4.980000000000001,3.790000000000001,-1.1900000000000008,0.7368421052631579,19,-3.3675,40,-0.3153920833002731
1610612748,MIA,Miami Heat,2017,2016-17,0,82,103.17073170731707,11.087535965171984,102.10975609756098,9.977760576031912,96.03658536585364,5.049007045642113,107.49268292682926,10.789693075507548,106.4829268292683,9.665757363082696,1.0024390243902443,12.302202709620005,48.24390243902439,1.3385174737004315,39.04878048780488,4.752913178211293,85.8170731707317,6.3617841444639405,0.4558414634146342,0.051483059544419,9.853658536585366,3.531592692212914,26.98780487804878,5.269277136543902,0.3609024390243902,0.0920290627412854,15.21951219512195,4.518888725634241,21.5609756097561,5.85650964391542,0.7077926829268293,0.0992375548443152,10.634146341463415,4.096105332129538,32.98780487804878,4.900223986916436,43.6219512195122,6.062717973991449,21.24390243902439,4.401349331850589,13.439024390243905,3.552420704758278,7.170731707317073,2.7116797129089543,5.719512195121951,2.262274558682431,20.48780487804878,3.3082161186027914,1.0609756097560976,11.970485886954137,-3.830000000000001,3.25,7.08,0.4347826086956521,23,-1.6857142857142853,35,0.1118944778332308
1610612748,MIA,Miami Heat,2018,2017-18,1,82,103.41463414634148,11.56084410980294,102.9390243902439,12.833547435420012,97.3780487804878,6.074923652220424,106.27926829268291,10.456018856246969,105.91707317073173,12.156741815750916,0.3560975609756101,13.2199820470263,48.609756097560975,1.8240918427777384,38.829268292682926,5.153938630660232,85.32926829268293,7.669170087327895,0.4560243902439024,0.0528653018388479,11.01219512195122,3.5363854827273915,30.5609756097561,5.142650421467754,0.3579756097560975,0.0950385205347078,14.74390243902439,4.716168605059832,19.52439024390244,5.812344482998186,0.7557682926829268,0.1052040109525576,9.304878048780488,3.992860988543576,34.15853658536585,5.932687256116902,43.46341463414634,6.908922700948711,22.70731707317073,4.686433809288328,14.365853658536585,3.591870777467292,7.560975609756097,2.8375679073860773,5.329268292682927,2.5095121657099875,20.09756097560976,3.616183637645405,0.4756097560975609,12.572972786311746,-3.4,1.4800000000000004,4.880000000000001,0.5555555555555556,27,-2.628888888888889,45,-1.5093542366083508
1610612748,MIA,Miami Heat,2019,2018-19,0,82,105.70731707317071,10.823485900301524,105.9390243902439,11.418360307980064,99.04878048780488,4.92637757640374,106.8560975609756,11.0061049003171,107.1268292682927,10.599511388464776,-0.2695121951219513,14.203804819978588,48.1219512195122,0.7760336619661978,39.64634146341464,4.211600532156047,88.02439024390245,6.310828651261469,0.4518536585365854,0.0510437048152333,11.317073170731708,2.87121967794601,32.41463414634146,4.825219804402173,0.3505731707317073,0.077925103403458,15.097560975609756,5.369345446227821,21.73170731707317,6.872828555822091,0.6891951219512196,0.112037079292548,11.231707317073171,4.0224640212397205,35.109756097560975,5.539991749249496,46.34146341463415,6.628072569014801,24.28048780487805,4.119434188176047,14.731707317073171,3.617682159833204,7.646341463414634,2.803753882312167,5.463414634146342,2.3050943150475813,20.87804878048781,4.122776973460938,-0.2317073170731707,13.931311904126948,1.78,-0.4,-2.18,0.4230769230769231,26,-4.294736842105263,38,-2.888310809295937
1610612748,MIA,Miami Heat,2020,2019-20,3,73,112.04109589041096,12.109957285185224,109.0958904109589,10.86938154169475,100.08219178082192,5.768095739731553,111.96712328767124,10.755077028425545,109.2917808219178,9.386393127889637,2.6671232876712323,12.63102501772829,48.61643835616438,1.655211777204736,39.45205479452055,4.798845624761146,84.38356164383562,7.323156076193253,0.4689178082191781,0.0543399161208247,13.41095890410959,3.487420315451094,35.397260273972606,6.28211687169619,0.3801917808219178,0.0789712777488412,19.726027397260275,6.872368736818078,25.2054794520548,8.281436577117638,0.7800684931506848,0.0860533311330058,8.493150684931507,2.981998247219997,35.87671232876713,4.573307839698903,44.36986301369863,5.767501985057377,25.91780821917808,5.648877530235381,14.904109589041097,4.5648548217198535,7.493150684931507,2.887344453103505,4.5479452054794525,2.444046598314696,20.56164383561644,4.876207261824909,2.9452054794520546,12.709238121844573,4.8500000000000005,0.1099999999999997,-4.740000000000001,0.5714285714285714,21,0.2181818181818183,33,0.8927446035826991
1610612748,MIA,Miami Heat,2021,2020-21,0,72,108.06944444444444,12.09856980127431,108.04166666666669,13.160373191335086,97.72222222222224,5.243969634483645,110.59861111111113,11.071527917960768,110.6625,11.569744875271592,-0.0624999999999996,13.95524473571864,48.27777777777778,1.1533444597688494,39.22222222222222,5.214341604887137,83.73611111111111,6.530520018022324,0.4686527777777778,0.0531265191258452,12.944444444444445,3.266944512472524,36.19444444444444,6.256577133983871,0.3591111111111111,0.0735853543977783,16.680555555555557,5.362431624407678,21.11111111111111,6.163398448760608,0.7895416666666666,0.1018468800299301,8.041666666666666,3.2606812560446823,33.458333333333336,5.3337551182981615,41.5,6.753194340667008,26.319444444444443,4.291578352708184,14.069444444444445,4.015204865202542,7.902777777777778,3.122655615140232,3.9722222222222223,2.020822745725132,18.93055555555556,3.604873027745344,0.0277777777777777,13.48444301567104,-2.8200000000000003,5.35,8.17,0.5,18,-5.519444444444447,36,-2.86196908002567
1610612748,MIA,Miami Heat,2022,2021-22,3,82,110.02439024390245,11.715743981114247,105.57317073170732,9.921955312827714,97.40243902439023,5.476909455851366,113.08170731707315,11.553996989431734,108.55487804878048,10.120449319540548,4.528048780487804,13.850072642232671,48.426829268292686,2.108363637931103,39.58536585365854,4.845645160862738,84.8048780487805,7.70511938906589,0.4680487804878048,0.0523414484010201,13.585365853658535,4.085358438154766,35.80487804878049,6.8103752083693205,0.3785609756097561,0.085493642469719,17.26829268292683,5.852189166178407,21.37804878048781,7.2002061765789325,0.8125243902439026,0.0978991955237197,9.841463414634148,3.649689694893986,33.8780487804878,5.348105107840035,43.71951219512195,7.123729066190784,25.48780487804878,4.009999545700613,14.560975609756095,3.9972137239523895,7.390243902439025,3.0337854671622435,3.231707317073171,1.8744466211395177,20.47560975609756,4.12826932845941,4.451219512195122,13.879688009287896,8.56,4.069999999999999,-4.490000000000001,0.5555555555555556,18,1.2000000000000002,48,2.7331190508039835
1610612748,MIA,Miami Heat,2023,2022-23,0,82,109.47560975609755,10.646074579139253,109.79268292682929,9.70266325266005,97.45121951219512,4.735347612683562,112.41341463414632,10.36145232914604,112.97926829268296,10.036608765284084,-0.5658536585365854,11.713990996442654,48.30487804878049,1.203790560412963,39.207317073170735,4.995647006077846,85.2560975609756,7.160955477336041,0.4604512195121951,0.0497998840890674,11.951219512195122,3.1891112544398355,34.78048780487805,6.194430772767977,0.3443170731707317,0.075517944568306,19.10975609756097,6.332370487357786,22.98780487804878,6.844830260480586,0.8281829268292683,0.0878819533783786,9.707317073170731,3.2145034172032045,30.890243902439025,5.361053189234543,40.59756097560975,6.33208517154443,23.841463414634145,4.816303362423499,13.48780487804878,3.6556869359674486,7.987804878048781,2.8652619402331703,2.963414634146341,1.4609748305791126,18.48780487804878,4.263667645187403,-0.3170731707317073,11.21273311554796,-1.66,1.5699999999999998,3.23,0.6153846153846154,39,-2.031372549019608,51,-1.3201180849554033
1610612748,MIA,Miami Heat,2024,2023-24,0,82,110.14634146341464,11.476354597385278,108.39024390243902,11.107506190272307,97.2560975609756,4.1746175269762364,113.24634146341462,10.741912779089589,111.6,11.770511385305438,1.6451219512195123,14.95352596793924,48.18292682926829,1.2285497701720605,39.829268292682926,4.455001013007271,85.63414634146342,4.867407845949793,0.4654634146341464,0.0480028793174349,12.46341463414634,3.217218804853303,33.71951219512195,5.254684894392395,0.3699999999999999,0.0807954283023977,18.02439024390244,5.769172244701959,22.02439024390244,6.638785419474678,0.8168048780487804,0.0877612416244575,9.341463414634148,2.876981924251897,32.951219512195124,5.042785921735531,42.29268292682927,5.55663946065914,25.804878048780488,4.528207953362446,12.658536585365852,4.089189337376859,7.524390243902439,2.940670998242348,3.414634146341464,2.3144805540053723,17.25609756097561,3.616870537383321,1.7560975609756098,14.557303521515404,-0.4799999999999995,10.669999999999998,11.15,0.5263157894736842,19,-1.3782608695652174,46,-1.2168995708658663
1610612748,MIA,Miami Heat,2025,2024-25,0,82,110.59756097560977,12.111477829409814,110.03658536585364,11.566709490742818,98.36585365853658,5.172367691287554,112.52560975609757,11.83054021261805,112.08902439024392,11.184491093104928,0.4280487804878046,15.685955614917017,48.609756097560975,1.9861004510108675,40.46341463414634,5.441484732824394,87.04878048780488,7.713868285531465,0.4658780487804879,0.0557581617219835,13.707317073170731,3.532871405437683,37.31707317073171,6.436543142418109,0.3703414634146341,0.0864915923284511,15.96341463414634,4.8545387238148345,20.170731707317078,6.077290002869884,0.7962926829268292,0.0963772791989868,9.731707317073171,3.435647477884115,33.65853658536585,5.6660555491716895,43.39024390243903,7.074133193091881,26.414634146341463,4.949002192766217,13.585365853658535,3.953280305409752,8.146341463414634,3.333784973919829,3.829268292682927,1.903893853047904,15.548780487804878,3.868685421366167,0.5609756097560976,15.238918305942857,-1.6,12.25,13.85,0.32,25,-4.785000000000001,40,-2.469910303854644
1610612749,MIL,Milwaukee Bucks,2013,2012-13,1,82,98.8780487804878,10.7075492509049,100.3780487804878,8.796239718355581,96.45121951219512,5.256747431269433,102.47439024390246,9.20241260603737,104.33414634146344,8.576974912227879,-1.857317073170732,12.245211011372495,48.36585365853659,1.3100956059915252,38.14634146341464,4.703877967310162,87.76829268292683,7.833607214262993,0.4356585365853658,0.0465265673506752,7.329268292682927,3.123210116739381,20.365853658536587,5.295029570376286,0.3557560975609756,0.1028281031115581,15.25609756097561,4.971054426761101,20.73170731707317,6.216363870071554,0.7349878048780488,0.0961496382513355,13.024390243902438,4.65335564505979,30.9390243902439,4.611706952067038,43.96341463414634,6.096842173832508,22.87804878048781,4.683541563586044,14.097560975609756,3.776502255574533,8.353658536585366,3.011795540170419,6.7073170731707314,3.279143989767884,18.951219512195124,3.8646943853246993,-1.5,11.407437469897856,1.63,-1.0500000000000005,-2.6800000000000006,0.5416666666666666,24,-5.760606060606062,33,-3.66908481407881
1610612749,MIL,Milwaukee Bucks,2014,2013-14,2,82,95.47560975609755,12.363052890936816,103.65853658536584,10.536496843506049,93.71951219512196,5.969623497121096,101.7890243902439,10.9318992521271,110.15121951219513,8.996600783347187,-8.360975609756098,11.407359072622526,48.48780487804878,1.6868694244915796,36.0,4.340449996583247,82.15853658536585,7.038640287103581,0.4398292682926829,0.0534043057583568,6.682926829268292,2.6614673794476413,18.9390243902439,5.520662782216762,0.3565243902439025,0.1155691472359015,16.79268292682927,6.149852562476497,22.47560975609756,7.458900739444874,0.7448536585365854,0.1022526671995054,11.841463414634148,3.422761545508308,29.25609756097561,4.708308851092707,41.09756097560975,5.638513410810548,21.463414634146343,4.637994250261874,15.097560975609756,4.2181552228302825,6.597560975609756,2.3926830649550084,4.914634146341464,2.4200868238286444,20.890243902439025,3.9440722752780126,-8.182926829268293,10.571482777644617,-8.719999999999999,-9.69,-0.9700000000000006,0.3809523809523809,21,-12.412820512820517,39,-10.79874021655498
1610612749,MIL,Milwaukee Bucks,2015,2014-15,1,82,97.84146341463416,10.059660932600655,97.41463414634148,12.610940987117022,95.9390243902439,5.901135193104714,102.00243902439024,8.666424150592011,101.43536585365852,12.25458716785768,0.5597560975609756,12.138306467147483,48.609756097560975,2.532534462544332,37.59756097560975,4.410592625832824,81.97560975609755,8.597983699547319,0.4607439024390243,0.0522862045341116,6.646341463414634,2.63111463597508,18.29268292682927,3.9798498789172,0.3638292682926828,0.1217783662676422,16.0,6.2598071204459,21.146341463414632,7.604615153645166,0.7525609756097561,0.1015914229830835,10.682926829268292,5.059834693977898,31.390243902439025,5.042427637853324,42.073170731707314,7.604060786160682,23.5609756097561,4.645713704756059,16.74390243902439,4.118045130164075,9.621951219512194,3.0046886977573224,4.914634146341464,2.563760834708469,22.121951219512194,3.7888408074578366,0.4268292682926829,11.831147933623388,-0.3799999999999997,0.47,0.8499999999999998,0.4347826086956521,23,-5.576315789473685,38,-2.129359694122128
1610612749,MIL,Milwaukee Bucks,2016,2015-16,2,82,99.04878048780488,10.970108025875025,103.23170731707316,11.631480039671612,95.82926829268293,6.0201408417321,103.36829268292686,9.471228400764709,107.99268292682927,11.676459175875095,-4.630487804878048,13.198285420110963,48.36585365853659,1.7178237389420576,38.35365853658536,5.095076178496188,82.1951219512195,7.526806455399464,0.4674512195121951,0.0533155415784466,5.365853658536586,2.526463370703199,15.573170731707316,4.776564413898387,0.3448658536585365,0.1199415250733314,16.975609756097562,5.743435565299149,22.71951219512195,7.066307451114521,0.7469999999999999,0.1061328075549977,10.46341463414634,3.823885690835086,31.20731707317073,5.431362525727567,41.670731707317074,6.727600929960798,23.10975609756097,4.698321469539436,15.207317073170731,3.8641684294696375,8.195121951219512,2.821605463623804,5.7926829268292686,3.033711026050677,20.670731707317078,4.419527034772047,-4.182926829268292,12.50000301114086,-4.69,-9.21,-4.5200000000000005,0.4090909090909091,22,-7.256818181818184,44,-6.532598187420022
1610612749,MIL,Milwaukee Bucks,2017,2016-17,0,82,103.6219512195122,12.04686347571555,103.8048780487805,10.493312419846262,95.46341463414636,4.889381596261154,108.5451219512195,11.26196650195325,108.79024390243904,10.454234297861897,-0.2365853658536584,14.38038369133128,48.24390243902439,1.0836720337741033,38.80487804878049,4.877357674620436,81.89024390243902,6.511160594353068,0.4751585365853658,0.0579016768797441,8.78048780487805,3.051105406824409,23.73170731707317,5.331130981593752,0.3725,0.1043723450908002,17.23170731707317,5.737678759124526,22.42682926829268,7.206016840892862,0.7678658536585365,0.0865229238438972,8.817073170731707,3.0797147887044884,31.57317073170732,4.891490438632336,40.39024390243903,5.924954753301164,24.195121951219512,4.6519318286095634,13.96341463414634,3.8407982772078713,8.121951219512194,3.1481534619222917,5.317073170731708,2.5135585358408634,20.24390243902439,3.917548287252748,-0.1829268292682926,13.394423059829451,1.11,-4.81,-5.92,0.5833333333333334,24,-4.348717948717948,39,-2.332261153258824
1610612749,MIL,Milwaukee Bucks,2018,2017-18,0,82,106.47560975609755,11.27898254074682,106.78048780487804,11.83427162711309,97.71951219512196,5.370873415059248,108.9743902439024,10.118444361178945,109.17560975609756,10.649228349435564,-0.1951219512195121,12.468319383804268,48.36585365853659,1.3100956059915252,39.71951219512195,5.048589560385372,83.01219512195122,6.8376118537609285,0.4789268292682928,0.0523114557922668,8.75609756097561,2.641365974753701,24.682926829268293,4.5402943527259065,0.3562682926829268,0.0884800387309996,18.28048780487805,5.7505220165487945,23.353658536585368,6.777544533727139,0.7840731707317072,0.1014643135571557,8.390243902439025,3.207845696702267,31.451219512195124,4.562738075031589,39.84146341463415,5.278583592741387,23.23170731707317,4.78500430353872,13.841463414634148,3.279075118756424,8.804878048780488,3.0324948958879165,5.402439024390244,2.642762098370141,21.365853658536587,4.5528777905683615,-0.3048780487804878,12.109264919825833,-3.1800000000000006,-0.2800000000000001,2.9000000000000004,0.6,25,-3.58,50,-2.1578946331571225
1610612749,MIL,Milwaukee Bucks,2019,2018-19,3,82,118.1219512195122,12.702085221932869,109.2560975609756,12.09816941117438,104.0609756097561,5.205285919675365,113.44024390243902,10.060886981442414,104.91341463414636,10.135718069723476,8.530487804878048,11.81700688038052,48.24390243902439,1.0836720337741033,43.35365853658536,5.114423929327412,91.10975609756098,6.8763435904807055,0.4768048780487804,0.0521392814226365,13.475609756097562,3.5284578863444174,38.21951219512195,6.425305661641978,0.3532439024390243,0.0768666571866637,17.9390243902439,5.4508976743457485,23.21951219512195,6.459798548714418,0.7718414634146341,0.0878461715984176,9.292682926829269,3.639589601332087,40.4390243902439,5.233079873493307,49.73170731707317,6.49035139623522,26.04878048780488,4.449725859288913,13.865853658536585,3.0051897297264136,7.5,2.736357856894389,5.926829268292683,2.498298125934207,19.60975609756097,3.971366955512009,8.865853658536585,12.429318381758105,11.6,8.49,-3.1099999999999994,0.3529411764705882,17,4.857575757575757,33,7.940537310066436
1610612749,MIL,Milwaukee Bucks,2020,2019-20,3,73,118.67123287671232,11.53503695813632,108.5890410958904,13.027572913331806,106.013698630137,5.073058333230478,111.9739726027397,9.996124629592712,102.52191780821916,11.40189124876686,9.452054794520548,13.61606597603076,48.2054794520548,0.9994290607584831,43.28767123287671,4.706613113643617,90.93150684931508,6.325277260333442,0.477013698630137,0.0506561099612664,13.794520547945206,3.1533003174345806,38.9041095890411,5.442028787240727,0.3553424657534246,0.0712909179150398,18.301369863013697,6.759119213466865,24.65753424657534,7.927131991672287,0.7373013698630138,0.1045925540332987,9.465753424657532,3.440293074485976,42.23287671232877,5.425046205500121,51.6986301369863,6.371998054654725,25.876712328767123,4.533655642584727,15.095890410958903,3.930522949238448,7.205479452054795,2.697524091693411,5.876712328767123,2.753508900170492,19.6027397260274,5.139011270088281,10.082191780821915,14.01661060696036,7.77,-2.95,-10.72,0.5,12,4.115625,32,6.5398439593061415
1610612749,MIL,Milwaukee Bucks,2021,2020-21,3,72,120.125,11.778396911414426,114.23611111111111,13.01298707256949,103.09722222222224,4.841602930418524,116.49166666666665,9.771267883767084,110.80833333333334,12.456185182300988,5.688888888888889,15.435094049778533,48.138888888888886,0.8274439780288528,44.73611111111112,4.91044605287388,91.80555555555556,6.145280770099035,0.4880138888888889,0.0506905811334754,14.416666666666666,4.241810668391373,37.06944444444444,5.69241251583116,0.3858194444444444,0.0805187978032894,16.23611111111111,4.454758669600616,21.375,5.570135406855405,0.7607916666666666,0.1004885162663299,10.291666666666666,3.502262849990351,37.833333333333336,5.479796439110171,48.125,6.401886825739538,25.47222222222222,5.151158005244275,13.819444444444445,3.2688301257845,8.125,3.0716215839405705,4.638888888888889,2.1709059286069303,17.27777777777778,4.236734798490302,5.888888888888889,15.853693358780504,9.650000000000002,3.2300000000000004,-6.420000000000002,0.5625,16,2.1696969696969703,33,3.762512450768064
1610612749,MIL,Milwaukee Bucks,2022,2021-22,3,82,115.48780487804878,12.472432715312625,112.13414634146342,12.044938689246306,101.02439024390245,4.157324667263726,114.27439024390245,10.976437288552845,111.1219512195122,11.251491252496198,3.156097560975611,15.990792856762768,48.18292682926829,0.944484296943331,41.81707317073171,5.149920408783244,89.40243902439025,6.2020700568490215,0.4681829268292682,0.0536380480511299,14.060975609756095,3.635719776838428,38.426829268292686,5.801299317649448,0.3656341463414634,0.0741579082960308,17.79268292682927,5.762239372811707,22.9390243902439,6.744632179293816,0.7745,0.0876787415990618,10.24390243902439,3.3685582350550125,36.46341463414634,5.692089208221451,46.707317073170735,6.105022835677959,23.902439024390244,4.479334595915112,13.414634146341465,3.5519120898648766,7.597560975609756,2.557292917156208,3.975609756097561,2.11972284326261,18.21951219512195,3.934727907965936,3.3536585365853657,16.323407377908975,-1.61,-1.2899999999999998,0.3200000000000003,0.5,12,-3.4000000000000004,47,-0.2372164046739967
1610612749,MIL,Milwaukee Bucks,2023,2022-23,3,82,116.9390243902439,13.39739016502713,113.3048780487805,12.889548857040367,102.3048780487805,5.708319733728583,114.30365853658536,11.342245353533006,111.03902439024392,12.108284645693054,3.2634146341463417,14.923421910864135,48.36585365853659,1.527623791205016,42.73170731707317,5.630711159364571,90.3780487804878,7.096582804685924,0.4740975609756098,0.0607032062846516,14.841463414634148,4.062686310090965,40.31707317073171,6.911929299157744,0.3679146341463414,0.0752585996430631,16.634146341463413,5.4693584048803965,22.402439024390244,6.796621811737919,0.7445365853658535,0.1126007033640237,11.146341463414634,3.975610679760406,37.48780487804878,5.756893672075319,48.63414634146341,7.23249217693534,25.79268292682927,4.900838438920045,14.621951219512194,4.001975573565917,6.353658536585366,2.598061723952962,4.914634146341464,2.582950841515152,18.04878048780488,3.7577982752065657,3.634146341463415,15.231150824383228,8.5,-2.54,-11.04,0.6923076923076923,13,0.4666666666666666,48,1.9001729746382467
1610612749,MIL,Milwaukee Bucks,2024,2023-24,3,82,118.97560975609755,13.370296551330526,116.35365853658536,11.891870811110255,101.15853658536584,5.336733897823261,117.63292682926829,11.833140894398188,115.0719512195122,10.764278767307504,2.5487804878048776,16.264755837240433,48.30487804878049,1.437496317893246,43.14634146341464,5.53802110937555,88.51219512195122,7.291537293987156,0.4880121951219511,0.0538196563069525,14.182926829268292,3.7189141146456737,38.073170731707314,6.067074646039413,0.3726829268292683,0.0794757324633574,18.5,6.883958809354461,23.902439024390244,8.536934651089748,0.7709756097560976,0.0972904491537437,9.414634146341465,3.265801924516804,34.75609756097561,5.110050555691438,44.170731707317074,6.113746660062606,26.536585365853657,4.964553669223248,12.914634146341465,3.396444108262056,6.804878048780488,2.6407959162654064,5.024390243902439,2.2053560489453155,19.195121951219512,4.258438316862714,2.6219512195121952,15.935549391763816,-2.3500000000000005,-4.15,-1.7999999999999998,0.5263157894736842,19,0.1059999999999998,50,1.2218795631334436
1610612749,MIL,Milwaukee Bucks,2025,2024-25,0,82,115.51219512195122,10.972742775206212,113.03658536585364,11.245240553670104,100.34146341463416,4.478258899421729,115.18292682926828,10.254656333251663,112.79512195121951,10.520619406717158,2.3853658536585365,13.870798191059205,48.18292682926829,0.9444842969433308,42.01219512195122,4.353213379434724,86.36585365853658,7.337561399195359,0.488609756097561,0.0558792251635439,14.158536585365852,3.729990276342279,36.6219512195122,6.721331885763322,0.387780487804878,0.0760672256918212,17.329268292682926,6.400337333024963,23.10975609756097,7.501450226145123,0.7462073170731708,0.1093618682055331,8.21951219512195,3.1662744016065942,35.14634146341464,5.164269339208518,43.36585365853659,5.76175598045594,25.48780487804878,4.677880448699131,13.378048780487806,3.730555328542854,7.329268292682927,3.1033827741965325,4.682926829268292,2.303395501012824,17.914634146341463,3.705855291932695,2.475609756097561,14.252767207823098,-5.04,4.5600000000000005,9.6,0.4210526315789473,19,-1.0775,40,-0.1761291445502343
1610612750,MIN,Minnesota Timberwolves,2013,2012-13,2,82,95.7439024390244,9.60813823721464,98.10975609756098,10.207726554980724,94.04878048780488,4.391075233277828,101.84268292682928,9.515303210206916,104.10853658536588,10.57499030988684,-2.2634146341463413,13.01023824944945,48.1219512195122,0.7760336619661978,35.890243902439025,4.642812306416951,81.73170731707317,7.717302638360412,0.440890243902439,0.0541349493686809,5.487804878048781,2.6908344771984054,17.98780487804878,4.220742145376057,0.300609756097561,0.1223239734130015,18.47560975609756,6.381349386609208,24.902439024390244,8.088415364799216,0.7429878048780488,0.0993676915352665,11.865853658536585,4.141813866143259,30.15853658536585,5.561040652667475,42.02439024390244,6.969024250662599,22.390243902439025,4.265150475862778,14.804878048780488,3.4621017822092397,8.536585365853659,3.127714117967596,4.719512195121951,2.588075171327532,18.402439024390244,3.7113764246397696,-2.365853658536585,12.512228285548414,0.5700000000000002,-0.7500000000000003,-1.3200000000000005,0.3684210526315789,19,-7.239024390243903,41,-4.245912022118285
1610612750,MIN,Minnesota Timberwolves,2014,2013-14,1,82,106.92682926829268,12.205827881253574,104.2560975609756,12.583362497498465,99.2560975609756,5.7452309274838935,107.68902439024392,10.227691847035493,105.1439024390244,10.856062737622873,2.542682926829268,14.087933988738836,48.426829268292686,1.791822906571826,38.89024390243903,4.716679354939028,87.5,6.618809709857857,0.4458658536585365,0.0563620926359136,7.317073170731708,2.707456775668045,21.42682926829268,4.6535012380958864,0.338219512195122,0.094936369124141,21.82926829268293,6.927855524911297,28.0609756097561,8.552449018943053,0.7811341463414634,0.0835829981818356,12.48780487804878,3.725931493240528,32.24390243902439,4.962976445666541,44.73170731707317,5.321859835697479,23.9390243902439,4.859374447816213,13.926829268292684,3.5408741607606826,8.75609756097561,3.144899753489792,3.6219512195121952,1.8701042679219064,18.341463414634145,3.8752762137959778,2.6707317073170733,14.146547699126936,7.409999999999999,-1.72,-9.13,0.3333333333333333,21,-3.093023255813954,43,-0.0496073380239846
1610612750,MIN,Minnesota Timberwolves,2015,2014-15,2,82,97.7560975609756,10.027814374337352,106.54878048780488,11.353090011772876,96.01219512195122,4.514705471270699,101.85853658536584,9.752732459396746,110.9451219512195,11.141969952813046,-9.086585365853658,11.42867049065554,48.30487804878049,1.203790560412963,36.41463414634146,4.422030201057716,83.17073170731707,6.576810886235305,0.4387073170731708,0.049358223902275,4.951219512195122,2.503836261677985,14.914634146341465,3.944682995954519,0.3252195121951219,0.1256418606414204,19.97560975609756,5.811813447585295,25.73170731707317,6.651925889299724,0.7735853658536586,0.0948612959125595,11.573170731707316,3.868296233261951,29.341463414634145,5.138139914657406,40.91463414634146,6.2206371384054,21.59756097560976,4.570057557239623,15.01219512195122,3.8183892358583766,8.146341463414634,2.6718558363726,3.987804878048781,2.0993467675318147,19.15853658536585,4.117021313843904,-8.792682926829269,11.050655312536676,-7.08,-15.85,-8.77,0.3157894736842105,19,-12.351063829787234,47,-10.52286701862201
1610612750,MIN,Minnesota Timberwolves,2016,2015-16,1,82,102.41463414634148,12.632459873559512,105.95121951219512,11.429766681593458,97.13414634146342,5.937456318481454,105.39268292682924,10.880810841333934,109.0780487804878,10.899790737488855,-3.686585365853658,11.560733478750247,48.48780487804878,1.6868694244915796,37.74390243902439,5.3166660295129216,81.3170731707317,6.322364866151967,0.4649268292682927,0.0598400709066979,5.548780487804878,2.4198379653150344,16.426829268292682,4.594764835812247,0.3355121951219512,0.1048564266977151,21.37804878048781,6.34918142658678,26.98780487804878,7.7626740690433556,0.7951341463414633,0.0922406624395497,10.01219512195122,3.4300556178733173,31.54878048780488,5.282518196317868,41.5609756097561,6.4733023628499895,23.365853658536587,4.940415824759052,15.01219512195122,3.746583307491762,8.0,3.1150768375280413,4.573170731707317,2.341417149246821,20.682926829268293,3.867809693061493,-3.5365853658536586,11.610122362953208,-0.8900000000000006,-3.0400000000000005,-2.15,0.4193548387096774,31,-7.095121951219513,41,-5.384921719950209
1610612750,MIN,Minnesota Timberwolves,2017,2016-17,0,82,105.57317073170732,10.459835571973064,106.6829268292683,12.506667899372609,95.97560975609755,5.360982980060302,110.04268292682929,9.523331071024828,110.94634146341464,11.823717481902206,-0.9073170731707314,13.474015051272843,48.30487804878049,1.203790560412963,39.45121951219512,4.187436939711334,84.41463414634147,6.499669924215991,0.4680731707317073,0.0441335740420326,7.329268292682927,2.889123400946352,21.01219512195122,5.480591800159533,0.3462317073170732,0.0940314235341776,19.341463414634145,5.542695141978909,24.21951219512195,6.421461681695148,0.7978414634146344,0.0841285714318584,11.439024390243905,3.189866520585283,30.97560975609756,5.118293527725137,42.41463414634146,6.20026128384566,23.65853658536585,4.656654636096556,14.024390243902438,3.481788988706661,7.975609756097561,2.9269948763746405,4.512195121951219,2.358299776958096,20.07317073170732,3.832223632630384,-1.1097560975609757,12.965296602436824,3.1100000000000003,-2.53,-5.64,0.391304347826087,23,-2.68139534883721,43,-3.012166473120045
1610612750,MIN,Minnesota Timberwolves,2018,2017-18,1,82,109.51219512195122,10.189856857496686,107.28048780487804,11.390134772226316,97.3780487804878,5.392359120689197,112.51951219512192,9.296108823872576,110.23658536585368,10.21859249802882,2.2878048780487807,12.73509189178946,48.30487804878049,1.2037905604129633,41.03658536585366,4.467841531367561,86.13414634146342,7.364851787705099,0.4775121951219511,0.0458791337229827,8.024390243902438,2.5626741904353345,22.5,4.719934086168766,0.358,0.0926238910065064,19.414634146341463,6.140236090511072,24.146341463414632,6.967511824013342,0.802329268292683,0.0876977208592243,10.341463414634148,3.768680262160492,31.621951219512194,4.933233842596481,41.96341463414634,6.290194450175428,22.695121951219512,4.707989071361085,12.451219512195122,3.797830566645635,8.402439024390244,3.157822957287094,4.2073170731707314,2.376519941853191,18.23170731707317,3.591137171549434,2.231707317073171,12.388065523698684,-0.4400000000000002,0.72,1.16,0.5,22,-0.4479999999999996,50,0.1386714908641886
1610612750,MIN,Minnesota Timberwolves,2019,2018-19,1,82,112.47560975609755,10.96709512813367,113.97560975609755,13.471483929145926,101.71951219512196,5.216958080237999,110.59634146341465,9.390097819892423,112.1987804878049,12.16060725723842,-1.601219512195122,13.430594279180658,48.36585365853659,1.3100956059915252,41.6219512195122,4.663068040801747,91.2560975609756,7.178175041654805,0.4572073170731707,0.0484273001786139,10.085365853658535,2.9237267758052177,28.74390243902439,6.111739312377706,0.3553292682926829,0.0882353831322504,19.146341463414632,6.539758653038196,24.32926829268293,7.845821216998618,0.7866219512195122,0.0885484648274956,11.25609756097561,4.066760702038946,33.53658536585366,5.181150837294312,44.79268292682927,6.938420151195784,24.60975609756097,3.835365315099854,13.097560975609756,3.480491508136657,8.329268292682928,2.735477379733127,5.012195121951219,2.8218455673374185,20.29268292682927,4.029176936684751,-1.5,13.939242057436354,-6.85,-3.9900000000000007,2.859999999999999,0.4782608695652174,23,-5.795238095238095,42,-3.797557321744408
1610612750,MIN,Minnesota Timberwolves,2020,2019-20,1,64,113.25,11.475301289401498,117.546875,12.84452781698377,105.25,5.898614311315056,107.696875,10.154051013468813,111.634375,11.08378221432572,-3.9390625,11.261813792670951,48.625,1.889822365046136,40.40625,4.9335867052052285,91.640625,6.191051369799161,0.44165625,0.050460174064966,13.328125,3.563726814659593,39.6875,5.178940873521205,0.3365,0.0795632921661582,19.109375,5.7296698913194,25.375,6.390717474687004,0.7480781249999999,0.0943913341273092,10.546875,3.4083449761123763,34.265625,6.154730243079657,44.8125,7.166666666666667,23.828125,5.308138966315246,15.328125,3.285633409977733,8.671875,3.0344827100282377,5.65625,2.5771816155182155,21.40625,3.9549797824217854,-4.296875,11.982367584768376,0.0299999999999997,-7.12,-7.15,0.3636363636363636,11,-7.869696969696969,33,-6.03427459173826
1610612750,MIN,Minnesota Timberwolves,2021,2020-21,1,72,112.125,12.120216495068227,117.68055555555556,13.083509014699198,102.625,4.9970061459373065,109.26527777777778,10.644196457770398,114.43194444444444,10.638646350259238,-5.1625,13.043410051617938,48.34722222222222,1.27996173162669,40.72222222222222,4.783251950036438,90.91666666666669,6.994464612196391,0.4486944444444445,0.0474079208003956,13.11111111111111,3.21333294372039,37.583333333333336,5.288174423408741,0.3495416666666667,0.0739699096606942,17.569444444444443,6.1365365946233705,23.08333333333333,7.531623471249479,0.7616527777777777,0.0982143616649097,10.51388888888889,3.5044963293876776,33.0,4.395900779359315,43.513888888888886,5.58416537840669,25.63888888888889,4.618717447595151,14.26388888888889,3.034974791901975,8.777777777777779,3.407622864068817,5.527777777777778,2.583655136703564,20.93055555555556,4.16330850588567,-5.555555555555555,13.420489788598784,-9.18,3.890000000000001,13.07,0.4166666666666667,24,-10.279487179487177,39,-7.122513926674441
1610612750,MIN,Minnesota Timberwolves,2022,2021-22,3,82,115.9390243902439,13.500203529307663,113.3048780487805,13.88105470108716,101.91463414634148,4.380656750785474,113.73902439024388,11.998855460824927,111.04756097560976,12.85859683232335,2.6792682926829268,15.566517865930718,48.24390243902439,1.3385174737004315,41.59756097560975,5.251360214380112,90.95121951219512,6.22599575857448,0.4581341463414634,0.0560043565754942,14.768292682926829,3.41130575082692,41.29268292682927,5.55663946065914,0.3593292682926829,0.0754245686268368,17.975609756097562,6.071539780205652,23.09756097560976,7.339407847910106,0.7762926829268293,0.0792501100680589,11.231707317073171,4.000922055726051,32.926829268292686,5.501471156342734,44.15853658536585,7.118866451927117,25.682926829268293,4.908742638484548,14.329268292682928,3.721989638003038,8.792682926829269,2.8490319121580634,5.609756097560975,2.561616472488194,21.78048780487805,4.283255915841381,2.6341463414634148,16.20128953495998,-4.7700000000000005,-3.65,1.120000000000001,0.5625,16,-0.5666666666666669,48,0.1220274277421388
1610612750,MIN,Minnesota Timberwolves,2023,2022-23,1,82,115.78048780487804,11.98458309069924,115.8170731707317,11.672620754506273,102.23170731707316,4.678025278455828,113.31341463414635,11.208085289229707,113.12195121951216,10.430818823607494,0.1926829268292685,11.405227093693366,48.36585365853659,1.527623791205016,42.86585365853659,4.953517755207837,87.40243902439025,6.865299677124802,0.4920365853658536,0.0581680080757882,12.158536585365852,3.945522582531023,33.30487804878049,6.567200625762728,0.3635121951219512,0.0857848649781503,17.890243902439025,5.402345392720305,23.682926829268293,6.318458260106132,0.7549146341463414,0.1001183498701846,9.134146341463415,3.5892920142424978,32.75609756097561,4.849744744739643,41.89024390243903,6.547086992542968,26.15853658536585,5.243383866854323,15.341463414634148,3.982119022085151,8.012195121951219,3.1051287818029136,5.414634146341464,2.3724302251363727,21.5609756097561,3.604173030525265,-0.0365853658536585,11.850347832527191,1.02,2.4300000000000006,1.4100000000000006,0.56,25,-0.1941176470588234,51,-0.1129076235972531
1610612750,MIN,Minnesota Timberwolves,2024,2023-24,0,82,112.97560975609755,9.19336262149351,106.52439024390245,11.873017037561455,98.54878048780488,4.113069920806323,114.75,9.479415645895813,108.51341463414632,12.368166647527747,6.2353658536585375,13.717883902169005,48.30487804878049,1.203790560412963,41.25609756097561,4.084934608509228,85.03658536585365,6.978706806432948,0.4865731707317074,0.0456511275232423,12.646341463414634,3.163729441771008,32.69512195121951,5.332613433798385,0.3870121951219512,0.0733472198809045,17.817073170731707,5.617714593483653,22.9390243902439,6.4928214129631145,0.774780487804878,0.1010312290542065,9.378048780487806,3.1096831798549136,34.23170731707317,5.464359902847455,43.609756097560975,6.14386394195933,26.634146341463413,4.19438835907154,14.170731707317072,3.841954486040848,7.890243902439025,2.6010733660984187,6.048780487804878,2.387738425943194,18.82926829268293,3.937176020138055,6.451219512195122,13.476227298399694,8.320000000000002,4.06,-4.2600000000000025,0.5714285714285714,21,3.896153846153846,52,4.240010157127756
1610612750,MIN,Minnesota Timberwolves,2025,2024-25,0,82,114.29268292682929,11.294582777617135,109.29268292682929,12.386260612965382,98.7560975609756,4.945532902940598,115.86951219512196,11.369926642589832,110.80609756097562,11.539383422355897,5.0634146341463415,12.904889610168985,48.36585365853659,1.527623791205016,41.02439024390244,4.760889038658868,87.58536585365853,7.892723980971797,0.4699146341463415,0.0505159066060866,15.03658536585366,3.64622287891815,39.86585365853659,5.269905696726827,0.377060975609756,0.0753546917544409,17.20731707317073,5.704098169116199,21.817073170731707,6.705678538466231,0.7896585365853658,0.1092625357400719,11.060975609756095,4.05318823136848,33.24390243902439,4.7572192718268616,44.30487804878049,6.525711775927218,26.121951219512194,5.28073658326077,14.46341463414634,3.7058349784744102,7.987804878048781,3.48362625895412,4.951219512195122,2.2049463979621318,18.26829268292683,3.903302749944408,5.0,13.009018714001243,5.44,9.03,3.59,0.5,26,1.2500000000000002,44,3.152797088690738
1610612751,BKN,Brooklyn Nets,2013,2012-13,0,82,96.8780487804878,11.252862729213811,95.09756097560977,11.035979045100184,90.64634146341464,4.892352185468113,106.95121951219512,11.917879957943873,104.92926829268292,11.97359737196369,2.0231707317073173,15.725643905484306,48.426829268292686,1.7918229065718263,35.8780487804878,4.659757435276624,79.8048780487805,6.9111450952902285,0.4500121951219513,0.047958442375894,7.658536585365853,2.928023444026438,21.463414634146343,5.067921681679291,0.3563658536585365,0.1001840913167653,17.463414634146343,5.207295741271773,23.87804878048781,6.5779096156128,0.7321463414634146,0.106707645132201,12.768292682926829,3.9198727004015335,30.0,5.277485372016852,42.76829268292683,6.775589410811167,20.341463414634145,4.39196660637174,14.707317073170731,3.898362444677929,7.304878048780488,2.3501459076860374,4.7682926829268295,2.4810331404766304,18.29268292682927,3.629399177832412,1.7804878048780488,13.84038141756939,2.79,6.09,3.3000000000000003,0.7272727272727273,22,-7.546428571428571,28,-1.8285563312041184
1610612751,BKN,Brooklyn Nets,2014,2013-14,0,82,98.52439024390245,10.795776048427683,99.52439024390245,10.220079014161588,93.45121951219512,4.787206301533467,105.39512195121954,9.828001095873963,106.77317073170732,10.365970546837293,-1.3743902439024391,15.236180226526995,48.48780487804878,1.6868694244915796,35.74390243902439,4.983456521727123,77.9390243902439,6.272313375925785,0.4596219512195122,0.0595189855059031,8.646341463414634,3.798544072029236,23.4390243902439,6.192583299829215,0.3616341463414634,0.1110309168594269,18.390243902439025,5.684625350177084,24.414634146341463,6.94946701839841,0.7544024390243902,0.0931315092687167,8.792682926829269,3.6809077143996873,29.353658536585368,5.371097667476193,38.14634146341464,6.644633871732187,20.902439024390244,5.92256566879375,14.524390243902438,3.621695973211001,8.597560975609756,3.2120904162110824,3.792682926829268,2.029034952014142,21.670731707317078,4.297730891530933,-1.0,14.363877876615389,-5.410000000000001,-5.220000000000001,0.1900000000000004,0.5,26,-4.242105263157895,38,-3.0184420716116733
1610612751,BKN,Brooklyn Nets,2015,2014-15,0,82,98.02439024390245,12.090171102094809,100.90243902439023,11.58608121533484,94.84146341463416,6.050139294784816,103.4560975609756,11.91581683124562,106.34634146341465,10.674108458702118,-2.892682926829268,16.59154016535889,48.609756097560975,2.532534462544332,37.426829268292686,5.040650770755006,82.97560975609755,7.147434331621516,0.4522682926829269,0.0574724945013662,6.597560975609756,3.0342072656303447,19.914634146341463,4.690945361333594,0.3271951219512195,0.1235969593921007,16.573170731707318,5.305553781977314,22.15853658536585,6.370203617489367,0.7481219512195122,0.1153670888564302,10.317073170731708,3.630726379660503,32.03658536585366,5.188889179041675,42.35365853658536,5.692472723617018,20.92682926829268,4.259428141657939,13.817073170731708,4.213816336533515,7.024390243902439,2.671179559837058,4.146341463414634,2.2777612531623475,19.25609756097561,4.27687140646073,-2.8780487804878048,15.405939406126633,0.36,-0.6000000000000002,-0.9600000000000002,0.625,24,-7.390000000000001,40,-5.490020035844138
1610612751,BKN,Brooklyn Nets,2016,2015-16,2,82,98.64634146341464,11.53028428034916,106.0,10.055402085998905,96.3780487804878,4.302282609489069,102.27073170731704,10.185907570670444,109.80731707317074,9.751261779548592,-7.53048780487805,10.762425366018048,48.18292682926829,0.944484296943331,38.24390243902439,4.6096007582933005,84.39024390243902,7.309314364766852,0.4539878048780488,0.0474428815517856,6.475609756097561,2.9906257231890354,18.390243902439025,4.998162866348255,0.3484390243902439,0.1186993398175007,15.682926829268292,5.904336236160816,20.71951219512195,6.8390209216317,0.7521341463414634,0.1226065434577004,10.524390243902438,4.086187542924703,31.87804878048781,4.635851284650269,42.40243902439025,6.3515522669611855,22.304878048780488,3.694136242416742,14.78048780487805,3.855489561535435,7.646341463414634,2.9202230221760828,4.048780487804878,2.089966855572679,18.0,3.634539385288028,-7.353658536585366,10.58343913766828,-8.620000000000001,-16.339999999999996,-7.719999999999995,0.45,20,-8.082222222222219,45,-8.619502054399296
1610612751,BKN,Brooklyn Nets,2017,2016-17,2,82,105.76829268292684,11.883486602811695,112.5,10.723517480775318,102.08536585365852,4.303892064345443,103.60487804878052,10.663296949667872,110.18780487804878,10.434858369715672,-6.573170731707317,12.830452286327452,48.18292682926829,1.228549770172061,37.829268292682926,4.359762361993633,85.20731707317073,6.571050999007446,0.4454146341463414,0.0533034525598743,10.695121951219512,3.335884299405237,31.59756097560976,5.488168544944438,0.3372073170731707,0.0863380862133545,19.414634146341463,6.038868382899243,24.634146341463413,7.251244584738712,0.787280487804878,0.0815717928719952,8.792682926829269,3.5407253385309043,35.109756097560975,5.103874339470997,43.90243902439025,6.61388318371598,21.414634146341463,3.990579089485248,16.536585365853657,3.300561575678437,7.23170731707317,2.602462179314162,4.719512195121951,2.1958118959887005,21.04878048780488,4.1002933921655895,-6.7317073170731705,13.201242721606198,-4.68,-0.2900000000000006,4.389999999999999,0.238095238095238,21,-12.468421052631578,38,-9.39865414331116
1610612751,BKN,Brooklyn Nets,2018,2017-18,1,82,106.59756097560977,10.656082429446087,110.34146341463416,11.474307867660468,100.46341463414636,6.232521480010763,106.1939024390244,9.516993865568995,109.75487804878048,10.136660667651707,-3.554878048780488,12.497438280111297,48.426829268292686,1.6103867168783477,38.24390243902439,4.108290250272953,86.7560975609756,7.504008765048179,0.4421463414634145,0.0443507684878425,12.695121951219512,3.462993154755372,35.65853658536585,6.806350542583119,0.3558902439024389,0.0677852466007899,17.414634146341463,5.579838529262903,22.5609756097561,7.262447910568362,0.7791463414634145,0.099783608088904,9.658536585365852,3.389233178121863,34.78048780487805,4.891475048916271,44.4390243902439,6.016638577908394,23.670731707317078,4.789533027184216,15.182926829268292,3.688915825806898,6.243902439024391,2.7422662323577884,4.7560975609756095,2.83087464392608,20.585365853658537,4.334618668383773,-3.7439024390243913,12.28550382914935,-3.58,-1.1799999999999993,2.4000000000000004,0.4444444444444444,27,-4.702,50,-5.29970751268421
1610612751,BKN,Brooklyn Nets,2019,2018-19,1,82,112.2439024390244,13.113522354179834,112.3170731707317,14.057973484411155,103.07317073170732,6.34556418957929,108.86707317073171,10.41080937399876,108.95,11.787912306392933,-0.0865853658536584,12.603759601704605,48.73170731707317,2.6201912119830504,40.25609756097561,5.395038817489287,89.73170731707317,8.533230295222545,0.4496219512195122,0.0505944027167946,12.768292682926829,3.817758312225001,36.15853658536585,6.6415629429980925,0.3527804878048781,0.0832752426254466,18.963414634146343,6.2250888673337785,25.463414634146343,8.288315622045737,0.746719512195122,0.0830738589107729,10.975609756097562,4.121535162138393,35.59756097560975,5.877052583067239,46.573170731707314,7.272526498693183,23.82926829268293,4.534653615063875,15.073170731707316,3.727709016768972,6.573170731707317,2.533871715719915,4.134146341463414,2.2812287955893327,21.5,4.519505053202831,-0.073170731707317,12.845502155416572,-1.34,2.01,3.35,0.6785714285714286,28,-4.123684210526315,38,-2.161226423212575
1610612751,BKN,Brooklyn Nets,2020,2019-20,1,72,111.77777777777776,12.001434447389704,112.34722222222224,12.528457434832134,102.83333333333331,5.477225575051661,108.76805555555556,10.92352193100521,109.24305555555556,11.32358658143667,-0.4694444444444442,13.80686335643795,48.55555555555556,1.582375544258471,40.388888888888886,5.562843420145663,90.25,7.672430982622039,0.4484444444444444,0.0571429856917847,13.069444444444445,3.416308809840535,38.138888888888886,6.789190985750921,0.3450972222222222,0.0774642415864871,17.930555555555557,5.8510294962411695,24.05555555555556,7.261491890496288,0.7465,0.0941705076286745,10.63888888888889,3.5297749820774915,37.263888888888886,5.900568259947286,47.90277777777778,6.778507298023539,24.45833333333333,4.764710357275917,15.26388888888889,4.550168099527677,6.444444444444445,2.674284892641574,4.486111111111111,2.5119043645760506,20.97222222222222,3.8819634288073614,-0.5694444444444444,14.052042494903018,-1.8700000000000003,1.14,3.01,0.5,22,-4.575757575757577,33,-2.7311783678117725
1610612751,BKN,Brooklyn Nets,2021,2020-21,3,72,118.56944444444444,12.147945272139577,114.06944444444444,12.30747670262278,101.11111111111111,5.247549543628202,117.28194444444443,10.447431470696436,113.08055555555556,10.60574703213056,4.204166666666667,13.387795971925904,48.34722222222222,1.5305317332683668,43.138888888888886,5.088804490487919,87.34722222222223,7.019409152580451,0.4953888888888887,0.0567948012785428,14.166666666666666,4.14525012412391,36.11111111111112,5.798386263011984,0.3890277777777778,0.0870402160930646,18.125,5.656698634063841,22.541666666666668,6.618236648687335,0.8035833333333333,0.0912843799791016,8.88888888888889,3.0881671283841734,35.541666666666664,5.26465091870056,44.43055555555556,6.157158638845711,26.791666666666668,5.112639680932175,13.541666666666666,3.9997799235232576,6.722222222222222,2.82953349174518,5.263888888888889,2.3012125129448515,19.041666666666668,3.987436254954296,4.5,13.352216675175889,7.08,4.14,-2.9400000000000004,0.6521739130434783,23,1.318181818181818,33,3.270635764840649
1610612751,BKN,Brooklyn Nets,2022,2021-22,0,82,112.90243902439023,11.04157100570448,112.1219512195122,11.003243342168426,99.71951219512196,4.281093636218632,113.28170731707316,10.56489794811194,112.41341463414632,11.069552972507122,0.8731707317073172,14.632131468238802,48.18292682926829,0.944484296943331,41.97560975609756,4.455474118834868,88.42682926829268,6.999171887180174,0.476719512195122,0.0570252866566896,11.46341463414634,3.655522194887354,31.73170731707317,5.913050601800391,0.3596463414634146,0.0876824196452454,17.48780487804878,5.818751939574061,21.71951219512195,6.7041067020662,0.8039999999999999,0.106091272141922,10.292682926829269,3.954955650133099,34.09756097560975,5.243714064248175,44.39024390243903,6.038469468335837,25.25609756097561,4.531946889323428,14.060975609756095,3.497256635522537,7.097560975609756,2.5896744449455364,5.463414634146342,2.919475354318744,20.365853658536587,3.837798350076597,0.7804878048780488,14.669212228795033,2.61,3.76,1.1500000000000004,0.6190476190476191,21,-2.5625000000000004,48,-1.559695896792194
1610612751,BKN,Brooklyn Nets,2023,2022-23,0,82,113.35365853658536,11.119299151041774,112.5,13.462568133188435,98.91463414634148,5.07767133249041,114.74146341463414,11.202666693330428,113.52439024390245,12.394030432605373,1.2097560975609756,15.59979114893512,48.1219512195122,0.7760336619661978,41.45121951219512,5.096966996999633,85.09756097560975,5.690819455621747,0.4884878048780487,0.0625748428727875,12.78048780487805,3.266078519403839,33.792682926829265,5.6146585153420006,0.3801341463414634,0.0879355490967179,17.670731707317074,5.256518300470357,22.085365853658537,6.218652189155126,0.801109756097561,0.0912920974900747,8.21951219512195,4.331978107863651,32.292682926829265,4.67060099994557,40.51219512195122,6.016938851828442,25.52439024390244,4.624747199647175,13.74390243902439,3.498892154861593,7.134146341463414,2.8793097386200697,6.170731707317073,2.6934070307517985,21.09756097560976,4.305063788683175,0.8536585365853658,15.346308480567195,-0.41,4.959999999999999,5.369999999999999,0.56,25,-3.097959183673469,49,-0.7599529581049465
1610612751,BKN,Brooklyn Nets,2024,2023-24,1,82,110.36585365853658,13.774652150049487,113.2560975609756,12.08489617030922,98.17073170731707,4.92362628093267,112.46341463414636,13.097115997638015,115.35975609756098,10.954596078743348,-2.901219512195122,16.039499806726674,48.30487804878049,1.203790560412963,40.65853658536585,5.486728122141583,89.10975609756098,8.308861991518343,0.457109756097561,0.0509509582888983,13.28048780487805,3.9480402709864704,36.707317073170735,7.2307433575782305,0.3618170731707317,0.0768402428079499,15.768292682926829,5.212280798571359,20.865853658536587,7.200415274584371,0.7619390243902439,0.0940994151935981,11.439024390243905,4.263243884549752,32.6219512195122,5.313946811329642,44.0609756097561,7.259472417274932,25.634146341463413,4.544735647073058,13.121951219512194,3.397131120437205,6.780487804878049,2.784544603341378,5.170731707317073,2.6331452255776235,18.48780487804878,4.009999545700613,-2.8902439024390243,15.408836728400145,-0.8899999999999999,-5.000000000000001,-4.110000000000001,0.4090909090909091,22,-7.890384615384617,52,-6.282684740395691
1610612751,BKN,Brooklyn Nets,2025,2024-25,2,82,105.10975609756098,11.46115941990247,112.21951219512196,11.863445661736948,97.1951219512195,5.05632234573278,108.25243902439026,11.351056138492094,115.41829268292682,10.836268867788744,-7.160975609756098,13.802261007276236,48.24390243902439,1.0836720337741033,37.63414634146341,4.39840654401886,86.09756097560975,6.274797239550506,0.4382195121951219,0.0502593334837246,13.573170731707316,4.049174547201034,39.41463414634146,6.554521989167017,0.3423536585365854,0.0781856562183992,16.26829268292683,5.300940472084909,20.682926829268293,6.160162834108211,0.7851585365853659,0.0974279688988634,10.902439024390244,4.029550586397302,30.402439024390244,4.297170346875165,41.30487804878049,6.07299024194601,25.15853658536585,4.681113912479374,15.170731707317072,3.7078657734331553,7.792682926829267,2.761006279601914,4.2926829268292686,2.5458162477600834,20.70731707317073,4.4263180498547925,-7.109756097560975,13.588308425470151,-0.8400000000000004,-13.14,-12.3,0.4444444444444444,27,-7.866666666666666,45,-8.281638352668027
1610612752,NYK,New York Knicks,2013,2012-13,3,82,99.95121951219512,10.43368528459078,95.71951219512196,11.11474872704199,91.0,4.15739709641549,109.94024390243902,11.420588510014964,105.32926829268293,10.493154591692388,4.615853658536585,14.405095716294417,48.1219512195122,0.7760336619661978,36.53658536585366,4.565558454208591,81.57317073170732,6.507413602780394,0.4492804878048781,0.05656205472158,10.865853658536585,3.512806184087269,28.914634146341463,5.506900765161667,0.3732073170731707,0.0887164630155924,16.01219512195122,5.609722385769906,21.085365853658537,6.720525441524469,0.7565121951219513,0.0999463119956994,10.853658536585366,3.7089213473698255,29.70731707317073,4.465195459418997,40.5609756097561,6.226382658634422,19.25609756097561,4.531946889323429,12.048780487804878,3.3734710813055293,8.195121951219512,2.486700547829176,3.5853658536585367,1.9935155342977136,20.121951219512194,4.004288577255236,4.2317073170731705,13.327127056031248,11.07,8.780000000000001,-2.289999999999999,0.5714285714285714,21,-0.2466666666666667,30,3.143082208421646
1610612752,NYK,New York Knicks,2014,2013-14,0,82,98.58536585365852,11.167580083716752,99.3780487804878,11.52950080178374,92.14634146341464,5.09447037729862,107.16097560975612,12.424445796792003,108.08414634146344,11.072627461081677,-0.925609756097561,17.191900267532745,48.426829268292686,1.7918229065718263,36.91463414634146,4.912069337167445,82.1829268292683,6.778921668099896,0.450609756097561,0.0599604305936574,9.25609756097561,3.4383852641803023,24.853658536585368,5.975509588723478,0.3689390243902439,0.0969601353186542,15.5,5.471023557382302,20.365853658536587,6.5536950186953975,0.7599268292682927,0.1028903024246319,10.609756097560975,3.180791490757985,29.71951219512195,4.740876593017352,40.329268292682926,5.864845841277092,20.01219512195122,4.203155494340597,12.96341463414634,3.6866295690023514,7.695121951219512,3.117806384561261,4.475609756097561,2.2945217084440337,22.134146341463413,4.13286196572091,-0.7926829268292683,15.920122994808438,-5.7,4.64,10.34,0.4,25,-7.323684210526319,38,-3.504133910416788
1610612752,NYK,New York Knicks,2015,2014-15,2,82,91.89024390243902,10.490449622066278,101.20731707317071,10.387240279028536,92.90243902439023,5.073800426489104,98.98902439024393,10.579610089871874,109.03658536585368,9.846657792256613,-10.04268292682927,12.319993090504363,48.426829268292686,1.6103867168783477,35.14634146341464,4.557240748521846,82.02439024390245,7.560416099588434,0.4298170731707317,0.0525885797227291,6.829268292682927,2.5033551710285877,19.682926829268293,4.634487063339259,0.3532682926829268,0.1148405280528996,14.768292682926829,5.536185745135106,19.20731707317073,6.548466609463659,0.7671341463414634,0.1020684546611566,10.573170731707316,3.928466819350487,29.79268292682927,4.336858409169752,40.36585365853659,6.323603042183302,21.29268292682927,4.40955137517664,14.707317073170731,4.321887461695036,7.012195121951219,2.5361285867185384,4.658536585365853,2.690722571250167,21.5609756097561,4.472405271548858,-9.317073170731708,11.649064020876578,-7.07,-8.389999999999999,-1.3199999999999985,0.2727272727272727,22,-12.25945945945946,37,-11.691394123099284
1610612752,NYK,New York Knicks,2016,2015-16,0,82,98.35365853658536,11.333738501711302,101.08536585365852,9.344175210168409,94.67073170731707,4.899117779105758,103.89878048780488,10.817150236322416,106.77682926829269,9.424492635005926,-2.8768292682926835,13.316557027133948,48.30487804878049,1.437496317893246,36.85365853658536,4.619128107614667,83.97560975609755,5.717583038001885,0.4400975609756098,0.0567662762336451,7.439024390243903,2.8764585606696342,21.48780487804878,4.202421120032994,0.3429634146341463,0.1039823637850178,17.20731707317073,5.426814550897088,21.37804878048781,6.684495131128822,0.8104024390243901,0.0968427336236752,10.365853658536585,3.5259608448697146,34.0,4.447221354708778,44.36585365853659,5.2293384023667775,20.51219512195122,3.9510708110650175,13.402439024390244,3.654389398921812,5.695121951219512,2.432744852180041,5.682926829268292,2.210402168761686,19.70731707317073,4.026111701019685,-2.731707317073171,12.573781049811062,-0.6800000000000002,-3.55,-2.87,0.3888888888888889,18,-7.113636363636365,44,-5.584281519006609
1610612752,NYK,New York Knicks,2017,2016-17,1,82,104.34146341463416,9.673968522161976,108.01219512195122,11.116103214593986,97.4390243902439,5.672323017878201,107.16951219512192,8.923802115889456,110.73536585365852,9.807887628895523,-3.568292682926829,10.787462751019682,48.426829268292686,2.383225782628378,39.5609756097561,4.335035451962088,88.48780487804878,7.784511216193193,0.4482682926829268,0.0434687481836551,8.585365853658537,2.735009510951008,24.65853658536585,5.466439724727337,0.3488780487804878,0.0855081239724129,16.634146341463413,6.389637048217169,21.10975609756097,7.491569084456513,0.7863780487804879,0.1142813984457385,11.98780487804878,4.200217226713501,33.207317073170735,4.888226735153844,45.19512195121951,6.708091712953002,21.78048780487805,4.064372122082699,13.890243902439025,3.439085787078928,7.085365853658536,2.49048172994999,5.548780487804878,2.685822121760492,20.341463414634145,4.1787809439664745,-3.670731707317073,10.538647133698513,-5.95,-3.87,2.08,0.4642857142857143,28,-7.184210526315789,38,-5.459847982525906
1610612752,NYK,New York Knicks,2018,2017-18,2,82,104.46341463414636,11.018721578902127,108.02439024390245,11.69992678014031,98.28048780487804,4.392120864119591,106.3060975609756,10.352054099990484,109.6780487804878,10.749493521117822,-3.3743902439024382,14.1625816417562,48.36585365853659,1.5276237912050157,40.65853658536585,4.789957375503336,87.71951219512195,7.071546865272879,0.4647439024390244,0.0518556426863086,8.207317073170731,3.094151411930551,23.341463414634145,5.715950202798062,0.3525853658536585,0.1092947031144549,14.939024390243905,5.102281167331812,18.98780487804878,6.021553678428694,0.7868170731707316,0.0978991832206915,10.475609756097562,3.2058034171691303,33.5609756097561,5.173764684612497,44.03658536585366,6.300000238979457,23.317073170731707,4.658400214932287,14.731707317073171,3.758279027242717,6.7317073170731705,2.315000895863117,5.134146341463414,2.623550488080031,20.51219512195122,3.614934394633847,-3.5609756097560976,14.197980695386168,0.9399999999999998,-4.18,-5.119999999999999,0.3636363636363636,22,-5.476,50,-5.712401223596871
1610612752,NYK,New York Knicks,2019,2018-19,2,82,104.57317073170732,10.873038903983002,113.78048780487804,10.40301996780102,100.53658536585364,4.54387424282385,104.00731707317075,9.635707518376888,112.90121951219513,9.094110071942293,-8.898780487804878,11.810065741367278,48.24390243902439,1.3385174737004315,38.21951219512195,4.719343933908199,88.3048780487805,6.75805696450996,0.4334878048780488,0.0481390075403908,10.03658536585366,3.0568487039425984,29.52439024390244,4.912130637654614,0.3391463414634146,0.0815517894908867,18.09756097560976,5.800403894190667,23.853658536585368,7.269285887490052,0.7600121951219512,0.0962390919138678,10.451219512195122,3.464644848541933,34.28048780487805,5.34090756204123,44.73170731707317,6.701849349500673,20.07317073170732,3.854708481411228,14.03658536585366,4.029046151098847,6.7926829268292686,2.921769313774581,5.146341463414634,2.753771605417336,20.890243902439025,4.496929261093992,-9.207317073170731,12.010014139318008,-3.53,-10.49,-6.960000000000001,0.4,20,-13.782500000000002,40,-10.96661644540743
1610612752,NYK,New York Knicks,2020,2019-20,2,66,105.8030303030303,13.263274566050882,112.25757575757576,13.679080722667347,99.9090909090909,6.671932652139507,105.9257575757576,11.317315672571567,112.28939393939392,10.760485101845532,-6.353030303030304,13.969694888986492,48.37878787878788,1.595813286891686,39.96969696969697,5.689314402307045,89.33333333333333,6.594480986945029,0.4474393939393939,0.0531838983116792,9.56060606060606,3.0990260895905197,28.363636363636363,5.963056427541329,0.3382727272727273,0.0931314282992746,16.303030303030305,5.383649597037588,23.484848484848484,7.489977763636345,0.6968787878787879,0.0898082598825049,12.045454545454543,3.772091108214557,34.45454545454545,5.466490417307752,46.5,7.2499336866993795,22.060606060606062,4.832195831101689,14.333333333333334,4.039548083381199,7.636363636363637,3.335756694855416,4.742424242424242,2.4701952963004365,22.181818181818183,4.58730385339326,-6.454545454545454,14.058320085855335,-10.29,-3.7400000000000007,6.549999999999999,0.5,20,-11.770967741935484,31,-9.747789907311558
1610612752,NYK,New York Knicks,2021,2020-21,0,72,107.02777777777776,12.5966374031094,104.72222222222224,11.5931283947902,97.13888888888889,4.358270607902381,110.17361111111111,11.81833134542679,107.7777777777778,11.009397038947654,2.3916666666666666,15.017686755720996,48.41666666666666,1.391624848265458,39.43055555555556,4.805590608391611,86.45833333333333,5.0711487156042505,0.4567083333333332,0.0543832092718352,11.76388888888889,3.7622777621158474,30.041666666666668,5.692687426940379,0.3912777777777778,0.1014727080802174,16.40277777777778,5.703124229585987,20.916666666666668,6.913448824420943,0.7859166666666666,0.0967675812900808,9.666666666666666,3.314500790912222,35.47222222222222,4.285488853151427,45.138888888888886,5.45482227684711,21.40277777777778,3.625650877835581,12.944444444444445,3.6805116334816894,7.041666666666667,2.718934650520828,5.069444444444445,2.387327982971456,20.45833333333333,3.642230782147465,2.305555555555556,14.569540761357926,-3.72,4.35,8.07,0.5,20,-0.918181818181818,33,0.3736506519303135
1610612752,NYK,New York Knicks,2022,2021-22,1,82,106.47560975609755,10.68774030529765,106.59756097560977,12.330690163313792,97.04878048780488,5.483763776923296,109.72560975609754,9.461602857653295,110.14268292682924,10.986130768211714,-0.4219512195121953,13.893928191486513,48.24390243902439,1.3385174737004315,37.65853658536585,4.464453603760092,86.20731707317073,6.271113089372963,0.4369756097560976,0.04205257603118,13.195121951219512,3.4585339946792053,36.9390243902439,6.435525554287824,0.3566829268292683,0.0707323032090277,17.963414634146343,5.9575558870180725,24.146341463414632,7.352033314483273,0.7431951219512194,0.1201457385612548,11.475609756097562,3.755573996523093,34.64634146341464,5.301693070409439,46.1219512195122,6.650703562340928,21.865853658536587,4.180383924485592,13.25609756097561,3.0380751525167478,6.951219512195122,2.552667155259475,4.865853658536586,2.566460766738637,20.390243902439025,4.048337862129347,-0.1219512195121951,13.285460579611303,1.59,5.140000000000001,3.5500000000000007,0.4117647058823529,17,-2.940384615384616,52,-2.6410680002424134
1610612752,NYK,New York Knicks,2023,2022-23,1,82,116.02439024390245,11.873796869272406,113.09756097560977,13.067356138364536,99.1951219512195,5.620594899295032,116.98048780487808,10.074223788674434,114.1987804878049,11.5198111042302,2.779268292682927,12.723272521467322,48.670731707317074,1.88597735116456,42.0,5.370242654930921,89.36585365853658,7.489106813713413,0.4710731707317074,0.0556926709028349,12.646341463414634,3.4618625944286125,35.73170731707317,6.016538483271468,0.3538414634146341,0.0800590013156493,19.37804878048781,5.076307212055958,25.451219512195124,5.531397338749111,0.7587926829268292,0.0959050118806319,12.573170731707316,4.067427032148068,34.02439024390244,4.441598004489363,46.59756097560975,5.834888165478708,22.92682926829268,4.799126689600566,12.98780487804878,3.608952867656152,6.426829268292683,2.897553194283186,4.146341463414634,2.2668951476321806,20.317073170731707,4.817350454553556,2.926829268292683,12.65865291119266,-0.45,3.029999999999999,3.479999999999999,0.5833333333333334,24,1.0979166666666669,48,1.6316313468170045
1610612752,NYK,New York Knicks,2024,2023-24,0,82,112.79268292682929,12.21993696300046,108.20731707317071,14.174170391712002,96.13414634146342,5.008048325216372,117.37682926829264,11.781931120722687,112.35243902439024,13.30899840041173,5.024390243902439,15.562693290787218,48.1219512195122,0.776033661966198,41.28048780487805,5.089991123337242,88.6829268292683,6.150134092245846,0.4662926829268293,0.0555427735973445,13.207317073170731,3.358195447506819,35.80487804878049,5.306504334922307,0.3694634146341463,0.0823104924265732,17.024390243902438,4.983864358567055,21.817073170731707,6.142601790773356,0.7818414634146342,0.0982196416845775,12.670731707317072,3.624521690193885,32.5,5.560553307578281,45.170731707317074,6.874186601577181,24.365853658536587,4.818975340914754,13.231707317073171,3.817758312225,7.463414634146342,2.4251517552171,4.097560975609756,2.3233105163742818,17.646341463414632,3.563781980623962,4.585365853658536,14.945126972858713,4.85,3.08,-1.77,0.5,18,0.3183673469387756,49,1.461280826788008
1610612752,NYK,New York Knicks,2025,2024-25,0,82,115.78048780487804,12.810127542703986,111.6829268292683,12.771378154682,98.6951219512195,4.940857686303292,117.22560975609755,10.62607799586586,113.29024390243904,11.651806512361317,3.9390243902439033,15.889477503452753,48.48780487804878,1.4927305532705053,43.329268292682926,5.312586680306718,89.20731707317073,7.160829327923933,0.486670731707317,0.0539142105177688,12.573170731707316,4.103688457734717,34.073170731707314,7.128070900363875,0.3662317073170731,0.0828256086688777,16.548780487804876,5.237925418709228,20.682926829268293,6.174175706027561,0.8012926829268293,0.0954289196796838,10.853658536585366,3.6788415756530464,31.79268292682927,4.796443653936104,42.64634146341464,5.7270679616640505,27.48780487804878,5.801753465125812,13.268292682926829,3.3149447623567823,8.182926829268293,2.842047813172348,3.951219512195122,2.238288803089165,17.158536585365855,3.44074895735418,4.097560975609756,15.850076726922255,4.609999999999999,4.28,-0.3299999999999992,0.6666666666666666,18,0.8641025641025646,39,1.054951073146913
1610612753,ORL,Orlando Magic,2013,2012-13,2,82,94.1219512195122,11.871108452828894,101.10975609756098,11.622674834570033,93.2439024390244,4.7572192718268616,100.93780487804878,11.64701668201291,108.4451219512195,12.023794849278527,-7.508536585365854,13.164300783403917,48.24390243902439,1.0836720337741033,37.71951219512195,4.929814536475685,84.1951219512195,6.56673063399986,0.4484999999999999,0.0519197505177669,6.170731707317073,2.9051035469477515,18.74390243902439,5.49480332635324,0.3224146341463414,0.119891200803526,12.51219512195122,4.175897633788111,16.573170731707318,5.289240155946876,0.7605487804878048,0.1296675856807406,10.853658536585366,3.435910400028644,31.853658536585368,4.527343404438893,42.707317073170735,5.631673664959094,22.817073170731707,5.416317478842704,14.524390243902438,3.2326483037451066,6.439024390243903,2.277629051922899,4.365853658536586,2.555614468509113,19.402439024390244,5.330693226402533,-6.987804878048781,12.313290924588609,-7.149999999999999,-8.26,-1.1100000000000012,0.3333333333333333,15,-9.36060606060606,33,-8.517639572626926
1610612753,ORL,Orlando Magic,2014,2013-14,2,82,96.51219512195122,11.265860043927344,101.95121951219512,10.89104563564212,95.57317073170732,5.6873923548187975,100.85243902439024,8.58494556034072,106.66341463414632,9.812533081741789,-5.815853658536587,12.047554636483726,48.670731707317074,2.454800678583666,36.85365853658536,5.2590238760512245,82.73170731707317,7.221450865625076,0.4460243902439024,0.0540888559320989,6.865853658536586,2.381835556938197,19.463414634146343,4.745875719451001,0.3536585365853658,0.0946670865290891,15.939024390243905,5.05121318021625,20.902439024390244,6.314024671947716,0.7645243902439024,0.1085108204890362,9.682926829268292,3.445799191574288,32.36585365853659,5.836268457600625,42.04878048780488,6.760273277813973,21.04878048780488,4.245265886260444,14.902439024390244,3.670401317236224,7.682926829268292,2.600465527082201,4.2682926829268295,2.2773646264211176,20.463414634146343,4.343847989607859,-5.439024390243903,11.351942848862578,0.3700000000000008,-6.63,-7.000000000000001,0.3181818181818182,22,-9.913157894736845,38,-7.513889716202831
1610612753,ORL,Orlando Magic,2015,2014-15,2,82,95.6951219512195,9.34085546666588,101.41463414634148,9.55807617854498,94.79268292682929,4.783556724369479,101.04024390243904,9.428258807293531,106.86341463414637,8.918831681711275,-5.817073170731708,10.910396048961616,48.18292682926829,0.944484296943331,37.51219512195122,4.217084307933957,82.82926829268293,5.89371893754569,0.4535975609756096,0.0464768254361213,6.7560975609756095,2.385972253674091,19.48780487804878,4.169980615282015,0.3478658536585367,0.0965920225465469,13.914634146341465,4.706709735172259,19.085365853658537,6.34054408132415,0.7363536585365854,0.1272344362842596,10.024390243902438,3.9595972165656574,31.79268292682927,3.927546920382196,41.81707317073171,5.696280026712881,20.634146341463413,4.641498787101583,14.890243902439025,3.858631810104459,7.890243902439025,2.689743195603568,3.829268292682927,2.176217570645156,20.902439024390244,4.232763904827891,-5.719512195121951,10.462483700881329,-2.7399999999999998,-4.26,-1.5200000000000005,0.5,24,-8.664102564102564,39,-7.428504746750635
1610612753,ORL,Orlando Magic,2016,2015-16,1,82,102.0609756097561,12.045538655683714,103.6829268292683,11.370177636082095,97.78048780487804,6.081797147984481,104.4280487804878,10.88640872423828,106.08902439024394,10.418490283010083,-1.6695121951219514,13.447893855240856,48.54878048780488,1.7578918281892588,39.53658536585366,4.999247158017265,86.82926829268293,7.396704100933064,0.4567317073170732,0.0562125702695432,7.7560975609756095,2.7736011961532285,22.170731707317078,5.108223527425433,0.3497560975609756,0.0997655970015555,15.231707317073171,6.004728138062919,20.10975609756097,7.445283696575519,0.7581585365853658,0.1088878083293545,10.28048780487805,4.234701995852436,33.03658536585366,5.33899033769083,43.31707317073171,6.789385413340168,23.57317073170732,4.881384360930083,14.085365853658535,3.356222227784749,8.207317073170731,3.207775294915133,5.085365853658536,2.520049085903456,20.74390243902439,4.322810515833009,-1.6219512195121952,13.058879240192734,0.5399999999999998,5.51,4.97,0.3478260869565217,23,-6.259090909090909,44,-3.8163266415422674
1610612753,ORL,Orlando Magic,2017,2016-17,2,82,101.07317073170732,13.148515841519464,107.64634146341464,12.353209160915284,97.42682926829268,5.416095098744017,103.68658536585367,11.83788396793539,110.30243902439024,11.521262958137752,-6.614634146341463,15.293814790697349,48.30487804878049,1.437496317893246,38.28048780487805,5.35475879329941,86.98780487804878,6.197358860865351,0.4400487804878048,0.0534274406859201,8.548780487804878,2.948749218095617,26.085365853658537,5.130882578790724,0.3287073170731707,0.0987861498520394,15.96341463414634,6.16330262987609,21.37804878048781,7.56150132702354,0.7483780487804879,0.1064035690763948,9.841463414634148,3.2373953567916063,33.34146341463415,5.228647376476432,43.18292682926829,6.122470349439443,22.195121951219512,5.162636479265518,13.304878048780488,3.7832934388180295,7.073170731707317,2.265034749167275,4.829268292682927,2.3083577511679803,19.317073170731707,3.8869139390895433,-6.573170731707317,14.88808495989192,-9.7,-7.369999999999999,2.330000000000002,0.4,15,-8.868421052631577,38,-8.687465322547528
1610612753,ORL,Orlando Magic,2018,2017-18,2,82,103.40243902439023,11.79229687476769,108.21951219512196,11.841571874141824,98.73170731707316,4.181230194329235,104.68414634146342,10.582404094664136,109.39756097560976,11.036303456217464,-4.713414634146342,13.230797986395991,48.1219512195122,0.7760336619661978,38.80487804878049,4.476106730901954,85.8780487804878,5.551977167345601,0.4529634146341462,0.0537059771191231,10.292682926829269,3.386566799628627,29.32926829268293,4.7115693646329415,0.3480121951219512,0.0907113852005275,15.5,5.407470826619478,20.463414634146343,6.833460020417724,0.7618658536585365,0.1168770338512013,8.804878048780488,3.0487359225890707,32.829268292682926,4.750061411035848,41.63414634146341,5.751032532354197,23.42682926829268,5.137685715738234,14.53658536585366,3.482567245019038,7.585365853658536,2.779782474446406,4.878048780487805,2.1908352536651856,19.25609756097561,4.159804647626344,-4.817073170731708,13.160104364459608,3.2,-4.109999999999999,-7.31,0.4117647058823529,17,-7.73469387755102,49,-6.143698393646005
1610612753,ORL,Orlando Magic,2019,2018-19,0,82,107.3170731707317,12.774277828666584,106.60975609756098,11.919230335538828,99.1829268292683,4.486269997270238,108.23902439024393,12.27140363546823,107.63658536585366,11.729834413017953,0.6121951219512198,15.856559107413233,48.24390243902439,1.0836720337741033,40.4390243902439,5.188062177720271,89.10975609756098,5.868951780472009,0.4542926829268294,0.0543658134694452,11.426829268292684,2.8459652523185164,32.109756097560975,5.298511548646015,0.3569146341463415,0.0742104450435934,15.01219512195122,5.234014823377359,19.20731707317073,6.15587204336419,0.7820243902439024,0.1016547018593701,10.024390243902438,3.402887698019984,35.390243902439025,5.394913236435417,45.41463414634146,6.651744817997598,25.54878048780488,4.629887978338164,13.195121951219512,3.183441046811537,6.621951219512195,2.5025431208403104,5.426829268292683,2.2934716140743685,18.60975609756097,3.8095270357451816,0.7073170731707317,15.790673763276327,-8.35,6.31,14.66,0.5217391304347826,23,-3.0323529411764705,34,-1.3234531340205156
1610612753,ORL,Orlando Magic,2020,2019-20,0,73,107.27397260273972,13.621123581054174,108.28767123287672,11.908772970721577,99.38356164383562,4.7276671983662695,107.85753424657533,11.877837880881575,109.26849315068492,11.635671645518087,-1.4150684931506852,13.571013546371512,48.136986301369866,0.8218385299158136,39.32876712328767,5.387884542915986,88.6027397260274,6.28211687169619,0.4444657534246575,0.0577968381948982,11.054794520547944,3.235610928741554,32.24657534246575,5.301417058773081,0.3424657534246575,0.0877051693319696,17.561643835616437,5.96514482773298,22.684931506849317,6.72655746593053,0.7665753424657533,0.096166077093545,10.287671232876711,3.1687688288057494,34.21917808219178,4.828292127722188,44.50684931506849,5.664517454370459,23.931506849315067,4.868631929457779,12.835616438356164,3.851456068922134,8.205479452054794,2.98588765933269,5.424657534246576,2.5381413158887773,18.301369863013697,4.316264239629145,-1.0136986301369864,13.474763604074566,-1.2100000000000002,1.2299999999999998,2.44,0.5,18,-7.837837837837838,37,-5.287831251361312
1610612753,ORL,Orlando Magic,2021,2020-21,2,72,104.0,11.496478334016336,113.30555555555556,11.582695797634162,99.41666666666669,3.935214796292287,104.59583333333332,10.593586120922811,113.89583333333331,11.117229839117956,-9.3,14.88420090632071,48.138888888888886,0.8274439780288528,38.25,4.781861267654949,89.20833333333333,6.474081586940822,0.4291944444444444,0.0480485783784916,10.88888888888889,3.717319780927869,31.77777777777778,5.704513217489579,0.3390277777777778,0.0861232284876328,16.61111111111111,5.975432226821721,21.43055555555556,6.917677679376465,0.7758333333333334,0.1016659816801368,10.375,3.0043981844463006,35.06944444444444,4.756985638307866,45.44444444444444,5.691329924255776,21.819444444444443,4.697396308741381,12.833333333333334,3.760431500562473,6.888888888888889,2.8902729319708294,4.416666666666667,2.2812771318085567,17.180555555555557,3.670692412284432,-9.305555555555555,14.783545181644191,-2.45,-15.220000000000002,-12.770000000000003,0.4666666666666667,15,-12.894444444444446,36,-11.169050631679356
1610612753,ORL,Orlando Magic,2022,2021-22,2,82,104.23170731707316,10.730479009118415,112.23170731707316,12.706855134904622,100.28048780487804,4.211314536991873,103.95121951219512,10.009615672034403,112.0341463414634,11.5528973386156,-8.081707317073171,13.385353411022455,48.24390243902439,1.0836720337741033,38.28048780487805,4.627546053272521,88.29268292682927,6.262740702607762,0.4340365853658536,0.0473347535316286,12.182926829268292,3.435932309299198,36.85365853658536,6.206571489940403,0.3298048780487804,0.0740057453599464,15.48780487804878,4.871798163324651,19.682926829268293,5.747523457613245,0.7877560975609756,0.0950688588620043,9.097560975609756,3.365070234247906,35.18292682926829,4.853732301419106,44.28048780487805,5.767671482236998,23.74390243902439,4.526495321062303,14.48780487804878,3.549452757121531,6.7682926829268295,2.6680495510965105,4.475609756097561,2.1899073195118994,19.65853658536585,4.214084298391956,-8.0,13.450411898782638,-8.79,-9.63,-0.8400000000000016,0.3333333333333333,18,-9.992156862745098,51,-9.419070472792288
1610612753,ORL,Orlando Magic,2023,2022-23,2,82,111.41463414634148,10.271561146340764,113.97560975609755,11.512715042434548,100.0609756097561,3.982515989212855,111.37439024390244,9.540476616398776,113.67073170731705,10.585553722226472,-2.2902439024390246,12.255042900087584,48.24390243902439,1.0836720337741033,40.52439024390244,4.292472911700366,86.26829268292683,7.187177849764351,0.4714512195121951,0.0499513720171494,10.768292682926829,3.0522154693441657,31.10975609756097,5.6284245489071045,0.3480731707317073,0.0867827969081721,19.59756097560976,5.199382100272218,25.0,6.291283407507585,0.7846341463414634,0.0874963861257408,10.158536585365852,3.539789741245267,33.08536585365854,5.2096804942484685,43.24390243902439,5.97848194037182,23.24390243902439,4.093237348403382,15.073170731707316,3.65749859811076,7.353658536585366,2.834409169254395,4.658536585365853,2.4856105005357096,20.146341463414632,4.028055779584581,-2.5609756097560976,12.06474054708735,-4.1000000000000005,0.1400000000000002,4.240000000000001,0.4090909090909091,22,-2.866,50,-2.9190391060559566
1610612753,ORL,Orlando Magic,2024,2023-24,0,82,110.46341463414636,11.198759986416508,108.4390243902439,12.189954942721103,97.82926829268293,5.069406856600451,112.90853658536584,9.870997563250976,110.75731707317073,10.978284181839882,2.153658536585366,15.014767998700568,48.24390243902439,1.3385174737004315,40.46341463414634,4.511152495571583,84.92682926829268,6.263317639002035,0.4777682926829269,0.0537881759415873,11.01219512195122,3.487168374211284,31.317073170731707,5.788191574082847,0.3522317073170731,0.090213778857858,18.52439024390244,5.459673959776732,24.414634146341463,6.473023258988973,0.7586951219512196,0.0994937418497711,10.5,3.16325352121928,31.804878048780488,4.241007987539801,42.30487804878049,4.893152243067161,24.670731707317078,4.332064994008697,14.707317073170731,3.0891598797117896,8.158536585365853,2.8994231533361554,5.158536585365853,2.3647071292840813,19.73170731707317,4.1337179644450135,2.024390243902439,14.48624346142254,1.96,2.75,0.7899999999999994,0.4761904761904761,21,-1.9191489361702128,47,-0.7080904581350563
1610612753,ORL,Orlando Magic,2025,2024-25,0,82,105.42682926829268,12.248487422671026,105.53658536585364,10.788877585474363,96.76829268292684,4.423000435400243,108.99634146341462,12.07932061209837,109.0951219512195,9.978828235214156,-0.104878048780488,15.260429766281518,48.1219512195122,1.1043152607484656,38.170731707317074,4.908558607793404,85.78048780487805,6.392558154534748,0.4458292682926829,0.0538128455172914,11.231707317073171,3.712836526669732,35.26829268292683,6.530174558549793,0.316609756097561,0.0848156688438006,17.853658536585368,5.5824282322644345,23.04878048780488,7.0183224738025,0.7772317073170733,0.0981215294305476,11.146341463414634,3.213098005903883,30.695121951219512,4.542498970668517,41.84146341463415,5.97002701194361,23.01219512195122,4.657382040119774,14.207317073170731,3.380181180322096,8.890243902439025,2.819710595258269,5.951219512195122,2.3980570274234654,20.09756097560976,3.961573936176331,-0.1219512195121951,14.518944834549863,0.0100000000000004,7.130000000000001,7.12,0.55,20,-3.802325581395348,43,-3.4134738766332813
1610612754,IND,Indiana Pacers,2013,2012-13,0,81,94.74074074074076,11.050766690345265,90.71604938271604,10.64099921048446,91.60493827160494,4.526806303415464,103.34814814814816,10.053843930446591,99.10246913580248,11.1343497262822,4.241975308641975,13.880380616156849,48.37037037037037,1.536590742882148,35.123456790123456,4.38857242178303,80.55555555555556,7.19027120489902,0.4375802469135803,0.0538414023307182,6.851851851851852,2.655706643772572,19.74074074074074,4.581969494054325,0.3492345679012346,0.1170445718097317,17.641975308641975,5.882832315252808,23.64197530864197,7.573487707085997,0.749567901234568,0.0936971101837731,12.876543209876544,3.979267256824373,32.97530864197531,5.51809593211729,45.851851851851855,7.185247231499956,20.30864197530864,4.471135133578055,15.148148148148149,3.9373566993324056,7.160493827160494,2.45181968200894,6.333333333333333,2.806243040080456,20.03703703703704,4.124452825661983,4.024691358024692,12.948914345073469,-1.63,-1.69,-0.0599999999999998,0.4782608695652174,23,-1.4928571428571429,28,1.708452831651844
1610612754,IND,Indiana Pacers,2014,2013-14,0,82,96.7439024390244,10.524294029998902,92.34146341463416,11.292103120929545,93.36585365853658,5.36682124259088,103.59878048780487,9.412921167957505,98.99268292682926,11.400419967224348,4.6,15.175589560821631,48.24390243902439,1.0836720337741033,35.96341463414634,4.566234426559999,80.15853658536585,7.580790395279604,0.4500365853658537,0.0529379896081432,6.7073170731707314,2.3804128953911365,18.804878048780488,4.606594908564347,0.3563170731707317,0.1013150419710692,18.10975609756097,5.445591937036364,23.25609756097561,6.388282049653092,0.7791341463414634,0.0941459022921235,10.170731707317072,3.509440101834614,34.52439024390244,5.359255544754114,44.69512195121951,6.922300738613463,20.134146341463413,4.328379490682029,15.085365853658535,4.160962672065901,6.7073170731707314,2.5067208666227074,5.439024390243903,3.139149688184664,20.42682926829268,3.4211776465143307,4.402439024390244,14.122794599903054,9.9,-6.760000000000001,-16.66,0.75,20,-0.8457142857142859,35,2.50957377222285
1610612754,IND,Indiana Pacers,2015,2014-15,0,82,97.32926829268293,9.45562067877924,97.04878048780488,10.809121021612324,94.54878048780488,4.7561589415352215,103.09878048780486,10.308494566270308,102.77439024390245,10.551962089800885,0.3231707317073172,12.674396265169408,48.426829268292686,1.6103867168783477,36.5609756097561,3.978639140058467,83.21951219512195,5.57557369078115,0.4406463414634146,0.0511922958978142,7.463414634146342,2.7585786371899887,21.21951219512195,4.49423331530997,0.3521341463414634,0.1078424504927193,16.74390243902439,5.592788512753637,22.15853658536585,6.8951038491989065,0.7579146341463414,0.1129528691419362,10.439024390243905,3.4715690442546867,34.41463414634146,4.711297741356252,44.85365853658536,5.803621583709739,21.42682926829268,4.397054254684488,13.98780487804878,3.595243436662502,6.158536585365853,2.466914463004501,4.573170731707317,2.610664206695385,21.24390243902439,4.084178977014876,0.2804878048780488,11.89384568553029,-2.49,5.32,7.81,0.4285714285714285,28,-3.3157894736842106,38,-2.385920101113934
1610612754,IND,Indiana Pacers,2016,2015-16,0,82,102.15853658536584,10.399987550081724,100.45121951219512,11.904094574146823,98.39024390243902,4.34544204960138,103.84756097560977,9.708214996700578,102.21341463414632,11.334997287382487,1.6439024390243908,12.267794810854497,48.48780487804878,1.4927305532705053,38.31707317073171,4.115247315012277,85.1829268292683,6.2993788617579325,0.450731707317073,0.0459801483682106,8.085365853658537,3.22490776789232,23.036585365853657,5.2268185965050336,0.3488292682926829,0.1071354058291377,17.4390243902439,5.613250551372546,22.82926829268293,6.584315216133109,0.763329268292683,0.1002462467975178,10.329268292682928,3.638120794419106,33.890243902439025,5.135223551845772,44.21951219512195,5.754277829524363,21.23170731707317,4.869402530054266,14.865853658536585,3.596164606849129,9.048780487804878,3.0627287076077594,4.7682926829268295,2.127415289621117,20.01219512195122,4.965296610535286,1.7073170731707317,12.060022526111725,0.5400000000000003,4.16,3.62,0.53125,32,-2.139024390243902,41,-0.2554819565422814
1610612754,IND,Indiana Pacers,2017,2016-17,0,82,105.09756097560977,10.950629674772763,105.3170731707317,13.896334047866317,97.42682926829268,5.420652067296733,107.9317073170732,10.120116600713876,107.99878048780488,12.49417142038974,-0.068292682926829,14.09286552754537,48.426829268292686,1.6103867168783477,39.28048780487805,4.579272653021836,84.52439024390245,6.75355527724965,0.4659146341463414,0.0501295115809637,8.646341463414634,3.229386484635812,22.98780487804878,5.320572470913962,0.3715365853658536,0.104331048977708,17.890243902439025,6.906797684945232,22.085365853658537,7.932121319667944,0.8060487804878047,0.0954610517745422,9.048780487804878,3.138382216823476,32.951219512195124,5.288941267304572,42.0,5.929628472945037,22.48780487804878,4.669956254425465,13.78048780487805,3.6346222322896753,8.158536585365853,3.245013314645293,4.987804878048781,2.4570076271708867,19.47560975609756,4.249112063397605,-0.2195121951219512,13.854646134499257,-3.4400000000000004,6.92,10.36,0.5333333333333333,15,-3.721621621621622,37,-2.5507693465224945
1610612754,IND,Indiana Pacers,2018,2017-18,0,82,105.5609756097561,11.871844023483304,104.1829268292683,10.749824056878287,97.28048780487804,5.257033830724348,108.48536585365852,10.460591796294135,107.26951219512196,9.627977352863727,1.221951219512195,13.57314000071732,48.18292682926829,0.944484296943331,40.79268292682927,5.383417164530278,86.3780487804878,6.493377906726699,0.4730731707317073,0.0582844833527662,9.03658536585366,3.214339484214945,24.51219512195122,4.595338224065358,0.3657682926829268,0.107764752796066,14.939024390243905,5.387107519949509,19.182926829268293,6.713038812143527,0.7814512195121952,0.0962697024809902,9.609756097560975,3.1417385199012817,32.73170731707317,4.708932359108787,42.34146341463415,5.944640728213428,22.182926829268293,5.188134726970498,13.268292682926829,3.193545885170048,8.792682926829269,3.176836709443899,4.146341463414634,2.1030369059154137,18.82926829268293,3.2690274086852376,1.3780487804878048,13.166212128959172,0.4999999999999996,1.0699999999999996,0.57,0.64,25,-1.684782608695652,46,-1.160894548314191
1610612754,IND,Indiana Pacers,2019,2018-19,0,82,108.01219512195122,11.265038127358473,104.6829268292683,11.338645866828426,98.7439024390244,4.036289016832341,109.42926829268292,10.82444065563562,106.01951219512196,11.078579476444569,3.407317073170732,15.26852471701264,48.0609756097561,0.5521576303742328,41.34146341463415,5.305993611223886,87.01219512195122,6.435806284325113,0.4761951219512195,0.0596873415503067,9.5,3.052018154404527,25.37804878048781,4.5314817675829575,0.3723658536585366,0.0933639516173557,15.829268292682928,5.805074149203236,21.0609756097561,7.42592648910693,0.7516097560975609,0.1029253302513389,9.292682926829269,3.0771471671577366,33.73170731707317,4.761078777247407,43.02439024390244,5.935820555996455,25.951219512195124,5.0329836499193314,13.682926829268292,4.0517578833386905,8.695121951219512,2.783057313393968,4.926829268292683,2.438277512866424,19.4390243902439,3.7943999053042736,3.3292682926829267,15.444887985676468,5.840000000000001,-0.0599999999999997,-5.9,0.4736842105263157,19,-2.4657142857142857,35,1.0922117675672978
1610612754,IND,Indiana Pacers,2020,2019-20,0,73,109.43835616438356,10.294262562452854,107.47945205479452,10.933015225353351,99.986301369863,4.423714975638975,109.64657534246577,11.103991802147611,107.58356164383562,10.755593037250565,2.0534246575342467,14.008698509931651,48.273972602739725,1.1457684705593247,42.12328767123287,4.763708888505806,88.45205479452055,5.939605991165507,0.4778356164383561,0.0578580671650294,10.178082191780822,3.1900124771326204,28.02739726027397,5.262478827457345,0.3623835616438356,0.0834105692305281,15.013698630136986,5.896074849434747,19.08219178082192,7.121472664214455,0.7831369863013699,0.096673895572879,8.712328767123287,3.276513441885353,34.0958904109589,5.338966773641288,42.80821917808219,6.663869276109154,25.863013698630137,4.6016756262533525,13.246575342465754,4.020022187327551,7.438356164383562,2.7838138376149,5.1506849315068495,2.553163793744235,19.794520547945204,4.333201613733933,1.9589041095890407,14.06674403233502,3.82,1.36,-2.46,0.6,20,-2.3636363636363638,33,-0.8556062236841622
1610612754,IND,Indiana Pacers,2021,2020-21,1,72,115.30555555555556,13.132733953578049,115.34722222222224,13.03857734637976,103.04166666666669,5.773756801739557,111.8638888888889,10.61873584098973,111.7611111111111,9.845518828460232,0.1069444444444448,13.59691686664886,48.48611111111112,1.491695845178464,43.263888888888886,5.548741909317178,91.20833333333331,6.696514754643264,0.4754027777777778,0.0598560855560298,12.34722222222222,3.619819162171387,33.958333333333336,6.400786703408825,0.3646944444444444,0.0861812108029451,16.430555555555557,5.469058648790701,20.73611111111111,6.461136374902334,0.7906527777777778,0.0871300080456465,9.0,2.706278563262073,33.666666666666664,5.090726171947032,42.66666666666666,5.976479721303749,27.40277777777778,4.778648881537578,13.541666666666666,3.4270567999172634,8.48611111111111,3.0023139224419704,6.388888888888889,2.765764319165785,20.18055555555556,3.795202267388556,-0.0416666666666666,14.054659394813712,4.139999999999999,4.980000000000001,0.8400000000000025,0.4210526315789473,19,-4.258333333333334,36,-2.717509274441884
1610612754,IND,Indiana Pacers,2022,2021-22,1,82,111.46341463414636,11.679035900036917,114.9390243902439,13.967641229125649,99.58536585365852,5.239807789124309,111.96097560975608,10.68975228780847,115.52317073170732,12.8731158159164,-3.564634146341464,13.693031227068982,48.48780487804878,1.4927305532705053,41.4390243902439,4.95186100688383,89.48780487804878,6.659707297981701,0.4637317073170732,0.0503167862868274,12.158536585365852,3.335071814042064,35.353658536585364,5.789244926606134,0.3444878048780488,0.0816756977474288,16.426829268292682,5.379500384816781,21.390243902439025,6.658802950223158,0.7714878048780487,0.1050986889420804,11.28048780487805,3.675996178895845,32.573170731707314,5.702567080168733,43.85365853658536,6.858574792058446,25.37804878048781,5.0445918820902005,14.426829268292684,3.678534624390057,7.097560975609756,2.580122286783049,5.573170731707317,2.601189128854545,20.42682926829268,3.5382582302347787,-3.475609756097561,13.333542229619232,-0.7599999999999999,-13.4,-12.64,0.2222222222222222,27,-7.072549019607843,51,-5.1565131236397175
1610612754,IND,Indiana Pacers,2023,2022-23,1,82,116.28048780487804,12.226539025792713,119.46341463414636,12.04333238198602,102.15853658536584,5.243383866854324,113.8890243902439,11.194520331670669,117.23048780487808,11.041824963498597,-3.337804878048781,10.792677447231334,48.18292682926829,0.944484296943331,42.0,4.797118476649534,89.57317073170732,6.917557707540825,0.4699146341463415,0.0499291352681971,13.560975609756095,4.0249148782521535,36.95121951219512,6.493876391893737,0.3659512195121951,0.0837202724006564,18.71951219512195,5.759103132859419,23.70731707317073,6.7338976750633375,0.7890121951219512,0.0899915625540773,10.146341463414634,4.079826767139077,31.402439024390244,5.4429924505940415,41.54878048780488,6.558666755182832,26.98780487804878,4.14101407762483,14.926829268292684,3.707784562990756,7.695121951219512,2.95935021392332,5.829268292682927,2.6796207491414057,21.23170731707317,4.049992472139947,-3.182926829268293,10.965859532135662,-0.9699999999999996,-8.610000000000001,-7.6400000000000015,0.5384615384615384,26,-4.458823529411764,51,-4.139816226651
1610612754,IND,Indiana Pacers,2024,2023-24,3,82,123.29268292682929,13.602367082383214,120.2439024390244,12.34740036177932,102.3048780487805,4.1860704470199055,120.46829268292684,11.885117553953927,117.5670731707317,10.77893527436272,2.902439024390244,15.645146572073658,48.0609756097561,0.5521576303742327,47.01219512195122,5.810790096166295,92.67073170731707,7.233418463483993,0.5085000000000001,0.0609347455059635,13.195121951219512,4.476106730901954,35.25609756097561,6.625448460218094,0.3728536585365853,0.1009282989535627,16.073170731707318,5.10090887037047,20.54878048780488,5.942424244518123,0.7815975609756097,0.0995225465808041,10.085365853658535,3.997533867898116,31.4390243902439,5.261313643821002,41.52439024390244,6.154844743869516,30.75609756097561,5.509948299391682,12.914634146341465,3.712512109178224,7.695121951219512,2.613776532667257,5.865853658536586,2.422946859609724,21.414634146341463,4.768598985472749,3.048780487804878,15.993750661518533,2.930000000000001,9.18,6.25,0.4285714285714285,21,0.1083333333333332,48,0.833291812549252
1610612754,IND,Indiana Pacers,2025,2024-25,1,82,117.36585365853658,11.96756129444694,115.13414634146342,11.926484890983724,101.71951219512196,5.703095088306804,115.54390243902442,11.805084670985204,113.36707317073171,10.590212752477075,2.1890243902439024,14.780526111165818,48.426829268292686,1.6103867168783477,43.58536585365854,4.931509221103817,89.34146341463415,6.957045477973793,0.4884146341463415,0.0478531579048806,13.182926829268292,3.722232334249906,35.78048780487805,5.713368317979025,0.3668170731707317,0.0804714699920781,17.01219512195122,5.657932053493681,21.5609756097561,6.871119665395727,0.790158536585366,0.1050056400028107,9.170731707317072,3.5548779842191403,32.65853658536585,5.6660555491716895,41.829268292682926,6.522146276386874,29.24390243902439,4.793413628364088,13.195121951219512,3.939163990989364,8.463414634146341,2.7540996241124405,5.463414634146342,2.6536493481605805,18.695121951219512,3.819020055259616,2.231707317073171,14.85094566593449,-3.69,8.41,12.1,0.631578947368421,19,-0.2899999999999999,40,0.3686833587626498
1610612755,PHI,Philadelphia 76ers,2013,2012-13,0,82,93.17073170731707,9.506079767412766,96.51219512195122,11.553679230614224,92.26829268292684,4.172362863402033,101.00731707317074,9.639332752992544,104.73902439024393,11.966081241200172,-3.730487804878049,12.76221940743667,48.18292682926829,0.944484296943331,37.30487804878049,4.553357259278401,84.08536585365853,5.791013087582174,0.4445243902439024,0.0524247198335251,6.317073170731708,2.528250499292453,17.536585365853657,4.425501637050457,0.3585609756097561,0.1122285034062836,12.24390243902439,5.143762795276241,16.79268292682927,6.621584243836472,0.7236341463414634,0.1074871812276916,10.926829268292684,3.484641745423424,30.402439024390244,4.661001206749735,41.329268292682926,5.792832689548844,22.76829268292683,4.987140947161949,13.048780487804878,3.5027412158613127,7.426829268292683,2.7667803983981,4.682926829268292,2.7211020315645795,18.353658536585368,3.8725751512031823,-3.341463414634146,11.982723687366772,-1.9300000000000004,-1.8200000000000005,0.1100000000000001,0.3333333333333333,15,-8.229411764705885,34,-5.827186744678244
1610612755,PHI,Philadelphia 76ers,2014,2013-14,2,82,99.45121951219512,11.17664279528704,109.90243902439023,11.437009187847265,100.4390243902439,5.273033097637496,99.02926829268291,9.864658051363982,108.98902439024393,9.651418447501923,-9.958536585365854,13.334518014217254,48.42664634146342,1.7918677845566986,37.90243902439025,4.539564769744476,87.1951219512195,6.795857533422395,0.4367439024390243,0.0566581281095594,7.036585365853658,2.8736569464202093,22.52439024390244,4.932196089530773,0.3126951219512194,0.1123818105119131,16.609756097560975,5.337396825986314,23.390243902439025,6.49549910182062,0.7074634146341463,0.1112537079556242,11.573170731707316,4.1366488727491415,31.170731707317078,4.928638602123335,42.74390243902439,5.9748670641955535,21.841463414634145,4.426267028466195,16.878048780487806,4.19991253260609,9.329268292682928,3.457162463278338,4.024390243902439,2.1658152729276923,22.48780487804878,4.0314930066529895,-10.451219512195122,13.414707645359952,-2.88,-2.28,0.5999999999999996,0.6428571428571429,14,-13.228947368421052,38,-11.470566798189994
1610612755,PHI,Philadelphia 76ers,2015,2014-15,2,82,91.97560975609755,10.352998742245685,100.95121951219512,12.67923590701693,96.95121951219512,5.008394038023407,94.91951219512195,9.87171341181634,103.8878048780488,11.93143363985226,-8.967073170731707,13.45462474877625,48.30487804878049,1.203790560412963,33.71951219512195,4.329840159693129,82.64634146341463,6.884177512972149,0.4090121951219512,0.0501475585369887,8.439024390243903,3.0995720970132243,26.341463414634145,5.663876245847416,0.3149878048780488,0.09395855323485,16.097560975609756,5.36934544622782,23.817073170731707,7.029265189597775,0.6778536585365852,0.09998655736206,11.926829268292684,3.841876109996897,30.92682926829268,5.463188793886892,42.85365853658536,6.1606516234220825,20.52439024390244,4.771897181418214,17.71951219512195,4.704278037900623,9.621951219512194,2.6276790862483828,5.939024390243903,3.274848261400861,21.682926829268293,4.091177043286958,-8.975609756097562,13.231999755322017,-17.169999999999998,-9.94,7.229999999999999,0.2352941176470588,17,-13.273684210526318,38,-11.072600352078323
1610612755,PHI,Philadelphia 76ers,2016,2015-16,2,82,97.41463414634148,10.811460790864476,107.64634146341464,11.390240517322589,99.01219512195122,4.5147054712707,98.4219512195122,10.429197196833062,108.66951219512195,10.990036891212869,-10.241463414634149,12.2264937103514,48.30487804878049,1.437496317893246,36.21951219512195,4.499723970255445,83.98780487804878,6.992931002865688,0.4326707317073169,0.0542707103048123,9.317073170731708,3.3587109843005885,27.5,6.287848363075961,0.3374390243902439,0.0913642955846451,15.658536585365852,4.709379954980632,22.5609756097561,6.252105938487002,0.6976707317073171,0.1043904180454552,9.475609756097562,3.323041926954685,31.76829268292683,5.116660708134556,41.24390243902439,5.834255960073083,21.52439024390244,4.592601698857423,16.378048780487806,4.862657516322518,8.292682926829269,3.357276250794586,6.036585365853658,2.3593529242183684,21.70731707317073,4.398338083665627,-10.231707317073171,11.671743636587356,-13.650000000000002,-7.199999999999998,6.450000000000004,0.1176470588235294,17,-14.91627906976744,43,-12.445543879958068
1610612755,PHI,Philadelphia 76ers,2017,2016-17,2,82,102.4390243902439,10.79905981387247,108.13414634146342,11.359188585090624,99.7439024390244,4.943660301391018,102.74756097560976,9.993716860796434,108.32926829268293,11.181383202546638,-5.590243902439026,12.868284390300586,48.36585365853659,1.527623791205016,37.65853658536585,4.30107512311682,85.26829268292683,6.597883649627346,0.4429878048780487,0.0513332116166039,10.134146341463415,2.752158278187562,29.79268292682927,5.438177356426675,0.3400243902439023,0.0673146243919626,16.98780487804878,5.903532950258746,22.02439024390244,6.6238916794911455,0.7655975609756097,0.0948240553628624,9.841463414634148,3.4371590055610146,33.0,5.885743394732901,42.84146341463415,6.290242320392933,23.76829268292683,4.656864786707275,16.658536585365855,3.8752762137959778,8.439024390243903,2.758141980497552,5.121951219512195,2.691505815179793,21.865853658536587,3.958931752416944,-5.695121951219512,12.683895713808573,-14.0,-9.36,4.640000000000001,0.5,26,-7.652631578947367,38,-6.782287064990355
1610612755,PHI,Philadelphia 76ers,2018,2017-18,3,82,109.8048780487805,10.274550874075064,105.3048780487805,11.533835382340063,101.20731707317071,5.7040981691162,108.57073170731708,9.193509355670956,104.04634146341462,10.931246358201411,4.525609756097561,12.441862936365723,48.24390243902439,1.739596771851441,40.84146341463415,4.895121058529332,86.5609756097561,7.413863491860433,0.4724634146341463,0.0466606332401218,10.98780487804878,3.490706895189577,29.817073170731707,5.7865916721127935,0.366890243902439,0.0894515533541516,17.134146341463413,6.486000489414887,22.78048780487805,8.904187377045053,0.7592682926829268,0.0954232997895592,10.890243902439025,4.172236566215839,36.53658536585366,5.923785747226384,47.426829268292686,6.586612849916742,27.085365853658537,5.1596756035272655,16.5,4.298291363085489,8.317073170731707,2.879806444029489,5.121951219512195,2.574280404798466,22.085365853658537,4.17281389357644,4.5,12.711664712109364,0.91,14.48,13.57,0.45,20,1.7510638297872343,47,3.29619678541986
1610612755,PHI,Philadelphia 76ers,2019,2018-19,3,82,115.1829268292683,11.346537024089086,112.48780487804878,10.92990450122515,103.2560975609756,5.027850768309362,111.66463414634148,10.76073534537211,109.04878048780488,10.202096660599093,2.609756097560976,13.790304428694586,48.30487804878049,1.2037905604129633,41.54878048780488,5.087269123646271,88.20731707317073,7.304214587327622,0.4719024390243902,0.050071950639967,10.841463414634148,3.5012149996756308,30.170731707317078,6.003712592229356,0.3589390243902439,0.0921183280326464,21.24390243902439,7.558105738922599,27.536585365853657,9.081517143540784,0.771109756097561,0.0869188646925737,10.878048780487806,4.104770617799682,36.89024390243903,5.94627406435485,47.76829268292683,6.740880955886054,26.914634146341463,5.301295484607128,14.914634146341465,4.157994588777276,7.390243902439025,2.770016256853733,5.2682926829268295,2.8286400365704027,21.28048780487805,4.677960910228646,2.6951219512195124,14.400522130786277,0.8000000000000004,-1.91,-2.71,0.64,25,-1.7114285714285713,35,0.5706839328167168
1610612755,PHI,Philadelphia 76ers,2020,2019-20,0,73,110.73972602739724,11.57226977311168,108.35616438356163,11.6968298922468,100.05479452054794,4.4343683345699,110.72328767123288,11.00651979192264,108.5123287671233,12.036875577498872,2.2150684931506857,13.407115350034564,48.2054794520548,0.9994290607584831,41.0958904109589,5.169795782452909,87.9041095890411,6.209679683011132,0.4680136986301371,0.0521838345421168,11.616438356164384,3.634824376722964,31.6027397260274,5.792091653537888,0.3667808219178082,0.091387491025751,16.931506849315067,6.481445241617901,22.438356164383563,7.494416998617228,0.7484246575342466,0.0961370430699234,10.465753424657532,3.316968963530234,34.97260273972603,4.696253242804092,45.43835616438356,5.325479376883109,25.80821917808219,4.762870091326166,14.205479452054794,3.9579698222896105,8.027397260273972,2.753647090374096,5.328767123287672,2.818859080276924,20.945205479452056,5.093270099299075,2.3835616438356166,13.61844147652805,4.119999999999999,4.590000000000001,0.4700000000000015,0.4444444444444444,18,-2.0457142857142854,35,-0.0390566858748227
1610612755,PHI,Philadelphia 76ers,2021,2020-21,3,72,113.63888888888889,11.623562222831856,108.05555555555556,11.073237485911935,101.0,5.748239167008168,112.64583333333331,10.912300044148395,107.11805555555556,10.433887455473622,5.519444444444444,14.61622327366418,48.41666666666666,1.391624848265458,41.40277777777778,5.375111455699255,86.90277777777777,7.316120965244544,0.4768472222222222,0.0518566984609882,11.26388888888889,3.263080094908842,30.125,6.57767778706304,0.3759999999999999,0.0809212797793433,19.569444444444443,6.122749977962905,25.5,7.615773105863909,0.7674583333333334,0.089463335396584,10.02777777777778,3.480214588746586,35.02777777777778,5.487430508327607,45.05555555555556,6.652096754881631,23.694444444444443,4.819674727172296,14.444444444444445,4.327732024483881,9.09722222222222,3.0909213823996358,6.208333333333333,2.319163885274295,20.22222222222222,3.28985732051686,5.583333333333333,14.729246560002723,4.2700000000000005,8.01,3.7399999999999993,0.6666666666666666,15,0.9787878787878788,33,3.203150479554742
1610612755,PHI,Philadelphia 76ers,2022,2021-22,0,82,109.9390243902439,12.21853233288549,107.32926829268293,10.443327219263592,97.2560975609756,4.38237484411306,112.9658536585366,10.632261869994878,110.24634146341462,9.96948672009799,2.714634146341463,14.744667351167926,48.30487804878049,1.437496317893246,39.39024390243903,5.220463291396101,84.53658536585365,7.185711339567272,0.4670975609756097,0.0565752224604274,11.585365853658535,3.485246575446153,31.804878048780488,5.646891473924182,0.3638536585365854,0.0842251717383295,19.57317073170732,6.36935271592597,23.841463414634145,7.063153410735411,0.8169756097560976,0.0828859063523216,8.536585365853659,3.7521849501364017,33.78048780487805,3.88420158865769,42.31707317073171,5.346922615053455,23.71951219512195,4.552232908196452,12.524390243902438,3.496826108556714,7.719512195121951,2.630656821910501,5.304878048780488,2.2536062972420416,19.390243902439025,3.441777094671705,2.609756097560976,14.339581840039292,8.84,6.38,-2.46,0.5185185185185185,27,-1.0020833333333334,48,0.0739486881199555
1610612755,PHI,Philadelphia 76ers,2023,2022-23,0,82,115.21951219512196,12.285718287230209,110.90243902439023,12.414258783278662,98.4390243902439,5.860724180962938,117.15365853658535,11.490513479828106,112.85853658536588,12.4123092152186,4.295121951219511,13.212993066955471,48.48780487804878,1.8608633496046496,40.81707317073171,5.216611758746622,83.78048780487805,6.793287155449316,0.4876951219512195,0.0532011531074304,12.621951219512194,3.494758840838059,32.6219512195122,5.095726226493028,0.3850121951219512,0.0856209697838496,20.963414634146343,5.821300015919017,25.09756097560976,6.531235029820516,0.8349756097560974,0.070653034256312,8.71951219512195,3.479301725899817,32.207317073170735,5.156172867443853,40.926829268292686,6.316313364115233,25.15853658536585,4.476190819405648,13.670731707317072,3.97229565759246,7.7439024390243905,2.6284811161617023,4.743902439024391,2.5618809429153786,20.42682926829268,4.47222011816342,4.317073170731708,13.03828933789926,0.9800000000000002,-2.93,-3.91,0.6666666666666666,24,2.061224489795919,49,2.935855890216845
1610612755,PHI,Philadelphia 76ers,2024,2023-24,3,82,114.59756097560977,13.864298013596516,111.54878048780488,13.008214345933034,98.65853658536584,5.609118484900933,116.1219512195122,12.288718347121277,113.15365853658535,12.5372353571464,2.9658536585365853,16.075971022740703,48.24390243902439,1.3385174737004315,41.51219512195122,4.884452286008831,89.40243902439025,7.2908868469312145,0.4654512195121951,0.0511710162077029,12.097560975609756,3.825224131567966,33.329268292682926,6.030897560390203,0.3600365853658537,0.0821551445789545,19.47560975609756,7.37065521277333,23.585365853658537,8.336963978752527,0.8231951219512196,0.0953987652978554,11.048780487804878,3.928064390059572,31.902439024390244,5.442425376403205,42.95121951219512,6.36716585016954,24.890243902439025,5.187844523882217,12.0,3.555555555555556,8.463414634146341,3.135598558454701,6.0,2.779999111821512,20.341463414634145,3.798048596400564,3.048780487804878,15.79803272564664,9.04,9.39,0.3500000000000014,0.5882352941176471,17,-1.8595744680851063,47,-0.867623246473896
1610612755,PHI,Philadelphia 76ers,2025,2024-25,2,82,109.60975609756098,10.20137499514791,115.84146341463416,11.943766918453688,98.7560975609756,4.7882597565856,111.02804878048778,9.2070997080855,117.3780487804878,11.254508280665416,-6.347560975609756,13.043074181387391,48.30487804878049,1.203790560412963,39.68292682926829,4.271288147505901,87.41463414634147,6.380818515380848,0.4548780487804879,0.0470870982418443,12.695121951219512,3.585598851063343,37.19512195121951,6.368206182665908,0.3407804878048781,0.0738699264540517,17.548780487804876,5.571427192700735,22.48780487804878,6.878565566871751,0.7825731707317074,0.1038271391634161,10.390243902439025,3.4020912144055164,29.402439024390244,5.476909455851366,39.79268292682927,6.422833121421639,23.182926829268293,4.483517272229741,13.621951219512194,3.792911660161441,9.170731707317072,2.453543056901316,4.463414634146342,2.394412848212361,18.97560975609756,3.751462627540033,-6.2317073170731705,12.774684437636036,-8.02,-11.000000000000002,-2.980000000000002,0.4736842105263157,19,-10.57272727272727,44,-8.810103463792359
1610612756,PHX,Phoenix Suns,2013,2012-13,2,82,95.1829268292683,10.548100348287502,101.64634146341464,11.973604664932225,95.03658536585364,4.095903168316806,100.20365853658538,10.703321800309268,106.83658536585368,11.473625280843684,-6.63170731707317,13.662021595873671,48.30487804878049,1.203790560412963,37.329268292682926,4.502550383040898,84.35365853658537,7.027937110568891,0.4436219512195121,0.0504825211760851,5.853658536585366,2.5777871226818747,17.74390243902439,4.4327929929965615,0.3283170731707317,0.1083691539695159,14.670731707317072,4.853546184915283,19.73170731707317,5.96294893589108,0.7455975609756096,0.1218395889113078,11.695121951219512,4.020592132516727,29.92682926829268,4.32843166592014,41.6219512195122,6.023903504347481,22.621951219512194,4.5260296390862695,15.585365853658535,4.3089090009048565,8.036585365853659,2.8865166411755183,5.2926829268292686,2.737430555534071,20.585365853658537,3.7841489396999135,-6.463414634146342,13.127292389532466,-5.35,-7.269999999999999,-1.919999999999999,0.4545454545454545,22,-8.742857142857142,42,-8.153823139714111
1610612756,PHX,Phoenix Suns,2014,2013-14,3,82,105.23170731707316,10.931095955002712,102.59756097560977,9.62360749086388,97.23170731707316,4.31848962076293,108.27073170731708,10.653145223909148,105.6829268292683,9.775919076846384,2.5829268292682928,11.071750337026398,48.18292682926829,0.944484296943331,38.68292682926829,4.073030990720556,83.47560975609755,6.416078587300981,0.4649878048780488,0.0504288996857656,9.329268292682928,2.914649579974231,25.0609756097561,5.200540240159787,0.3755853658536585,0.1048371990360117,18.536585365853657,5.969459561433151,24.4390243902439,7.057257119361635,0.7515487804878047,0.1030289606221934,11.317073170731708,3.714762172007778,31.71951219512195,5.235855467367113,43.03658536585366,6.426114011029228,19.0609756097561,3.798464800271808,15.341463414634148,3.594301086597243,8.390243902439025,2.765555767871853,4.560975609756097,2.582455339332064,21.92682926829268,3.5755703604585354,2.6341463414634148,10.855404519729412,2.06,2.2300000000000004,0.1700000000000003,0.3333333333333333,18,0.1404761904761909,42,1.7818174630017898
1610612756,PHX,Phoenix Suns,2015,2014-15,1,82,102.40243902439023,13.363724397793703,103.3048780487805,11.080724030796576,98.26829268292684,5.956734502894223,104.17073170731705,11.904885269718273,105.2829268292683,9.105700356492864,-1.1134146341463411,12.491308209667991,48.48780487804878,1.8608633496046496,38.75609756097561,5.505465243366803,85.82926829268293,6.559894756097921,0.4519878048780487,0.0573390380242091,8.512195121951219,3.378376783286976,24.97560975609756,5.852034804407984,0.3375975609756097,0.0954818656114572,16.378048780487806,5.260240439283414,21.54878048780488,6.52091116678081,0.7587195121951218,0.0921089363622433,10.926829268292684,3.2194642902461004,32.23170731707317,4.560427694063936,43.15853658536585,5.750940904649295,20.23170731707317,4.522369040717446,15.097560975609756,3.766682255285872,8.536585365853659,2.9904998630487025,4.695121951219512,2.4174725317435186,21.26829268292683,4.768851559571733,-0.902439024390244,12.340448154114346,-1.36,-11.98,-10.62,0.3571428571428571,28,-5.242553191489361,47,-3.686196510611672
1610612756,PHX,Phoenix Suns,2016,2015-16,2,82,100.86585365853658,11.44364851074949,107.52439024390245,11.423633299951268,99.41463414634148,4.716535712125786,101.4451219512195,10.361635702406677,107.98292682926832,10.277000629813994,-6.531707317073171,13.971398279649312,48.0609756097561,0.5521576303742328,37.207317073170735,4.885700487775332,85.58536585365853,6.9227683385649215,0.4353536585365853,0.0508088579696322,9.0,3.2164699613622507,25.82926829268293,5.344444162736838,0.3443658536585365,0.0924352976504722,17.451219512195124,5.97143909909349,23.23170731707317,6.930517199604939,0.7465731707317074,0.0975351826978163,11.5,3.732572673831295,33.329268292682926,5.526713751416237,44.829268292682926,7.185040835212671,20.74390243902439,4.345597958853761,17.195121951219512,3.8886953107066895,7.7073170731707314,2.933366181962744,3.817073170731707,2.0555738664679195,22.65853658536585,5.228647376476432,-6.658536585365853,14.040698790421237,5.960000000000001,-1.6799999999999995,-7.640000000000001,0.4117647058823529,17,-10.068292682926828,41,-8.497999622283215
1610612756,PHX,Phoenix Suns,2017,2016-17,1,82,107.6951219512195,10.00578724439042,113.32926829268293,11.665137336852242,101.46341463414636,5.812279725179597,106.29146341463414,9.733424672573866,111.37439024390244,10.01930002946301,-5.084146341463415,11.801877539603655,48.36585365853659,1.3100956059915254,39.8780487804878,4.278543203966552,88.53658536585365,7.871177491958027,0.4523536585365853,0.0504890580863801,7.5,2.41522945769824,22.60975609756097,5.383459114597472,0.3331341463414634,0.0832376876588551,20.4390243902439,5.569089206682755,26.32926829268293,6.592279206542068,0.7761707317073171,0.0866516803108431,11.902439024390244,3.7568365865727222,33.073170731707314,5.521630837559977,44.97560975609756,6.539482385519586,19.5609756097561,4.732596606660352,15.426829268292684,4.0643906436050345,8.207317073170731,2.674699959534166,4.865853658536586,2.517897394049599,24.75609756097561,4.001731031644132,-5.634146341463414,12.030324026220184,-6.12,-4.1,2.0200000000000005,0.44,25,-6.951219512195122,41,-6.537789660780681
1610612756,PHX,Phoenix Suns,2018,2017-18,2,82,103.92682926829268,10.73908344688376,113.29268292682929,11.518624537311595,101.13414634146342,5.89362952817335,102.9121951219512,10.429237040426688,111.7536585365854,9.797243188988702,-8.841463414634147,14.063690673604937,48.0609756097561,0.5521576303742328,38.45121951219512,4.63521794611749,87.08536585365853,7.420693820531804,0.4433048780487805,0.0543969609319024,9.304878048780488,3.00899484628078,27.87804878048781,5.193515053879698,0.3353780487804878,0.0929304319973143,17.71951219512195,6.216811914188224,23.92682926829268,7.429970153978369,0.7375853658536585,0.0969636499561947,10.268292682926829,3.950461077911533,33.853658536585364,5.763062352988418,44.1219512195122,6.317505062903654,21.25609756097561,4.888411531265174,15.71951219512195,3.869074570322164,6.939024390243903,2.8212052453578784,4.512195121951219,2.368746620905238,22.036585365853657,4.355910195174503,-9.365853658536585,14.350560014126993,-9.89,-6.13,3.7600000000000007,0.4666666666666667,15,-12.550943396226414,53,-10.75433203744874
1610612756,PHX,Phoenix Suns,2019,2018-19,2,82,107.5,12.156642242711758,116.84146341463416,11.023509683091538,102.08536585365852,5.185928776208372,105.24512195121952,9.952407146496553,114.1939024390244,8.563478979788409,-8.953658536585367,12.847233406572444,48.48780487804878,2.019924839324256,40.109756097560975,5.106292650361434,87.36585365853658,7.592251077431794,0.4597073170731708,0.0488975971549508,9.634146341463415,2.8350199560425127,29.26829268292683,5.164094414624473,0.3275609756097561,0.0756422864232218,17.646341463414632,5.551936490589883,22.65853658536585,6.48877380452573,0.7786219512195122,0.0968230714577683,9.121951219512194,3.8309662382457432,31.25609756097561,4.518305635691863,40.3780487804878,6.01364753203631,23.865853658536587,3.993087221507527,15.597560975609756,3.721342370629978,8.963414634146341,3.263888168136921,5.097560975609756,2.497454289538617,23.5609756097561,4.294980018279766,-9.341463414634148,12.967404065669763,-12.66,-12.010000000000002,0.6499999999999986,0.3888888888888889,18,-11.452380952380953,42,-10.050889664298706
1610612756,PHX,Phoenix Suns,2020,2019-20,0,73,113.61643835616438,12.118202718988837,113.3972602739726,10.494363203945086,102.04109589041096,4.995660217085046,111.39315068493153,11.218379373539005,111.0027397260274,10.703970870179436,0.3931506849315066,13.46170833602485,48.2054794520548,0.9994290607584831,41.17808219178082,4.928213744895092,88.06849315068493,6.922846169514241,0.4686575342465754,0.0533753009822589,11.383561643835616,3.41414596847644,31.78082191780822,6.005198154151456,0.3575479452054794,0.0838349968516016,19.876712328767123,5.710480631356338,23.83561643835617,6.189178949833279,0.8301232876712329,0.0859010970705845,9.753424657534246,3.235140482600615,33.76712328767123,5.3761834561362845,43.52054794520548,6.133038011551988,27.21917808219178,4.276052746733402,14.753424657534246,4.159262828374119,7.657534246575342,2.9684413141607564,3.9726027397260273,1.929108910148572,22.04109589041096,4.382535910242631,0.2191780821917808,13.896688829580215,5.45,9.52,4.069999999999999,0.45,20,-0.951428571428571,35,-0.6071971360561518
1610612756,PHX,Phoenix Suns,2021,2020-21,3,72,115.27777777777776,11.190063779377732,109.45833333333331,11.76523585177481,99.125,5.373218669776937,116.42361111111111,10.851461809172584,110.59027777777776,12.347208839204749,5.831944444444444,14.116854638986638,48.55555555555556,1.7911274983037833,43.30555555555556,5.014454849082783,88.29166666666667,7.453966710303304,0.4914583333333334,0.049203497385141,13.055555555555555,4.07979870011865,34.583333333333336,6.649684944352997,0.3773333333333333,0.0929588732326078,15.61111111111111,5.638288511560322,18.70833333333333,6.325529538596904,0.8372222222222222,0.1150364574448946,8.75,3.359870889538197,34.19444444444444,5.463422259500222,42.94444444444444,6.353193471998532,26.93055555555556,4.891286846112648,12.52777777777778,4.055850311924573,7.180555555555555,2.4340679963704006,4.333333333333333,2.2075414914831653,19.08333333333333,4.314241075361695,5.819444444444445,13.823155088054948,6.279999999999999,4.269999999999999,-2.0100000000000007,0.5833333333333334,24,4.844444444444445,36,5.148156168310988
1610612756,PHX,Phoenix Suns,2022,2021-22,3,82,114.82926829268293,10.791863508056109,107.32926829268293,11.009597247708928,100.51219512195122,4.052872483666961,114.32317073170732,10.642650031777135,106.87317073170732,11.15444935618189,7.451219512195122,13.455002685241704,48.1219512195122,0.7760336619661978,43.670731707317074,5.185580382410345,90.10975609756098,7.05359744930303,0.4857073170731708,0.0538923224117801,11.597560975609756,3.2236003033858216,31.902439024390244,5.9785826721590976,0.3643780487804878,0.0800485408668463,15.890243902439025,6.146375219170964,19.9390243902439,7.252666705776351,0.7953048780487806,0.1138644081032391,9.768292682926829,4.080361822759982,35.52439024390244,5.637672249168042,45.29268292682927,7.431145342953531,27.365853658536587,4.849620565842318,12.926829268292684,3.2915172973324878,8.560975609756097,2.7981367741418897,4.378048780487805,2.3021205678031285,19.914634146341463,3.739020864476752,7.5,13.377934661317088,1.1300000000000003,0.6800000000000003,-0.45,0.7619047619047619,21,5.006521739130434,46,6.1021377294141095
1610612756,PHX,Phoenix Suns,2023,2022-23,0,82,113.64634146341464,11.694012344848511,111.57317073170732,11.713694094030094,99.28048780487804,4.917277150407887,114.50000000000004,10.8519896338112,112.3121951219512,11.137173769246653,2.1865853658536585,15.195627719070158,48.24390243902439,1.0836720337741033,42.109756097560975,4.556926887259281,90.09756097560977,6.542566710619217,0.4680975609756097,0.0455196633013046,12.207317073170731,4.051330538575114,32.609756097560975,6.497399475157517,0.3713170731707317,0.089771847720651,17.21951219512195,5.370298725497867,21.71951219512195,6.880414842223106,0.7944512195121952,0.0950384136032521,11.841463414634148,3.9329865264406254,32.40243902439025,4.978620355518607,44.24390243902439,6.498928640310326,27.25609756097561,4.359779628618565,13.53658536585366,3.709164898694735,7.134146341463414,2.674812535819393,5.2682926829268295,2.634288530405749,21.20731707317073,4.407451056087143,2.073170731707317,14.967273342323384,8.830000000000002,6.1,-2.730000000000002,0.44,25,0.8720000000000002,50,0.6512217182583584
1610612756,PHX,Phoenix Suns,2024,2023-24,3,82,116.2439024390244,10.57549108757843,113.1829268292683,10.981609822374688,99.48780487804878,4.565690359111594,117.03048780487804,11.372380328102375,113.88780487804875,11.460930846257297,3.1499999999999995,12.442551939430755,48.24390243902439,1.3385174737004315,42.46341463414634,5.0849453957547945,86.13414634146342,6.480287669125198,0.4945487804878049,0.0604358965440823,12.439024390243905,3.774827478604146,32.573170731707314,6.41762712928157,0.3798658536585366,0.0850212409473376,18.87804878048781,6.630252856103053,23.353658536585368,7.822682990247904,0.808280487804878,0.0920060752677716,10.134146341463415,3.684341893499615,33.9390243902439,5.252506893480906,44.073170731707314,6.567372565564958,27.04878048780488,5.005928433575905,14.890243902439025,3.944072275278013,7.439024390243903,3.018860716245307,6.0,2.6199613605670216,17.98780487804878,3.649772197995357,3.0609756097560976,12.200331467846423,-0.1999999999999998,3.7400000000000007,3.94,0.5652173913043478,23,0.3999999999999999,53,0.9858403146628338
1610612756,PHX,Phoenix Suns,2025,2024-25,0,82,113.6219512195122,11.565850375617496,116.6219512195122,12.65168728697748,99.03658536585364,5.219727824963365,114.7621951219512,10.38902127359386,117.69634146341464,11.120711909021146,-2.9329268292682924,14.549804248634835,48.36585365853659,1.3100956059915252,41.23170731707317,4.87700267313572,86.28048780487805,6.624448526302187,0.4787073170731707,0.0521603623701904,14.341463414634148,4.040594969620382,37.95121951219512,6.816650709071951,0.3771707317073171,0.0815031325426993,16.817073170731707,5.657133699876966,20.75609756097561,6.761475796993383,0.8089024390243902,0.0850505455750854,9.548780487804878,3.6180358869992673,32.9390243902439,5.873875118946437,42.48780487804878,5.996385541840657,27.76829268292683,4.691202116301874,14.060975609756095,3.5148628372711603,7.23170731707317,2.607201709263268,4.780487804878049,2.7443517314249952,17.9390243902439,4.266862151122499,-3.0,14.395644059966006,2.12,-16.9,-19.02,0.5263157894736842,19,-7.552083333333333,48,-5.549417642916479
1610612757,POR,Portland Trail Blazers,2013,2012-13,2,82,97.5,12.24770071644087,100.67073170731707,10.435048821277215,93.28048780487804,5.104523267044637,104.44024390243902,11.184666087788797,107.96463414634148,10.124415812456093,-3.521951219512195,13.143557069607738,48.426829268292686,1.6103867168783477,36.69512195121951,5.383305296086245,81.89024390243902,6.905009985708938,0.4487682926829268,0.0594275778315558,8.207317073170731,3.176836709443899,23.21951219512195,5.32180325477798,0.351390243902439,0.1144943533135172,15.902439024390244,5.299917903155358,20.48780487804878,6.246468439162836,0.7747560975609756,0.1020577857344916,10.658536585365852,3.545887940808119,30.170731707317078,5.189745059151002,40.829268292682926,6.292862659048654,21.75609756097561,4.520354448054197,14.670731707317072,3.8234328769009953,6.560975609756097,2.7220977793579397,4.304878048780488,2.4428733556731657,18.51219512195122,4.140268681085908,-3.1707317073170733,12.270414964809133,-1.3199999999999994,-14.37,-13.05,0.48,25,-5.321428571428571,42,-4.243222216503236
1610612757,POR,Portland Trail Blazers,2014,2013-14,3,82,106.7439024390244,11.067482093574805,102.7560975609756,10.560304166506276,96.70731707317071,5.236358655812023,110.38170731707316,9.850313375334384,106.13414634146342,9.151175051206591,4.246341463414633,12.48418451453976,48.426829268292686,1.4057245204096498,39.109756097560975,4.8737292679029895,87.0,7.238443322178814,0.4502073170731707,0.0490665302445964,9.390243902439025,3.502225386211824,25.25609756097561,5.897919649155558,0.3706585365853658,0.1020966885609711,19.134146341463413,5.499185562868651,23.48780487804878,6.381384776454175,0.8152195121951218,0.0891577910972415,12.46341463414634,3.8206557576610622,33.97560975609756,5.02088381811065,46.4390243902439,6.0697541207051815,23.21951219512195,4.863632718030714,13.71951219512195,3.3232231500138103,5.536585365853658,2.1953661746439592,4.719512195121951,2.2893979490218044,19.21951219512195,5.247043589086655,3.987804878048781,11.986096783757652,5.260000000000001,6.3100000000000005,1.0499999999999998,0.5172413793103449,29,-0.425581395348837,43,2.4791574701673214
1610612757,POR,Portland Trail Blazers,2015,2014-15,3,82,102.79268292682929,9.830335770207116,98.5609756097561,11.375843543244846,95.95121951219512,5.286606508051512,107.26951219512198,9.926926706346872,102.87926829268294,11.065570425455284,4.382926829268293,11.97572446715014,48.426829268292686,1.9565053741640452,38.71951219512195,4.231785632053201,85.96341463414635,6.383708280161535,0.4511951219512194,0.045744172947239,9.841463414634148,3.036687247135699,27.20731707317073,5.248721901751619,0.361170731707317,0.0847578693499426,15.51219512195122,4.79002023872377,19.37804878048781,5.67567963821213,0.8025487804878049,0.1032634354321986,10.71951219512195,3.672636185253333,35.13414634146341,5.339723475343513,45.85365853658536,6.297406778101351,21.9390243902439,3.7919588767356855,13.621951219512194,3.6738658076880992,6.402439024390244,2.552460715880387,4.536585365853658,2.19536617464396,18.21951219512195,3.803910886273973,4.2317073170731705,11.677031142732336,8.59,2.8,-5.79,0.6,20,0.911627906976744,43,2.5194036902995727
1610612757,POR,Portland Trail Blazers,2016,2015-16,3,82,105.14634146341464,10.34959526997716,104.3170731707317,11.628910385758935,97.70731707317071,4.905244874717212,107.74634146341462,10.54315289036527,106.92439024390244,11.557121271871434,0.820731707317073,14.175276144716978,48.30487804878049,1.203790560412963,38.6219512195122,4.404375613046753,85.85365853658537,6.707508141046881,0.4509146341463415,0.0484116099786889,10.53658536585366,3.425377772988613,28.48780487804878,5.558319095853884,0.3688536585365854,0.0916294364733581,17.365853658536587,5.500869056192985,23.036585365853657,6.530923822408602,0.7517439024390243,0.1039416753566199,11.560975609756095,4.124894494649574,33.926829268292686,4.791403020907595,45.48780487804878,5.780435077903086,21.317073170731707,4.427406366077369,14.634146341463415,3.683504085607909,6.853658536585366,2.8765632410037725,4.634146341463414,2.40633010431079,21.73170731707317,4.613583756015811,0.8292682926829268,14.021856728859458,-0.1900000000000004,3.22,3.4100000000000006,0.45,20,-2.825641025641026,39,-0.8429083098958341
1610612757,POR,Portland Trail Blazers,2017,2016-17,1,82,107.9390243902439,12.350186244385252,108.46341463414636,12.317001320518711,98.63414634146342,5.2246145705131735,109.45365853658538,11.409116942727314,110.03536585365852,11.540250248171594,-0.5878048780487806,13.223682367966376,48.609756097560975,1.8240918427777384,39.54878048780488,5.370593086370225,86.08536585365853,6.94635746008396,0.4605365853658536,0.0601525211897246,10.390243902439025,3.145665634719652,27.70731707317073,5.692723978315228,0.3750975609756097,0.0905528438252599,18.451219512195124,5.425482715110265,23.65853658536585,6.402583414153087,0.7793292682926829,0.1072655703829586,10.121951219512194,3.433280272522162,33.53658536585366,5.728842172792933,43.65853658536585,7.128831241445918,21.134146341463413,4.9360407863981886,13.731707317073171,3.839524084731042,7.0,2.3882428066894086,4.975609756097561,2.403575575997825,21.170731707317078,4.602213310922165,-0.524390243902439,13.086818936262585,-3.45,4.470000000000001,7.920000000000001,0.4074074074074074,27,-4.751219512195122,41,-4.0778457471538365
1610612757,POR,Portland Trail Blazers,2018,2017-18,0,82,105.6219512195122,10.702071155152014,103.02439024390245,11.365939598508373,97.46341463414636,4.581754265228951,108.41219512195124,10.249714121203365,105.76341463414634,11.54912761597834,2.652439024390244,12.155842223003598,48.18292682926829,0.944484296943331,39.29268292682927,4.437460637636024,86.97560975609755,7.555515702110737,0.4534999999999999,0.0506647782299145,10.304878048780488,3.222946372231103,28.146341463414632,5.837558155196109,0.3673414634146341,0.0847586580321575,16.73170731707317,6.246082783273157,20.914634146341463,7.76697856552586,0.8052560975609757,0.1025814715028697,10.182926829268292,3.521111106835272,35.28048780487805,5.157457480226402,45.46341463414634,6.162801835847989,19.5,4.146246257121176,13.524390243902438,3.916491279780283,6.987804878048781,2.641052457811882,5.158536585365853,2.4868519054981046,19.5,3.881739459902983,2.597560975609756,12.065520465407795,5.839999999999998,1.61,-4.229999999999998,0.5185185185185185,27,0.3239999999999999,50,0.5281055974970428
1610612757,POR,Portland Trail Blazers,2019,2018-19,3,82,114.65853658536584,11.922817125258137,110.46341463414636,12.135241121840776,100.84146341463416,6.009189489923369,113.8609756097561,11.532806197518504,109.55975609756098,10.56350413891449,4.296341463414635,13.499121554610907,48.426829268292686,1.6103867168783477,42.31707317073171,4.642471800057921,90.57317073170732,7.702862203015122,0.4690243902439024,0.0533199000697747,11.024390243902438,3.154364445606454,30.73170731707317,5.685260953624732,0.362109756097561,0.0938708077392476,19.0,6.126243889817877,23.341463414634145,7.038201776855463,0.8122317073170733,0.0983004086474667,11.792682926829269,3.7539700955748634,36.19512195121951,5.686108314367751,47.98780487804878,7.033419171740585,23.01219512195122,4.759639737479423,13.841463414634148,4.0321838343450604,6.658536585365853,2.278289981408365,5.036585365853658,2.71913712689245,20.353658536585368,4.506160258693092,4.195121951219512,13.662094108043728,9.29,7.87,-1.4200000000000008,0.5714285714285714,21,1.651282051282051,39,2.4042736695425524
1610612757,POR,Portland Trail Blazers,2020,2019-20,0,74,114.97297297297295,11.249320190081958,116.12162162162164,10.85641367497876,101.60810810810813,4.406774260773157,113.20675675675676,10.582427034476648,114.38648648648648,10.287048970779336,-1.1716216216216218,12.36650934980054,48.2027027027027,0.9928474303701428,42.18918918918919,4.140265611477137,91.20270270270272,6.052237737930572,0.4641216216216216,0.049924313318743,12.864864864864863,3.790125325301043,34.12162162162162,4.8255958612913705,0.3745135135135135,0.0904647427338246,17.72972972972973,5.187702258271373,22.054054054054053,5.581014519380083,0.7991081081081081,0.0877130389031869,10.18918918918919,3.059571443155386,35.12162162162162,5.373585070732835,45.310810810810814,6.215150899490951,20.60810810810811,4.637008859840008,12.783783783783784,3.496653077891871,6.283783783783784,2.1487190849514977,6.094594594594595,2.575803739008116,21.7027027027027,4.390930034507246,-1.148648648648649,12.420357165614702,-0.4700000000000001,1.97,2.44,0.6842105263157895,19,-3.597560975609756,41,-2.801827344332791
1610612757,POR,Portland Trail Blazers,2021,2020-21,0,72,116.11111111111111,11.933566761427713,114.31944444444444,10.800138743095363,99.125,4.3376423140999565,117.14305555555556,11.01873981686652,115.44444444444444,10.757910798916,1.697222222222222,15.345522558642609,48.06944444444444,0.5892556509887894,41.29166666666666,4.566989639379225,91.08333333333331,6.723408759856318,0.4545138888888888,0.0499873203797527,15.72222222222222,3.39934634239519,40.81944444444444,5.855841886018885,0.3860555555555555,0.0683454128794233,17.805555555555557,5.615970408635797,21.63888888888889,6.105424869126707,0.8207916666666667,0.0991365451156372,10.63888888888889,3.742807395358201,33.90277777777778,4.9990413791531205,44.54166666666666,6.515285386072649,21.26388888888889,4.366947093457615,11.09722222222222,3.27671994282767,6.888888888888889,2.417981672337929,5.041666666666667,2.216694023623061,18.916666666666668,3.75949502152901,1.7916666666666667,15.339296401220857,2.04,11.01,8.969999999999999,0.5769230769230769,26,-3.416666666666666,36,-1.321995512341062
1610612757,POR,Portland Trail Blazers,2022,2021-22,2,82,106.23170731707316,12.868085491228888,115.10975609756098,13.267435393288554,99.02439024390245,4.20163286823228,107.39878048780488,13.048697904884913,116.49756097560974,13.95225523263114,-9.101219512195122,16.99096705480275,48.1219512195122,0.7760336619661979,38.54878048780488,5.322100297894539,87.1219512195122,6.985682436863431,0.4431951219512195,0.0560100165257921,12.71951219512195,3.849881801116171,36.79268292682927,6.355201631322695,0.3424390243902439,0.0793577767449456,16.414634146341463,6.299032297836708,21.59756097560976,7.474829790535076,0.7564878048780488,0.1059744022088212,10.414634146341465,3.9657522117801793,32.451219512195124,5.461769348879108,42.86585365853659,7.035645038951458,22.92682926829268,3.9869555444851263,14.475609756097562,4.11628986056618,8.012195121951219,3.264072675445998,4.463414634146342,1.9575439509199268,21.07317073170732,4.250723940680403,-8.878048780487806,17.225010701784875,2.91,-20.49,-23.4,0.4761904761904761,21,-11.363461538461536,52,-10.617459802444078
1610612757,POR,Portland Trail Blazers,2023,2022-23,2,82,113.40243902439023,12.886838683776103,117.41463414634148,10.455019728284574,99.47560975609755,4.519438427247507,114.07560975609756,12.502607737623832,118.0451219512195,9.895293212569404,-3.980487804878048,14.726397219542552,48.1219512195122,0.7760336619661978,40.45121951219512,4.881692782258559,85.3780487804878,5.924713347032467,0.4747682926829268,0.0555216115814791,12.878048780487806,3.7396449422221063,35.28048780487805,5.861096661896676,0.3641463414634146,0.0814177039550616,19.621951219512194,6.050487673238483,24.646341463414632,7.18601514125585,0.7976585365853659,0.0939963513229609,9.439024390243905,2.97353578855502,31.10975609756097,4.771329233644075,40.54878048780488,5.907000322957249,24.15853658536585,4.579798669883828,14.451219512195122,3.826975207023182,6.743902439024391,2.756858901487348,4.585365853658536,2.1939941564019274,20.036585365853657,4.035169835797969,-4.012195121951219,15.0886220745834,0.7799999999999997,-19.84,-20.62,0.5,20,-9.488235294117649,51,-6.507130858266089
1610612757,POR,Portland Trail Blazers,2024,2023-24,2,82,106.36585365853658,12.927635433606786,115.39024390243902,11.89745910995749,98.8170731707317,4.737890473905881,107.68414634146342,12.309952507778082,116.6719512195122,11.037794492417872,-8.991463414634147,15.512497559968468,48.48780487804878,1.4927305532705053,39.35365853658536,4.839069268788793,89.70731707317073,6.468323203019254,0.4396707317073171,0.051674445024536,11.451219512195122,3.64861698480901,33.207317073170735,6.645778024621677,0.3456585365853658,0.0877323679323495,16.20731707317073,5.612459254718715,20.48780487804878,6.749931691358114,0.7932560975609756,0.0973395242799762,12.634146341463415,4.152976606528042,30.10975609756097,4.524299543523866,42.74390243902439,6.314418099950433,23.09756097560976,4.649730527430332,15.231707317073171,3.4970844310964817,7.646341463414634,2.7548921747155446,4.317073170731708,2.1538254728318758,20.170731707317078,4.365422152450515,-9.024390243902438,15.60070876021786,-6.030000000000001,-14.570000000000002,-8.540000000000001,0.4,20,-12.792982456140352,57,-11.639447506824556
1610612757,POR,Portland Trail Blazers,2025,2024-25,2,82,110.89024390243902,11.37465896659956,113.86585365853658,13.831224466760876,99.90243902439023,4.811533869282063,111.18170731707316,11.83610429788096,113.76219512195122,13.025280644296766,-2.5731707317073167,17.434109102352004,48.24390243902439,1.0836720337741033,40.54878048780488,4.611184575115966,90.1951219512195,7.120547600647892,0.4516829268292683,0.0578151328066568,12.890243902439025,3.631161762059949,37.74390243902439,6.629174157846188,0.3427073170731707,0.0852397472644111,16.902439024390244,5.31852053153734,22.195121951219512,6.3759560394534605,0.7595243902439024,0.0924219023811296,13.353658536585366,4.05326252137071,31.414634146341463,5.678530542645509,44.76829268292683,7.027808573472807,23.804878048780488,4.601231784594379,15.96341463414634,4.316048495566228,8.268292682926829,2.9399285306161755,5.280487804878049,2.353218915715565,19.0,4.027681991198191,-2.975609756097561,17.541468053599708,-7.0,-1.4999999999999996,5.5,0.625,16,-7.886956521739131,46,-5.511849782477623
1610612758,SAC,Sacramento Kings,2013,2012-13,2,82,100.23170731707316,12.76985143574728,105.10975609756098,12.193912767514473,95.17073170731707,5.0007527286455895,105.27317073170732,11.845966639528063,110.04756097560976,11.930862827343129,-4.773170731707316,15.347224374302415,48.36585365853659,1.7178237389420576,37.63414634146341,4.57181973420032,84.1951219512195,5.589759208555916,0.4480487804878048,0.0551155693624655,7.439024390243903,3.079592569555184,20.5,5.089931964909493,0.3580487804878049,0.1179953862290129,17.524390243902438,6.049641576478251,22.79268292682927,6.8290190624286256,0.7655853658536586,0.1006856679662756,11.5,3.739181926769742,29.085365853658537,4.4892222635068215,40.58536585365854,5.349399919068332,20.82926829268293,4.77080855545571,14.621951219512194,3.4734984104599254,8.182926829268293,2.969507789701597,4.170731707317073,2.5278931746494004,20.9390243902439,3.979414812043519,-4.878048780487805,14.69222541018766,-8.93,-3.62,5.31,0.5294117647058824,17,-9.18095238095238,42,-7.399395163730979
1610612758,SAC,Sacramento Kings,2014,2013-14,2,82,100.5,10.94345737229598,103.40243902439023,10.509090428388108,95.60975609756098,5.163394657027644,105.08292682926827,9.61902442215873,107.92560975609756,10.591352295659316,-2.836585365853659,13.287174844820107,48.36585365853659,1.3100956059915252,36.90243902439025,4.191731296453552,82.51219512195122,6.035376986474399,0.4484756097560975,0.0508962211141228,5.987804878048781,2.6316867915587525,17.98780487804878,5.549983655718397,0.3282073170731708,0.0916501315463656,20.70731707317073,7.03516354084051,27.28048780487805,8.524871948270974,0.7583780487804878,0.0985139759770785,12.073170731707316,3.502311363095957,32.390243902439025,4.885746711346331,44.46341463414634,5.992165918418587,18.865853658536587,4.048356457009577,15.231707317073171,4.363990643096319,7.158536585365853,2.6826811362686955,3.8780487804878048,2.1046113033840306,22.54878048780488,4.521969523445796,-2.902439024390244,12.777883821876449,-4.13,-6.07,-1.9400000000000004,0.44,25,-5.566666666666667,48,-4.479192722615319
1610612758,SAC,Sacramento Kings,2015,2014-15,1,82,101.34146341463416,10.786616664485036,105.04878048780488,11.108780243322368,96.97560975609755,5.481676795270301,104.56219512195123,9.84090280215476,108.36341463414634,10.867797171313985,-3.804878048780489,13.085963665189992,48.426829268292686,1.6103867168783474,36.707317073170735,4.126062317016363,80.6951219512195,6.2769203433921295,0.4562439024390243,0.0498515229965623,5.621951219512195,2.5221989421463022,16.463414634146343,4.722405544026512,0.3398048780487805,0.120924773986,22.304878048780488,6.357049211411087,29.26829268292683,7.367008171215816,0.7600243902439024,0.0931148203463988,10.914634146341465,4.10420206079777,33.26829268292683,5.130515774345694,44.18292682926829,6.598031971415,20.32926829268293,4.357638045379376,16.25609756097561,4.106035833010872,6.7073170731707314,2.8305555223118475,3.951219512195122,2.182435150419689,20.682926829268293,4.52940474867239,-3.707317073170732,12.910410962922782,0.75,-2.79,-3.54,0.45,20,-7.48936170212766,47,-6.394421872679085
1610612758,SAC,Sacramento Kings,2016,2015-16,1,82,106.58536585365852,11.111056910436908,109.0609756097561,10.182710547696187,101.2439024390244,5.309113933209236,105.31585365853658,9.933388882670869,107.64512195121952,9.087505361134484,-2.3329268292682928,10.752330265701854,48.30487804878049,1.6381940100531207,40.03658536585366,5.02695234955748,86.3780487804878,7.47281533193785,0.4646951219512195,0.0537793133445575,8.048780487804878,2.227230129552163,22.42682926829268,4.594764835812247,0.3602926829268292,0.077424991627481,18.463414634146343,6.605637551030609,25.47560975609756,8.02653871215242,0.7194024390243903,0.1047967886318944,10.585365853658535,4.070220728422341,33.65853658536585,5.430184300342118,44.24390243902439,6.21142113241338,24.5,4.222953153106642,16.170731707317074,3.96218195919214,8.939024390243903,3.080594623439714,4.487804878048781,2.559146763862568,20.4390243902439,4.263243884549752,-2.475609756097561,11.08577735209176,-4.820000000000001,-2.37,2.450000000000001,0.5,22,-5.457142857142857,42,-4.153050323989778
1610612758,SAC,Sacramento Kings,2017,2016-17,2,82,102.8048780487805,11.53677857382586,106.6829268292683,9.992439177229418,96.47560975609755,5.238097877731359,106.5329268292683,10.053339901732414,110.91097560975608,9.782890154610527,-4.376829268292683,13.091230678837656,48.48780487804878,1.4927305532705053,37.86585365853659,4.65544204349008,82.1219512195122,6.278299376369327,0.4621585365853659,0.0533741671255907,8.987804878048781,2.7643850584860368,23.902439024390244,5.027356657864237,0.3804268292682926,0.1021235067422212,18.085365853658537,6.416031655951961,23.32926829268293,7.445364583348638,0.7704268292682926,0.0855385308440479,8.71951219512195,3.217522972737935,32.34146341463415,4.72246930646424,41.0609756097561,5.613800369802115,22.48780487804878,4.205357847808442,14.646341463414634,3.862999382298977,7.646341463414634,2.890477986955509,3.951219512195122,2.011709174575531,20.32926829268293,4.602883900201625,-3.8780487804878048,12.479504425803151,-5.299999999999999,-4.75,0.5499999999999989,0.5666666666666667,30,-7.309302325581395,43,-6.859694127762031
1610612758,SAC,Sacramento Kings,2018,2017-18,2,82,98.82926829268293,9.326458947265657,105.8170731707317,10.859515994012328,95.85365853658536,4.4807460556582095,103.1658536585366,9.094771520789118,110.42926829268292,10.834666445666834,-7.2646341463414625,12.13930837771205,48.18292682926829,0.944484296943331,38.76829268292683,4.298431469555414,86.13414634146342,5.79220889041233,0.4507682926829267,0.0469073946579032,9.0,2.703450013465875,23.98780487804878,4.821489709953324,0.3769146341463413,0.0930848811130991,12.292682926829269,4.423528017368676,16.71951219512195,5.705259410780012,0.7405731707317073,0.124181968282889,9.46341463414634,2.9863687101343697,31.4390243902439,4.651025536654002,40.90243902439025,5.770529119881172,21.5609756097561,3.934957483183205,13.71951219512195,3.5979225495678686,7.841463414634147,3.2941006460863065,4.146341463414634,2.1205749931837707,19.98780487804878,3.3756349286221603,-6.987804878048781,11.762562396616516,-10.48,-2.78,7.700000000000001,0.56,25,-8.726415094339623,53,-7.850829844706955
1610612758,SAC,Sacramento Kings,2019,2018-19,1,82,114.1829268292683,11.06560464424462,115.3048780487805,12.552791263438696,104.20731707317071,5.321138383907391,109.67195121951218,10.219036633948727,110.82926829268293,10.919599411601435,-1.154878048780488,12.451804891126134,48.1219512195122,0.7760336619661978,43.18292682926829,5.011414252423637,93.13414634146342,7.042660473586741,0.4643048780487805,0.0474333031478497,11.304878048780488,3.0497481150401926,29.9390243902439,6.029449457855159,0.376780487804878,0.0635573085209386,16.51219512195122,5.863138464407558,22.74390243902439,7.09514000872786,0.7194024390243903,0.0947152796095148,11.048780487804878,3.066756999572902,34.3780487804878,5.010212395148999,45.426829268292686,5.938014149912822,25.402439024390244,4.488283116709801,13.353658536585366,4.104715599596177,8.28048780487805,2.877217406805103,4.426829268292683,2.2554761223280666,21.353658536585368,3.910643757492192,-1.1219512195121952,13.133117354778385,0.2400000000000002,-5.1,-5.34,0.4444444444444444,27,-5.456097560975611,41,-3.98942029170479
1610612758,SAC,Sacramento Kings,2020,2019-20,1,72,110.09722222222224,11.093913725675836,112.13888888888889,12.231690030472686,100.54166666666669,5.5486008895023184,109.60416666666669,10.308596679129405,111.38333333333334,10.542135443936862,-1.788888888888889,12.190455231370311,48.48611111111112,1.711543702811987,40.875,3.9644103339304633,88.38888888888889,7.62234586557988,0.4646666666666667,0.0496710304665167,12.694444444444445,3.800070010062598,34.875,6.102268107543131,0.3645555555555556,0.0909083873923553,15.65277777777778,5.719154183062392,20.33333333333333,6.87104559769718,0.7668194444444444,0.1169610897606416,9.65277777777778,3.3741340974638563,32.94444444444444,4.684072168677288,42.59722222222222,6.073863939963535,23.791666666666668,4.165375386766006,14.48611111111111,4.017542713185408,7.722222222222222,2.633597775989416,4.069444444444445,2.183977434290434,22.15277777777778,3.934891670295893,-2.0416666666666665,12.232993368777873,-4.01,-1.7800000000000007,2.229999999999999,0.4285714285714285,28,-5.621621621621623,37,-3.7214535419327657
1610612758,SAC,Sacramento Kings,2021,2020-21,2,72,113.73611111111111,10.029524100256266,117.41666666666669,12.21837683141121,100.91666666666669,3.924462823203225,112.84027777777776,10.61346022510669,116.55694444444444,11.94450579559889,-3.713888888888889,13.76823559589609,48.06944444444444,0.5892556509887894,42.59722222222222,4.051289908381371,88.63888888888889,6.302929244240567,0.4821944444444445,0.0503614090152059,12.13888888888889,3.35800727106879,33.333333333333336,5.173061316114636,0.36375,0.0820478647660989,16.40277777777778,5.530096202260841,22.01388888888889,6.888432957298688,0.7412083333333334,0.1061272074207626,9.36111111111111,4.156466387756656,32.041666666666664,5.625489024126114,41.40277777777778,7.161437660021377,25.5,4.500391219300892,13.375,3.601398398196902,7.541666666666667,2.857840709543966,4.972222222222222,2.679984350502039,19.444444444444443,3.6995960528977463,-3.6805555555555554,13.885676467303153,-7.609999999999999,3.4900000000000007,11.1,0.6666666666666666,24,-6.843589743589744,39,-6.154121418596941
1610612758,SAC,Sacramento Kings,2022,2021-22,2,82,110.3048780487805,13.577113117383542,115.76829268292684,10.306774447819134,100.63414634146342,4.793287990106328,109.54756097560976,11.905878054529303,114.8719512195122,9.35109783467377,-5.330487804878048,14.150816309607178,48.30487804878049,1.8168554056917157,40.5,5.402902740628537,88.08536585365853,7.298234556540124,0.4609268292682927,0.0571953076914628,11.426829268292684,2.893289331483459,33.19512195121951,5.174579423215622,0.3462682926829268,0.0774317778228174,17.878048780487806,5.109638058024348,23.26829268292683,6.299223507875237,0.7685609756097561,0.0857449703468207,9.560975609756095,3.849314708853101,33.3780487804878,4.875335363969471,42.9390243902439,6.540184542598903,23.695121951219512,4.401708490945905,14.097560975609756,3.268290435805741,7.170731707317073,3.0421113446590384,4.5,2.353090953838597,18.92682926829268,3.727709016768972,-5.463414634146342,13.897504103078791,1.97,-5.370000000000001,-7.340000000000001,0.5652173913043478,23,-9.198039215686274,51,-8.512536273272415
1610612758,SAC,Sacramento Kings,2023,2022-23,3,82,120.70731707317071,13.387379172493022,118.0609756097561,11.97564149262542,101.7439024390244,5.392749992739466,118.61463414634149,11.171934876145864,116.090243902439,10.770439767218578,2.518292682926829,13.43888891689661,48.36585365853659,1.527623791205016,43.573170731707314,5.571156955457518,88.1951219512195,7.369337582489853,0.4945731707317073,0.0518952007790356,13.75609756097561,3.8218377571812487,37.31707317073171,6.148126380823669,0.367719512195122,0.0788579398431275,19.804878048780488,5.692618188214992,25.0609756097561,6.637617378889323,0.7918536585365854,0.0979670040132837,9.53658536585366,3.4000549086024465,32.91463414634146,5.567101822672621,42.45121951219512,6.601818752443027,27.28048780487805,5.143074908281535,13.48780487804878,4.202421120032994,7.0,3.083208205669246,3.3536585365853657,1.7803588986182506,19.70731707317073,3.84735857721635,2.6463414634146343,13.56408834469549,-1.06,5.04,6.1,0.5555555555555556,27,-0.3127659574468086,47,0.5913026418597785
1610612758,SAC,Sacramento Kings,2024,2023-24,1,82,116.5609756097561,12.900471386712882,114.8170731707317,13.52740980451436,100.3170731707317,5.197050561404018,116.13780487804875,10.885051934454808,114.45609756097558,12.802595199498272,1.6817073170731711,16.216590560125784,48.426829268292686,1.6103867168783477,43.329268292682926,5.765060530019152,90.91463414634148,5.900829026317572,0.4767195121951219,0.0559031955159534,14.365853658536585,3.670073148670389,39.25609756097561,5.447416367121583,0.3655975609756098,0.0775090372677615,15.53658536585366,5.500157398311703,20.853658536585368,6.713027598355622,0.7403048780487804,0.099531456535652,10.829268292682928,4.045436014129296,33.15853658536585,5.264531944761131,43.98780487804878,6.812287196701727,28.341463414634145,4.500259285246513,13.146341463414634,3.614517884349758,7.621951219512195,3.0046886977573224,4.170731707317073,2.5278931746494004,19.902439024390244,3.459143389636115,1.7439024390243902,16.079901553357626,-0.2199999999999999,6.859999999999999,7.079999999999999,0.5652173913043478,23,-2.567857142857143,56,-0.8387821937264074
1610612758,SAC,Sacramento Kings,2025,2024-25,1,82,115.73170731707316,11.437483082886017,115.2560975609756,12.213947679447882,99.86585365853658,5.530526273982312,115.97560975609758,10.649529763867916,115.35731707317072,10.944394026819063,0.6195121951219509,15.825993924860644,48.48780487804878,1.6868694244915796,43.03658536585366,4.851994936414616,90.0609756097561,7.73216396167735,0.4790609756097562,0.0500097145034387,12.585365853658535,3.855255254114205,35.207317073170735,6.0159003408109335,0.3559390243902439,0.0815849701059244,17.073170731707318,5.390390369988168,21.195121951219512,6.282326816702381,0.8071951219512195,0.0922198713253759,10.98780487804878,3.716808342886904,33.207317073170735,5.227509864142286,44.19512195121951,6.34684528302626,26.451219512195124,5.123541500444303,13.317073170731708,3.6136847197617015,7.560975609756097,2.7759885836728007,4.353658536585366,2.1623715331541344,18.87804878048781,3.979547228735856,0.4756097560975609,15.72779689920428,4.840000000000001,2.47,-2.370000000000001,0.4230769230769231,26,-4.330232558139535,43,-2.0438631619971184
1610612759,SAS,San Antonio Spurs,2013,2012-13,3,82,103.02439024390245,11.508424836449164,96.6219512195122,11.195943096709254,96.2439024390244,5.918293413530285,107.10487804878052,10.628019134612291,100.33048780487805,9.969777651772148,6.771951219512196,14.203783832418914,48.48780487804878,1.6868694244915796,39.14634146341464,5.006469767838836,81.40243902439025,6.686747084368463,0.4825121951219512,0.0618000047749486,8.085365853658537,3.1395573310371345,21.51219512195122,5.009235673786118,0.3772073170731707,0.1151348900584111,16.646341463414632,4.964993382610965,21.036585365853657,5.759469115519477,0.7889634146341462,0.0938145590220016,8.121951219512194,2.7639220831169795,33.18292682926829,5.473004566253738,41.30487804878049,6.143729161481295,25.09756097560976,5.027356657864237,14.707317073170731,3.766282526718214,8.475609756097562,2.704480095428752,5.439024390243903,2.744680875895936,17.402439024390244,4.2305758184312605,6.402439024390244,13.740864310603206,5.839999999999999,-3.5900000000000007,-9.43,0.6153846153846154,26,3.555263157894736,38,5.125840405597728
1610612759,SAS,San Antonio Spurs,2014,2013-14,3,82,105.35365853658536,10.560083182448652,97.63414634146342,10.952774263951811,96.1829268292683,5.013877159187235,109.57439024390244,9.912130129174123,101.38536585365854,10.170620020082046,8.19512195121951,13.795820644995896,48.18292682926829,1.2285497701720605,40.5609756097561,4.661631042318388,83.46341463414635,7.165064630503299,0.4873536585365854,0.0523441536233859,8.512195121951219,3.035769890102826,21.42682926829268,4.724588917527812,0.3970975609756098,0.1129174952552457,15.71951219512195,5.63120580084358,20.02439024390244,6.314739977357107,0.7806341463414636,0.0962753910321743,9.292682926829269,3.3974856530117914,33.97560975609756,5.542151852346843,43.26829268292683,6.565996921077569,25.170731707317078,5.156333461543828,14.390243902439025,3.697700645432776,7.365853658536586,2.37534764250714,5.121951219512195,2.6452391145035885,18.23170731707317,3.966834047161991,7.719512195121951,13.511105985236512,9.28,5.710000000000001,-3.5699999999999985,0.9090909090909092,11,3.5863636363636364,44,5.8703461099085406
1610612759,SAS,San Antonio Spurs,2015,2014-15,3,82,103.1829268292683,11.287629029414948,96.98780487804878,11.071589603869858,95.85365853658536,4.956905524194548,107.69024390243902,10.882227097724243,101.33292682926826,10.033832335050914,6.363414634146342,12.669575808182742,48.670731707317074,2.5774658721682644,39.1219512195122,5.143353001336435,83.58536585365853,7.199024658753306,0.4696585365853659,0.0612403118086818,8.25609756097561,3.2310644028786446,22.52439024390244,5.197876132640524,0.3618048780487805,0.1062808344828925,16.682926829268293,5.586310535763953,21.390243902439025,6.818196600131795,0.781670731707317,0.0941631175834691,9.829268292682928,3.790191623706424,33.80487804878049,4.743908438080873,43.63414634146341,6.054306079294023,24.390243902439025,5.351257144465861,13.975609756097562,3.674992600164205,8.012195121951219,2.723894735366737,5.414634146341464,2.387990629632933,19.07317073170732,4.634227166128236,6.195121951219512,12.327264797689375,3.4799999999999995,13.37,9.89,0.4347826086956521,23,1.453488372093023,43,4.308768287107178
1610612759,SAS,San Antonio Spurs,2016,2015-16,0,82,103.53658536585364,10.478897220688754,92.90243902439023,10.746931524281434,94.71951219512196,4.134391711102989,109.40121951219514,11.000387130139917,98.18414634146342,10.276359896337832,11.223170731707317,14.0882956305211,48.0609756097561,0.5521576303742327,40.109756097560975,4.679891571923688,82.89024390243902,5.526604783554215,0.4847439024390243,0.0539704562473388,6.951219512195122,2.3980570274234654,18.51219512195122,3.900756186389368,0.3796951219512194,0.1201775116105277,16.365853658536587,4.609470109933372,20.390243902439025,5.868425867470713,0.8077926829268294,0.0913272149619873,9.390243902439025,3.141738519901282,34.52439024390244,4.974566448646797,43.91463414634146,5.648557599150282,24.51219512195122,4.787442169818726,13.060975609756095,4.0865559799390425,8.25609756097561,2.892352520263645,5.914634146341464,2.876903425784183,17.475609756097562,4.022239440589597,10.634146341463415,13.522283570683395,11.01,0.7300000000000002,-10.28,0.6,15,7.5394736842105265,38,8.397448719100309
1610612759,SAS,San Antonio Spurs,2017,2016-17,0,82,105.32926829268293,10.608702318855656,98.13414634146342,9.060512883204506,95.51219512195122,4.581885703881395,110.30731707317072,10.124884154043016,102.9451219512195,9.328360479966644,7.359756097560974,12.722720608928878,48.30487804878049,1.203790560412963,39.29268292682927,4.782911466434884,83.70731707317073,6.79049409078521,0.4703658536585366,0.0521475854808685,9.182926829268292,2.4349717912554087,23.5,4.386426876255974,0.3940121951219512,0.0919273054052634,17.5609756097561,5.195196168958943,22.02439024390244,6.162362080706618,0.7969024390243903,0.0883200702490239,10.01219512195122,3.9362007829165298,33.86585365853659,4.793931851372497,43.8780487804878,5.932522299755582,23.82926829268293,5.467761584226693,13.426829268292684,3.4139528076644456,7.987804878048781,2.8436366146231298,5.902439024390244,2.512240434832804,18.26829268292683,3.641491962883932,7.195121951219512,12.14159163848828,5.74,2.19,-3.5500000000000003,0.56,25,5.348648648648648,37,6.029565764175488
1610612759,SAS,San Antonio Spurs,2018,2017-18,0,82,102.73170731707316,11.398558258938497,99.84146341463416,11.951000280667786,95.9390243902439,4.43428717384638,107.1390243902439,11.394960507275169,104.0329268292683,11.019590354220382,3.102439024390243,14.4842781996678,48.1219512195122,0.7760336619661979,39.04878048780488,5.005928433575905,85.35365853658537,6.179160419256125,0.4577560975609755,0.0504161841974122,8.487804878048781,2.965829688170777,24.10975609756097,4.309066231984492,0.3522560975609756,0.1077433863772609,16.146341463414632,5.5044806691929455,20.914634146341463,7.062684446645886,0.7780975609756098,0.1066681261191935,10.353658536585366,3.4043253214563585,33.86585365853659,4.545414716093873,44.21951219512195,5.575573690781149,22.78048780487805,4.825407013457876,13.146341463414634,3.748652272120196,7.658536585365853,2.785409570234444,5.609756097560975,2.381803951469131,17.170731707317074,4.081892801227223,2.8902439024390243,13.93105253134648,-0.1799999999999993,0.5600000000000002,0.7399999999999995,0.52,25,0.0999999999999998,49,0.1007894826301465
1610612759,SAS,San Antonio Spurs,2019,2018-19,0,82,111.65853658536584,12.64444396816551,109.97560975609755,14.31478180129439,99.53658536585364,5.216770492284083,112.12439024390244,10.610995473198985,110.47682926829268,12.431275758458442,1.646341463414634,15.851721837557475,48.30487804878049,1.4374963178932458,42.29268292682927,5.167533511219975,88.39024390243902,6.818196600131795,0.4795975609756098,0.057239125821783,9.902439024390244,3.0494272123460444,25.25609756097561,5.426981007389088,0.396670731707317,0.1156801737100245,17.170731707317074,5.5283888619209725,20.97560975609756,6.386667458741344,0.8196219512195122,0.0956536499395764,9.231707317073171,3.5111771459606205,35.48780487804878,5.405173339094217,44.71951219512195,5.468821594790958,24.54878048780488,5.013937214970283,12.097560975609756,3.339290070546196,6.109756097560975,2.6943291959818843,4.7073170731707314,2.0577334101171405,18.134146341463413,3.578958380511136,1.6829268292682926,15.74870408055222,0.5200000000000004,3.71,3.189999999999999,0.6190476190476191,21,0.2297297297297293,37,0.2226682691001595
1610612759,SAS,San Antonio Spurs,2020,2019-20,1,71,114.056338028169,10.696978644116106,115.16901408450704,10.938772346230447,102.09859154929578,5.899527655614144,111.82112676056336,9.65546352357725,112.82535211267606,10.9223325388184,-0.9971830985915492,12.229320409000492,48.49295774647887,1.7227323765014335,42.183098591549296,4.623881669132639,89.43661971830986,6.684165498434548,0.4727746478873239,0.0496131310910726,10.704225352112676,3.3907199665186285,28.464788732394368,5.309912525282968,0.3745492957746479,0.0937819337966531,18.985915492957748,6.160920519686924,23.43661971830986,6.995370702657983,0.8069859154929576,0.0878123800184634,9.014084507042254,3.856323036803986,35.63380281690141,5.943157978765446,44.647887323943664,7.185498474704443,24.66197183098592,4.410842685836253,12.605633802816902,3.973048031925099,7.295774647887324,3.00187734686709,5.492957746478873,2.254349696771109,19.3943661971831,4.196865746310611,-1.1126760563380282,12.28303044945069,0.0399999999999997,3.660000000000001,3.6200000000000014,0.5,26,-1.8026315789473688,38,-1.5872032875332889
1610612759,SAS,San Antonio Spurs,2021,2020-21,1,72,111.08333333333331,12.446788148404696,112.81944444444444,14.078578662343713,100.5,4.738217410097611,110.46111111111112,10.432999589676244,111.93194444444444,11.956397620236965,-1.4680555555555554,15.165294203495035,48.55555555555556,1.791127498303783,41.86111111111112,5.077721446285921,90.52777777777776,6.508871999854132,0.4626944444444444,0.0480345060505257,9.944444444444445,3.4636498249023626,28.416666666666668,5.54050386685106,0.3467777777777778,0.0862574303347249,17.416666666666668,6.220705996797434,22.0,7.545169147526696,0.7930972222222221,0.0901160690868628,9.291666666666666,3.199636863198389,34.56944444444444,4.471589152210418,43.86111111111112,4.885464371820299,24.43055555555556,4.288295202449219,11.40277777777778,3.4951061247351545,7.013888888888889,2.7347171007772,5.083333333333333,2.1542620709705997,17.958333333333332,4.2935834864282745,-1.7361111111111112,15.172243983024996,-2.13,-8.690000000000001,-6.560000000000001,0.4230769230769231,26,-5.728205128205129,39,-3.5901790667520146
1610612759,SAS,San Antonio Spurs,2022,2021-22,1,82,113.15853658536584,13.27530847535864,113.03658536585364,12.97142645377559,101.09756097560977,5.449226371861572,111.91463414634148,11.29853177341503,111.72560975609754,11.549718728610976,0.1926829268292679,14.595329715465892,48.30487804878049,1.437496317893246,43.24390243902439,5.231813828968079,92.6951219512195,6.612164294057655,0.4670243902439023,0.0510734101556989,11.28048780487805,3.5040519411136417,32.02439024390244,5.891981598280118,0.3505975609756097,0.0840688811873999,15.390243902439025,6.275085160134297,20.402439024390244,7.817138114342434,0.7547439024390243,0.1097467129883325,10.98780487804878,3.7267597630955183,34.329268292682926,4.755905693363506,45.31707317073171,6.164169762326268,27.914634146341463,4.932135038432965,12.71951219512195,3.4400487731393925,7.634146341463414,2.737540552140932,4.914634146341464,2.440406865046848,18.085365853658537,4.040539077566031,0.1219512195121951,14.812732464313244,0.7400000000000002,7.830000000000001,7.090000000000001,0.375,24,-5.178723404255319,47,-3.639409811749755
1610612759,SAS,San Antonio Spurs,2023,2022-23,2,82,113.03658536585364,12.59477171750562,123.07317073170732,12.75096751381604,103.0609756097561,5.40312566369406,109.8158536585366,12.04775958386726,119.72073170731709,12.095593910618328,-9.898780487804878,14.91604897460946,48.426829268292686,1.6103867168783477,43.08536585365854,5.145299231870417,92.59756097560977,7.892580913990709,0.4674146341463415,0.0595346047766665,11.109756097560975,3.3296501783441976,32.19512195121951,6.223093241396687,0.3464878048780488,0.0804690330595671,15.75609756097561,5.313762647300482,21.20731707317073,6.4783357962015895,0.7402682926829268,0.107318845212711,11.768292682926829,3.762382947567051,31.9390243902439,5.377932874199693,43.707317073170735,6.435794587484711,27.21951219512195,4.452837603379632,15.28048780487805,3.525128104646756,6.975609756097561,2.6009286554077047,3.926829268292683,2.3767416631711957,19.87804878048781,3.8630578430597766,-10.03658536585366,15.34174094934536,-6.919999999999999,-12.79,-5.87,0.5,12,-13.112,50,-10.594467477856394
1610612759,SAS,San Antonio Spurs,2024,2023-24,2,82,112.09756097560977,12.147864473300158,118.58536585365852,12.103413679784923,102.59756097560977,5.050020794719589,109.41097560975612,11.95450228835817,115.7048780487805,11.088442458604536,-6.292682926829269,14.394810282994651,48.36585365853659,1.527623791205016,41.926829268292686,4.515489084716574,90.6829268292683,5.730313693997648,0.4633536585365853,0.0502073163600634,12.634146341463415,3.241369148003421,36.39024390243903,5.108105632194162,0.3486341463414634,0.0797156229858846,15.609756097560975,4.81960015133927,19.963414634146343,5.196022034831056,0.7777439024390242,0.1018335377309714,10.353658536585366,3.060589595500632,33.8780487804878,5.068396985003354,44.23170731707317,6.0211536167284505,29.865853658536587,4.88576211910615,15.146341463414634,4.106970741566919,7.121951219512195,2.37471372622927,6.341463414634147,2.672306592316148,17.24390243902439,3.8088946441346256,-6.487804878048781,14.882456240954532,-11.330000000000002,0.8400000000000002,12.170000000000002,0.3478260869565217,23,-9.478947368421052,57,-9.1930344109808
1610612759,SAS,San Antonio Spurs,2025,2024-25,0,82,113.92682926829268,11.734491196873565,116.6829268292683,13.22724278985384,100.3780487804878,4.615166205967257,113.5621951219512,11.081623541121418,116.34268292682926,12.19901868637675,-2.7804878048780486,15.066989827937036,48.1219512195122,0.7760336619661979,41.78048780487805,5.103918587153784,89.78048780487805,6.253935827889156,0.4661219512195122,0.0524779531001147,14.121951219512194,3.4761630752866224,39.59756097560975,5.914743570822132,0.3572317073170732,0.0694993203236128,16.24390243902439,5.451381013406356,20.98780487804878,6.743069423149076,0.7754756097560975,0.0946256073724827,10.926829268292684,3.2156273039867567,32.74390243902439,5.426981007389088,43.670731707317074,6.261887220060738,28.634146341463413,4.495573117782885,13.878048780487806,4.053318237978832,8.207317073170731,3.161253872496098,5.548780487804878,2.722346659398021,16.621951219512194,3.412541299537322,-2.756097560975609,15.351487622939931,-2.4900000000000007,-8.09,-5.6,0.4090909090909091,22,-5.787234042553192,47,-4.331517389388702
1610612760,OKC,Oklahoma City Thunder,2013,2012-13,3,82,105.71951219512196,10.158344365738731,96.51219512195122,11.88031248543492,95.21951219512196,5.5533871106815536,111.1378048780488,10.048482966934166,101.19512195121952,11.192886877459763,9.948780487804877,13.630414827545511,48.36585365853659,1.3100956059915252,38.1219512195122,4.77232309789242,79.3170731707317,6.967079641809808,0.4814146341463414,0.0510966045160965,7.292682926829267,2.9751555821048417,19.365853658536587,4.829212023554488,0.3765731707317073,0.1202335207761022,22.182926829268293,6.047401337173807,26.78048780487805,6.906830382450999,0.8289268292682928,0.0785948794373587,10.414634146341465,3.3809605600987256,33.23170731707317,5.006905800098191,43.64634146341464,5.558603499946509,21.37804878048781,4.625853925579683,15.28048780487805,4.059052952379386,8.28048780487805,2.6540181055877734,7.609756097560975,3.0982117405303167,20.170731707317078,4.09999963278764,9.207317073170731,12.838731721599729,6.630000000000001,8.879999999999999,2.2499999999999982,0.4,15,5.610810810810811,37,7.825838356246183
1610612760,OKC,Oklahoma City Thunder,2014,2013-14,3,82,106.15853658536584,11.20457304368344,99.8170731707317,11.1500739617549,97.0,5.40690002693175,109.50243902439026,10.605740067189055,103.0329268292683,9.955742246241226,6.467073170731708,12.416486997238978,48.30487804878049,1.4374963178932458,38.95121951219512,4.986159706415969,82.70731707317073,6.549880415227364,0.4722560975609756,0.0603266439867693,8.097560975609756,3.141163408351191,22.42682926829268,5.973254149204154,0.3644390243902439,0.1169671366277224,20.15853658536585,6.428081741002938,25.02439024390244,7.408662946891591,0.804109756097561,0.0847530918038401,10.817073170731708,3.9413228611488447,33.91463414634146,5.67254862378367,44.73170731707317,6.522607939546283,21.87804878048781,4.965038867980194,15.317073170731708,3.737953651498743,8.268292682926829,2.8976311333370357,6.109756097560975,2.383099431987709,22.65853658536585,4.332534149082495,6.341463414634147,12.215371324581598,2.29,4.9,2.6100000000000003,0.6190476190476191,21,2.958139534883722,43,5.1963630879680505
1610612760,OKC,Oklahoma City Thunder,2015,2014-15,1,82,103.95121951219512,14.09220293920062,101.76829268292684,13.21549668399327,97.41463414634148,5.539869454075823,106.54268292682924,11.75157494554209,104.52926829268294,11.527417534450208,2.023170731707317,13.644383810763648,48.36585365853659,1.3100956059915252,38.829268292682926,5.526155268411047,86.8170731707317,7.869503645352074,0.4479634146341463,0.0563740692342098,7.7073170731707314,2.7821645577892204,22.73170731707317,4.680004169270605,0.3356463414634146,0.0913898678706388,18.585365853658537,7.06748985336814,24.634146341463413,7.689197481157946,0.7412926829268293,0.1411577777432203,12.829268292682928,3.637272339993052,34.68292682926829,5.239635386382746,47.51219512195122,6.643002263477599,20.5,4.298291363085489,14.695121951219512,4.203728575391326,7.292682926829267,2.486942715677813,5.536585365853658,3.039635788575764,22.304878048780488,4.684329074033248,2.182926829268293,13.376899240975913,-5.07,0.5899999999999999,5.66,0.32,25,-2.855813953488372,43,-0.5466565951598864
1610612760,OKC,Oklahoma City Thunder,2016,2015-16,3,82,110.21951219512196,11.409357638991658,102.9390243902439,12.08748721548788,98.3048780487805,5.337241679966946,112.19146341463416,10.810982084641868,104.75243902439026,10.852925026555678,7.440243902439024,13.59891843698706,48.36585365853659,1.527623791205016,41.1219512195122,4.810970600725791,86.36585365853658,6.447340719140733,0.4767682926829268,0.0501561263149939,8.268292682926829,2.948315193662368,23.71951219512195,5.3455286270226425,0.35,0.1043938411692666,19.70731707317073,5.439879730147564,25.20731707317073,6.699433926479196,0.7862926829268293,0.0862937114577735,13.060975609756095,3.47601148251243,35.5609756097561,5.822683529171,48.6219512195122,6.971972538959892,22.963414634146343,4.665198504374203,15.914634146341465,3.689160697858268,7.353658536585366,2.873342576334331,5.939024390243903,2.8860993411185936,20.621951219512194,4.27926451481029,7.280487804878049,13.20051849921046,6.2,7.58,1.38,0.5,28,3.9512820512820506,39,5.201353408275227
1610612760,OKC,Oklahoma City Thunder,2017,2016-17,1,82,106.59756097560977,10.85921098024714,105.84146341463416,11.548576431104603,98.76829268292684,5.631259272995596,108.03902439024392,10.346774485138416,107.17560975609756,10.768570648936572,0.8621951219512197,14.097803350858674,48.30487804878049,1.2037905604129633,39.47560975609756,4.989434787643843,87.42682926829268,6.905053593635943,0.4520853658536586,0.0508556905830538,8.439024390243903,2.8935755188604277,25.804878048780488,4.728268088925031,0.3265365853658536,0.1005380825975603,19.20731707317073,5.673716322708522,25.76829268292683,6.985520793239778,0.7476951219512196,0.0923947100490427,12.21951219512195,3.555640242893884,34.40243902439025,5.321421317835592,46.6219512195122,5.834423694714237,20.98780487804878,4.952849042770205,15.0,3.555555555555556,7.902439024390244,2.8048008053985702,4.975609756097561,2.2877861947721563,20.914634146341463,3.878402431421242,0.7560975609756098,13.689286588387516,2.13,0.01,-2.12,0.5384615384615384,26,-2.158974358974359,39,-1.78070175709912
1610612760,OKC,Oklahoma City Thunder,2018,2017-18,1,82,107.85365853658536,12.964454682527013,104.4390243902439,11.82704325361392,98.0,5.358735800794442,110.05243902439024,11.711566780190148,106.440243902439,11.08755124147662,3.609756097560975,13.126174113326298,48.36585365853659,1.888968593886662,39.89024390243903,5.678649851620369,88.0609756097561,7.104767241433974,0.4532195121951219,0.0552279282520933,10.74390243902439,3.0663887781089496,30.37804878048781,5.115071518519208,0.3521463414634145,0.0723888883689297,17.329268292682926,5.87956258986313,24.20731707317073,7.2277548122925745,0.7146463414634147,0.1051746779775646,12.48780487804878,4.074139771171043,32.573170731707314,4.648192235365333,45.0609756097561,6.023303635942305,21.341463414634145,5.065544496088733,13.98780487804878,3.824850202631275,9.060975609756095,3.267299866732599,5.024390243902439,2.388116721489802,20.15853658536585,4.059646375754402,3.414634146341464,12.77048218731765,5.64,4.07,-1.5699999999999994,0.4642857142857143,28,2.138775510204081,49,2.8888413417061067
1610612760,OKC,Oklahoma City Thunder,2019,2018-19,1,82,114.47560975609755,11.927999645771845,111.07317073170732,13.10054233898082,104.2560975609756,5.723702021408044,109.72317073170731,8.711497989998625,106.3439024390244,9.867718882344676,3.379268292682927,11.056284038588426,48.426829268292686,1.7918229065718263,42.64634146341464,4.942563815182202,93.97560975609755,7.460142006651738,0.4548536585365854,0.0480244592905903,11.365853658536585,3.7400475177609582,32.64634146341464,8.026763797891928,0.3513292682926829,0.0852112921975515,17.817073170731707,5.2071367189075,24.98780487804878,6.5442348625921145,0.7139756097560975,0.0985103836865335,12.573170731707316,4.073493019252424,35.5,5.174128423055579,48.073170731707314,6.2435754393446,23.37804878048781,5.318591301246022,13.96341463414634,3.2373023442260296,9.341463414634148,3.5214317801990145,5.182926829268292,2.2229334905079643,22.42682926829268,4.838198031572606,3.402439024390244,11.687135225545507,2.6000000000000005,3.18,0.5799999999999992,0.4545454545454545,22,1.2026315789473687,38,2.0747816525606986
1610612760,OKC,Oklahoma City Thunder,2020,2019-20,0,72,110.41666666666669,11.694166115066118,108.43055555555556,10.94522391034438,100.25,4.704657566380512,110.27638888888887,11.651893312338917,108.15000000000002,10.324372913467338,2.123611111111112,13.032337819045896,48.41666666666666,1.391624848265458,39.98611111111112,4.868678438134861,85.5,6.549916675096274,0.4693194444444444,0.0601773965306587,10.694444444444445,3.3425927732187684,30.15277777777778,6.165921157829513,0.3538888888888889,0.0838861662545672,19.75,5.671152601630987,24.819444444444443,6.74970294367508,0.7971805555555556,0.0825159526000265,8.23611111111111,3.64824115660906,34.65277777777778,5.323770035091812,42.888888888888886,6.177094343029877,21.694444444444443,4.616684039220885,13.694444444444445,3.9455408557962537,7.638888888888889,2.541517543535782,4.902777777777778,2.246497883073596,19.30555555555556,3.938394928976577,1.9861111111111112,13.545430137920436,1.8400000000000003,1.7500000000000009,-0.0899999999999996,0.6,25,-1.9882352941176469,34,-0.4315955523541908
1610612760,OKC,Oklahoma City Thunder,2021,2020-21,2,72,105.0,10.941586258818004,115.63888888888889,13.129158555743269,102.125,4.402104170366776,102.85,10.261743530301766,113.36527777777776,11.44072488250835,-10.511111111111113,15.11246622387498,48.208333333333336,1.0061431029739116,38.81944444444444,4.637041276470052,88.02777777777777,7.354163757330949,0.4419999999999999,0.048654284874199,11.90277777777778,3.4890562193857564,35.125,6.317731586128537,0.3394722222222222,0.0809959088207324,15.458333333333334,5.043298440002295,21.33333333333333,5.871871357534719,0.7241666666666666,0.1201265764358461,9.930555555555555,4.07440098038752,35.666666666666664,5.280845002806083,45.59722222222222,6.636772765332119,22.05555555555556,4.076344982874404,16.13888888888889,4.29315063910127,7.0,2.863072318086211,4.388888888888889,2.335009458348944,18.125,3.9107562036653527,-10.63888888888889,15.763485669044924,-5.0600000000000005,-18.24,-13.18,0.6666666666666666,18,-11.717948717948715,39,-11.274622116149564
1610612760,OKC,Oklahoma City Thunder,2022,2021-22,2,82,103.73170731707316,11.81759389402696,111.82926829268293,14.28528110497368,99.97560975609755,4.021472028738772,103.7012195121951,10.505078065445115,111.68658536585365,13.122083564937974,-7.98658536585366,15.639209684455002,48.30487804878049,1.203790560412963,38.30487804878049,4.539780340556121,89.14634146341463,5.513444737150957,0.4301341463414634,0.0480950094161936,12.085365853658535,3.337779329457381,37.39024390243903,5.172949817688201,0.3228780487804878,0.0757507919110954,15.03658536585366,4.925231390067792,19.902439024390244,6.085014493419466,0.7559878048780487,0.1068496686999767,10.414634146341465,3.513470443287757,35.207317073170735,4.948469784374297,45.6219512195122,6.060681304452024,22.21951219512195,4.351881642827936,13.96341463414634,3.581313373648978,7.585365853658536,2.615014668477119,4.634146341463414,2.5507790875786216,18.25609756097561,4.141959265645376,-8.097560975609756,15.51789867098322,-7.3,-8.76,-1.46,0.48,25,-12.341176470588238,51,-10.254550655991508
1610612760,OKC,Oklahoma City Thunder,2023,2022-23,1,82,117.47560975609755,12.12713069964711,116.39024390243902,11.43284859955169,102.86585365853658,5.274588966776771,114.19268292682926,10.166050746222284,113.25243902439028,10.176652359050928,0.9378048780487804,12.86774741425293,48.426829268292686,1.6103867168783477,43.08536585365854,5.140498173274349,92.5609756097561,6.700096850185593,0.4665853658536585,0.0537453876791123,12.134146341463415,3.4987200309345976,34.109756097560975,5.973203738592896,0.356890243902439,0.0872985520360681,19.170731707317078,6.359215880789739,23.70731707317073,7.008791313486314,0.8043536585365855,0.0850452852426601,11.390243902439025,3.5685737288580284,32.26829268292683,4.899102413349715,43.65853658536585,5.896681452560073,24.414634146341463,4.901376021234821,13.048780487804878,3.530825241992461,8.24390243902439,2.632001424113822,4.158536585365853,2.3489924932219104,21.0,4.064298035149307,1.0853658536585369,12.99591694617606,-2.51,-2.0600000000000005,0.4499999999999997,0.36,25,-1.98125,48,-0.1671712709025807
1610612760,OKC,Oklahoma City Thunder,2024,2023-24,3,82,120.08536585365852,11.911402587138667,112.67073170731707,13.785889080128255,101.51219512195122,4.450673142149119,118.2719512195122,10.348045373852951,111.140243902439,13.396045664521676,7.134146341463414,17.24677260566896,48.30487804878049,1.4374963178932458,44.54878048780488,5.121131334846859,89.3170731707317,6.686780857893695,0.5000243902439024,0.0569214263743259,13.292682926829269,4.123069110005039,34.207317073170735,6.632761570143432,0.3872073170731707,0.0936479799212472,17.695121951219512,5.339554298665861,21.451219512195124,6.277831738262468,0.8296829268292684,0.0871562918616952,8.804878048780488,3.112852783875282,33.23170731707317,6.492728659365285,42.03658536585366,7.0210356275086765,27.10975609756097,5.597631989546514,12.670731707317072,3.0309305829621564,8.463414634146341,3.300561575678437,6.560975609756097,2.429741443215564,18.841463414634145,3.920410384776668,7.414634146341464,17.377402112671682,1.48,7.8199999999999985,6.339999999999998,0.5882352941176471,17,3.3188679245283024,53,4.49593879506566
1610612760,OKC,Oklahoma City Thunder,2025,2024-25,3,82,120.5,12.546456880207796,107.63414634146342,11.920013459187397,101.04878048780488,4.33447973161856,119.20365853658537,10.946350032885716,106.62926829268292,11.638924559,12.576829268292686,12.9587503091706,48.0609756097561,0.5521576303742328,44.63414634146341,4.990143853840637,92.6829268292683,7.0253123453790645,0.4820731707317072,0.0446674351752032,14.53658536585366,4.187562778453225,38.829268292682926,6.65332902480522,0.3736463414634146,0.0814365422801621,16.695121951219512,5.496775765128572,20.390243902439025,6.397831610982991,0.8190487804878046,0.0773803979451433,10.621951219512194,4.0357667709730025,34.15853658536585,5.836178168095634,44.78048780487805,7.125028724644549,26.853658536585368,5.190499277156369,11.71951219512195,3.151618789396428,10.329268292682928,3.406801033984091,5.670731707317073,2.7264360947915565,19.890243902439025,3.861829981236189,12.865853658536585,13.147559690128062,12.48,11.599999999999998,-0.8800000000000026,0.3333333333333333,6,8.83409090909091,44,10.36728404921918
1610612761,TOR,Toronto Raptors,2013,2012-13,1,82,97.20731707317071,10.720624872240885,98.6829268292683,13.564548973658413,92.57317073170732,6.146424209496398,105.08170731707318,10.15823120659362,106.2939024390244,11.602302321128256,-1.2085365853658538,14.95579660710074,48.73170731707317,2.3729378597255004,36.329268292682926,5.12089613600709,81.52439024390245,7.591785049702823,0.4457926829268293,0.0495038937999326,6.963414634146342,3.120798892461769,20.304878048780488,5.872490847193922,0.3365487804878049,0.1083577923886138,17.585365853658537,5.395359733569404,22.32926829268293,6.371337976135211,0.7853048780487805,0.0843978949220233,10.621951219512194,3.7602214404927934,29.585365853658537,4.7660093292215695,40.207317073170735,5.859966301841441,21.52439024390244,5.183605708589907,13.707317073170731,3.175865022157612,7.2560975609756095,2.600147078507391,4.780487804878049,2.479667392291283,22.390243902439025,4.017726454812858,-1.475609756097561,13.508319896039286,-3.4799999999999995,2.3399999999999994,5.819999999999999,0.5,24,-7.406060606060606,33,-3.8935069482810505
1610612761,TOR,Toronto Raptors,2014,2013-14,1,82,101.28048780487804,9.451989653035175,98.03658536585364,11.756212040009306,93.85365853658536,6.609237738718553,108.04634146341462,8.678840383396954,104.67317073170732,10.3670066489503,3.3768292682926826,10.447875308612655,48.670731707317074,2.454800678583666,36.48780487804878,3.6658042839023945,81.92682926829268,7.926795450788355,0.4470121951219512,0.0415981641043249,8.695121951219512,2.844483612535205,23.37804878048781,4.689468747458879,0.3703170731707317,0.0914470605874969,19.60975609756097,6.300609607114113,25.0609756097561,7.38758979553224,0.7801829268292683,0.0969965161712141,11.402439024390244,3.7576580442767216,31.121951219512194,5.029272936438828,42.52439024390244,6.646684144551666,21.182926829268293,4.303682169584804,14.134146341463415,3.5373219804160603,7.036585365853658,2.540754830735672,4.182926829268292,2.138004427696901,22.951219512195124,4.918853723299719,3.2439024390243905,9.82131842952198,0.8,2.64,1.84,0.3333333333333333,21,-0.1444444444444444,36,1.348838441438763
1610612761,TOR,Toronto Raptors,2015,2014-15,3,82,103.98780487804878,11.20019168976064,100.91463414634148,12.015628937071398,94.34146341463416,5.301338084512183,110.38536585365854,11.693399234908888,107.1963414634146,12.296706827258406,3.18780487804878,13.244345546274143,48.426829268292686,1.4057245204096498,37.90243902439025,4.79353926332888,83.28048780487805,6.592690284793262,0.4558414634146341,0.0522603807426126,8.853658536585366,2.914933670208698,25.121951219512194,5.041531816751679,0.351170731707317,0.0886089766204846,19.32926829268293,6.601636306790187,24.5609756097561,8.004778759406916,0.7903292682926829,0.0870324268897644,10.74390243902439,3.657601506518692,30.804878048780488,5.482720385397241,41.54878048780488,6.313130426213291,20.74390243902439,4.36826653080962,12.890243902439025,4.228083935654267,7.5,2.974168625405372,4.353658536585366,2.224287658030536,20.87804878048781,4.287190924402882,3.073170731707317,12.533195909219875,10.29,6.0600000000000005,-4.23,0.5806451612903226,31,-1.4714285714285715,35,0.8741227126615189
1610612761,TOR,Toronto Raptors,2016,2015-16,0,82,102.70731707317071,8.932514894623344,98.20731707317071,10.425204269992168,93.98780487804878,4.836828627451456,109.46585365853656,10.11261551094211,104.95853658536586,11.079621502867012,4.502439024390244,11.699234707584496,48.24390243902439,1.0836720337741033,36.65853658536585,4.025288923592699,81.32926829268293,7.011551100912738,0.4526219512195123,0.0511057099184542,8.634146341463415,3.1329085414255338,23.353658536585368,5.527421990157066,0.3662560975609756,0.0921281730579886,20.75609756097561,6.587607099623225,26.70731707317073,8.174769683587723,0.7785121951219511,0.0915729816078632,10.195121951219512,3.515184080634578,33.21951219512195,5.025918969452628,43.41463414634146,6.273501433399773,18.73170731707317,4.499790888112016,13.085365853658535,4.216959350147325,7.7560975609756095,2.5413177082112446,5.475609756097561,2.7407559998598634,19.634146341463413,4.099118228341886,4.5,10.897105743280962,5.760000000000001,3.2700000000000005,-2.49,0.56,25,1.525641025641025,39,2.5551750451587307
1610612761,TOR,Toronto Raptors,2017,2016-17,0,82,106.85365853658536,11.832286809455836,102.64634146341464,12.070136549617311,95.9390243902439,4.5902407504994684,111.39146341463416,11.330982340244876,107.05243902439024,11.131395103071336,4.342682926829268,13.581214608565112,48.24390243902439,1.0836720337741033,39.15853658536585,5.007326760734558,84.36585365853658,6.135330180419325,0.4652439024390243,0.0579087321451353,8.841463414634147,2.886620956763756,24.341463414634145,5.009175561635564,0.3649268292682927,0.1085818551660627,19.695121951219512,6.015800233890757,24.73170731707317,6.79514856074993,0.7957317073170732,0.0902547900689066,10.621951219512194,3.8446379010491594,32.63414634146341,4.932913383331962,43.25609756097561,5.897919649155558,18.5,4.727774513642952,12.695121951219512,3.3247631471947434,8.25609756097561,2.6888474542710035,4.878048780487805,2.3007794916497377,20.82926829268293,3.721160306395818,4.2073170731707314,12.923075165199029,5.020000000000001,5.07,0.0499999999999989,0.4,25,0.3323529411764707,34,1.9626659989993305
1610612761,TOR,Toronto Raptors,2018,2017-18,3,82,111.65853658536584,11.746519854670822,103.8780487804878,13.279883834742597,98.82926829268293,4.903525761132835,112.99634146341464,10.736133119102943,105.1878048780488,11.921744737708782,7.809756097560976,11.91450625074478,48.36585365853659,1.3100956059915254,41.25609756097561,5.057230432231196,87.42682926829268,7.264033651083333,0.4726829268292684,0.0500614136537006,11.804878048780488,3.132620188309389,32.98780487804878,4.887610697654607,0.3572317073170731,0.0769520130702738,17.341463414634145,6.700321555200871,21.82926829268293,7.497826644852905,0.7880609756097561,0.1010963783602308,9.75609756097561,3.7269819505197694,34.23170731707317,5.455315180239202,43.98780487804878,6.221217979354411,24.32926829268293,5.209333688936229,13.353658536585366,3.88848236357577,7.634146341463414,2.878237608573379,6.097560975609756,3.1685559903743705,21.74390243902439,4.066760702038946,7.780487804878049,11.855117549176294,4.69,2.68,-2.01,0.5555555555555556,27,4.247826086956523,46,6.322611376915721
1610612761,TOR,Toronto Raptors,2019,2018-19,3,82,114.4390243902439,10.811627897863804,108.35365853658536,10.454335684203595,101.63414634146342,5.464842051238668,112.66341463414632,9.74256933935442,106.9560975609756,10.004358279417874,5.712195121951219,12.988821311903882,48.48780487804878,1.6868694244915796,42.19512195121951,4.593175357145371,89.08536585365853,6.751682404897124,0.4758780487804879,0.0582093688619472,12.378048780487806,3.619700021342192,33.792682926829265,5.394871375434514,0.3651829268292682,0.0880705564577895,17.670731707317074,5.841644614633245,21.98780487804878,7.275010334622542,0.8084268292682928,0.0937222097724822,9.585365853658535,3.9470295738810015,35.609756097560975,4.490747958161067,45.19512195121951,5.683936699568124,25.42682926829268,5.314853371971097,14.024390243902438,3.725042413400422,8.292682926829269,3.501279501144833,5.329268292682927,2.474835712461252,21.02439024390244,3.9627139028018665,6.085365853658536,13.223810567074883,8.379999999999999,9.5,1.120000000000001,0.5652173913043478,23,0.7571428571428569,35,3.436862935204365
1610612761,TOR,Toronto Raptors,2020,2019-20,3,72,112.75,12.585202578570676,106.51388888888889,10.900307600719229,101.77777777777776,4.833050015979972,110.77777777777776,11.32846622914379,104.6625,9.579165147839214,6.111111111111111,12.38189905063664,48.27777777777778,1.1533444597688496,40.23611111111112,5.577856258293563,87.93055555555556,6.402742345758253,0.4587083333333333,0.0623385661608118,13.819444444444445,3.311637137743412,36.98611111111112,5.695298420641055,0.3767916666666667,0.0839751702907003,18.45833333333333,6.308807838096526,23.194444444444443,7.525803291341643,0.7956666666666666,0.0874713635232681,9.51388888888889,3.900137431870887,35.875,4.672175655100381,45.388888888888886,6.256389535159192,25.22222222222222,4.5632402072823615,14.819444444444445,4.220427816539052,8.833333333333334,3.327224449178514,4.972222222222222,2.621537137636288,21.65277777777778,3.738493039105848,6.236111111111111,12.53445174063009,5.06,5.19,0.1299999999999999,0.7368421052631579,19,1.490909090909091,33,3.208844498026049
1610612761,TOR,Toronto Raptors,2021,2020-21,0,72,111.26388888888889,11.198582726670011,111.73611111111111,11.500144586421824,99.68055555555556,3.64952780618777,111.63611111111112,10.547148410500077,112.02083333333331,10.923007601866006,-0.386111111111111,12.967047135878705,48.06944444444444,0.5892556509887896,39.708333333333336,4.495498531003377,88.65277777777777,5.797424688630659,0.4490416666666666,0.0522867062252665,14.458333333333334,3.7489435131499023,39.31944444444444,6.074250406171128,0.3676111111111111,0.0788479648751014,17.38888888888889,5.605720306659486,21.33333333333333,6.601322957463329,0.8130694444444444,0.0875879158153115,9.444444444444445,3.528112007136151,32.138888888888886,4.988170670232502,41.583333333333336,5.892822083914977,24.09722222222222,4.535182410798658,13.22222222222222,3.012753278335107,8.583333333333334,2.905797992261504,5.388888888888889,2.2427068375762853,21.194444444444443,3.858916467964714,-0.4722222222222222,13.368000706145224,-1.33,-6.959999999999999,-5.629999999999999,0.2727272727272727,22,0.0194444444444445,36,-0.995815114646596
1610612761,TOR,Toronto Raptors,2022,2021-22,0,82,109.39024390243902,12.263320897944,107.09756097560977,10.878237143969312,97.5609756097561,5.211804173233921,112.18536585365852,11.518521016506783,110.01463414634144,10.336142054971384,2.165853658536585,14.69862863773936,48.426829268292686,1.9565053741640452,40.63414634146341,5.189048760615782,91.32926829268293,6.811491521094716,0.4456951219512194,0.0528544913877854,11.939024390243905,3.297389768187617,34.24390243902439,5.9349581121380695,0.3490365853658537,0.0826801728993442,16.182926829268293,4.648451351782504,21.32926829268293,5.811981829920661,0.7617195121951219,0.1104995697874697,13.353658536585366,3.8598021801146216,31.97560975609756,4.855887631044992,45.329268292682926,5.962961560257259,22.0609756097561,4.959957091051977,12.451219512195122,3.545654405197446,9.0,3.006166501881929,4.585365853658536,2.346266903618845,19.59756097560976,3.589627567935564,2.292682926829268,14.5818149938719,4.3,9.44,5.1400000000000015,0.5357142857142857,28,1.9270833333333333,48,1.7607546603629909
1610612761,TOR,Toronto Raptors,2023,2022-23,0,82,112.85365853658536,10.305364719670044,111.3780487804878,9.77606076326113,98.48780487804878,4.453446168561174,114.67560975609751,10.1011619057329,113.23780487804876,9.760611702191804,1.436585365853659,12.408007293133329,48.30487804878049,1.203790560412963,41.8780487804878,4.982414120356405,91.32926829268293,7.323317871237037,0.4595609756097562,0.0505405588406511,10.731707317073171,2.935726214602836,32.02439024390244,5.736983355272097,0.3361585365853658,0.0719656072713261,18.365853658536587,6.1433738169562,23.4390243902439,7.747715809901825,0.7870609756097561,0.0830377494939003,12.71951219512195,4.363921642833166,30.304878048780488,4.770508745264806,43.02439024390244,6.05117192966559,23.914634146341463,4.508431660493275,11.658536585365852,3.3709708906424223,9.414634146341465,2.884403438812258,5.170731707317073,2.423164332834343,20.01219512195122,3.70349818761329,1.475609756097561,12.384005624296998,6.720000000000001,6.98,0.2599999999999989,0.3333333333333333,24,-2.0708333333333333,48,-0.371842387603667
1610612761,TOR,Toronto Raptors,2024,2023-24,2,82,112.35365853658536,12.692344296221052,118.79268292682929,12.003844862312674,100.5,4.453463071962462,111.8268292682927,11.879758163358106,118.16341463414632,11.518771713015818,-6.336585365853657,15.602884445228108,48.30487804878049,1.4374963178932458,42.26829268292683,5.247100976160061,89.71951219512195,6.479358279160521,0.4715975609756097,0.0513183864136546,11.48780487804878,3.6183479704875623,33.073170731707314,5.213421633724309,0.3458292682926829,0.0932568211357586,16.329268292682926,5.1281235661639855,21.60975609756097,6.199872753694176,0.7575121951219511,0.1027671758979273,10.865853658536585,3.915030218012297,31.79268292682927,5.348907364779171,42.65853658536585,6.128700972453795,28.47560975609756,5.368462109960029,13.98780487804878,4.167759567598549,7.73170731707317,2.7979215411294454,4.7317073170731705,2.1548038808975134,18.402439024390244,3.9216391008068063,-6.439024390243903,15.637164942261643,-0.9099999999999998,-16.39,-15.48,0.4,20,-10.450980392156865,51,-9.14662527523107
1610612761,TOR,Toronto Raptors,2025,2024-25,1,82,110.86585365853658,11.894352010769548,115.15853658536584,13.64494164149776,101.1829268292683,5.531342901219942,109.58902439024392,10.394668696405851,113.70731707317071,12.719556057240563,-4.126829268292683,16.041035716542112,48.30487804878049,1.203790560412963,41.63414634146341,5.155632650577668,91.0,8.454672168776355,0.4596951219512194,0.0588942741823551,11.817073170731708,3.348587499453094,33.97560975609756,6.969024250662598,0.3497804878048779,0.0757525250184618,15.78048780487805,6.186453520921022,21.085365853658537,7.541164758436283,0.7440731707317073,0.1031499903338421,12.609756097560975,4.293998388681509,32.51219512195122,5.60036132528992,45.1219512195122,7.424334769056633,28.536585365853657,4.735458891424969,15.329268292682928,4.546209594840168,8.097560975609756,2.848476985726123,4.243902439024391,2.180502692124995,21.195121951219512,4.997379620497531,-4.2926829268292686,16.206604205493885,-6.32,3.1700000000000004,9.49,0.3809523809523809,21,-9.815909090909091,44,-7.886650112477097
1610612762,UTA,Utah Jazz,2013,2012-13,1,82,98.02439024390245,11.711528149601826,98.10975609756098,11.85822223217622,93.03658536585364,5.532050547315597,105.39024390243902,11.054216666621686,105.54756097560976,10.914711169043525,-0.1573170731707315,13.742122596374225,48.48780487804878,2.019924839324256,37.14634146341464,4.868954183900915,81.82926829268293,6.405639641057012,0.454609756097561,0.0535596485521161,6.182926829268292,2.876589410492094,16.890243902439025,4.65078274989176,0.358170731707317,0.1240971149850235,17.548780487804876,6.757076654455125,22.963414634146343,8.123195141533749,0.7592317073170731,0.0928384098326708,12.060975609756095,4.361298823916625,29.963414634146343,5.614014918484665,42.02439024390244,7.058792975118526,22.670731707317078,4.085671675286879,14.75609756097561,3.602334550341843,8.414634146341463,2.981221969662756,6.280487804878049,2.6353456457719067,21.341463414634145,3.833637708351156,-0.0853658536585365,13.084909053036135,-0.8399999999999999,2.89,3.73,0.5,20,-7.12972972972973,37,-3.0586221634211195
1610612762,UTA,Utah Jazz,2014,2013-14,2,82,95.01219512195122,11.450908533084275,102.1829268292683,11.26134878747206,92.7439024390244,5.279382155231958,102.49390243902435,11.190266356354831,110.08292682926827,10.748755941543946,-7.58780487804878,13.966312116457118,48.24390243902439,1.3385174737004315,35.98780487804878,4.897703927752935,81.1219512195122,6.504301034562313,0.4444999999999999,0.0563227581570696,6.621951219512195,2.6650006087250087,19.23170731707317,5.143133455437417,0.3440731707317073,0.1085787852420405,16.414634146341463,5.674180681623429,21.98780487804878,7.366078244371161,0.747780487804878,0.1068525029765409,11.024390243902438,4.088452904763799,30.20731707317073,4.485195964112943,41.23170731707317,5.615891869821395,20.29268292682927,4.445799251500587,14.634146341463415,3.763083169594149,6.951219512195122,2.581522371332204,4.463414634146342,2.394412848212361,20.71951219512195,4.30410194887031,-7.170731707317073,13.136326861364704,-11.74,-11.03,0.7100000000000009,0.5625,16,-10.842553191489362,47,-9.06249624507227
1610612762,UTA,Utah Jazz,2015,2014-15,0,82,95.13414634146342,8.571791513802559,94.91463414634148,11.553633621700952,91.29268292682929,4.016901959845865,104.31341463414633,9.441290482455468,104.20731707317071,12.32719347158459,0.1048780487804878,13.68854529185503,48.0609756097561,0.5521576303742327,35.36585365853659,4.170774849175788,79.17073170731707,7.040982111014359,0.4475243902439024,0.0441848601548942,7.439024390243903,2.9485194484129447,21.71951219512195,5.8442213524043405,0.3440853658536585,0.1017469872420184,16.963414634146343,5.014657828266851,23.52439024390244,6.402595171666667,0.7229146341463415,0.1022070280035638,12.048780487804878,3.527326966906588,31.914634146341463,5.228604184325918,43.96341463414634,5.742295153370747,19.902439024390244,3.595641243648509,15.317073170731708,3.829315281541093,7.597560975609756,3.303046689725666,5.963414634146342,2.668726620801261,19.304878048780488,3.448703547390497,0.2195121951219512,12.680328295633146,-4.779999999999999,5.590000000000002,10.37,0.3333333333333333,27,-4.386363636363637,44,-2.093189616784984
1610612762,UTA,Utah Jazz,2016,2015-16,0,82,97.6829268292683,9.980076509244928,95.89024390243902,12.74924940667506,92.98780487804878,5.009851781743412,105.09878048780486,9.667898949584012,103.2158536585366,12.359906003799717,1.8853658536585365,15.514279539107998,48.670731707317074,1.88597735116456,36.0609756097561,4.176204080012888,80.40243902439025,7.443382604367553,0.4501951219512194,0.049955397148916,8.463414634146341,2.9863687101343697,23.853658536585368,6.517065823182367,0.3560731707317073,0.0908063711921228,17.097560975609756,5.772668159648644,22.98780487804878,7.389505241526243,0.7450487804878049,0.0875231048774169,10.731707317073171,3.6313068779262094,32.5,5.2804087009797565,43.23170731707317,5.948957332623752,18.951219512195124,4.348697659522396,14.926829268292684,3.924536578146121,7.695121951219512,2.706594709818206,5.182926829268292,2.5489191550101147,20.182926829268293,4.480762856072358,1.7926829268292683,14.455327357390926,4.27,8.129999999999999,3.86,0.3703703703703703,27,-4.2512820512820495,39,-2.5071604646286163
1610612762,UTA,Utah Jazz,2017,2016-17,0,82,100.70731707317071,11.274890495078044,96.76829268292684,10.627589044601482,92.42682926829268,3.688589304451035,109.0060975609756,11.864943149504832,104.72195121951218,11.440506597501162,4.2768292682926825,13.9357989913046,48.18292682926829,0.944484296943331,36.98780487804878,4.462446603585577,79.45121951219512,6.315085679260789,0.4668780487804878,0.055275826932388,9.646341463414634,3.0686465075234888,25.951219512195124,4.221936946574303,0.371609756097561,0.105670668938991,17.085365853658537,5.439229292519061,22.865853658536587,6.47456980814494,0.7464268292682927,0.1039453833899993,9.402439024390244,3.2843051996402863,33.829268292682926,4.791465865161404,43.23170731707317,5.520553694917234,20.134146341463413,4.3169553603504,13.634146341463415,3.6633392145066233,6.7073170731707314,2.45697698868239,5.0,2.4037008503093262,18.841463414634145,3.680007756953452,3.9390243902439024,13.07183151985017,5.07,5.300000000000001,0.2300000000000004,0.7142857142857143,14,-1.9078947368421049,38,1.4177965621323627
1610612762,UTA,Utah Jazz,2018,2017-18,0,82,104.14634146341464,12.70668333062091,99.84146341463416,11.99122056637624,96.96341463414636,4.805976531210762,107.44634146341464,12.314271506920774,103.0439024390244,11.65600674437572,4.4036585365853655,17.089737337136977,48.18292682926829,0.944484296943331,38.28048780487805,5.823058443434336,82.89024390243902,6.8871074713912535,0.4624756097560977,0.0635668648853473,10.817073170731708,3.023071975229742,29.57317073170732,4.664101114369061,0.3665365853658536,0.0917188666351602,16.76829268292683,5.718280801140019,21.536585365853657,7.218281184468696,0.7833170731707317,0.1008942580618264,9.024390243902438,2.9185469484443822,34.23170731707317,5.835816996106421,43.25609756097561,7.077718429211765,22.42682926829268,5.441111196888975,14.695121951219512,3.753809667788357,8.634146341463415,3.000050185267282,5.121951219512195,2.151027568984033,19.60975609756097,3.3026592262097725,4.304878048780488,16.621931833760442,-0.4599999999999994,12.71,13.17,0.4285714285714285,14,1.5307692307692309,52,2.311003127481404
1610612762,UTA,Utah Jazz,2019,2018-19,3,82,111.71951219512196,13.80219555825248,106.46341463414636,12.846861673692649,101.3170731707317,5.059834693977899,110.23048780487804,12.101430269762476,105.2158536585366,10.911885800878151,5.012195121951219,16.05089428871894,48.18292682926829,1.2285497701720605,40.41463414634146,5.6698274834124485,86.36585365853658,6.044101696005216,0.4685,0.0617794264368341,12.109756097560975,3.510147890243674,34.01219512195122,5.763859094839246,0.3545,0.0812765815967267,18.78048780487805,5.432013905334805,25.51219512195122,6.9535387605729735,0.7383048780487805,0.0907414845203003,10.0,3.173968190463489,36.35365853658536,5.655483411937834,46.35365853658536,6.581627910786003,26.01219512195122,5.23637303191423,15.121951219512194,3.649421546933255,8.085365853658537,2.902537074601617,5.890243902439025,2.304081711304911,21.07317073170732,3.391275981884345,5.2560975609756095,16.265399901806074,-0.8,13.13,13.93,0.3333333333333333,15,-0.3648648648648648,37,2.091052514988744
1610612762,UTA,Utah Jazz,2020,2019-20,0,72,111.29166666666669,11.160086702676985,108.81944444444444,11.838498178554184,99.56944444444444,4.820222626174458,111.8763888888889,10.978127974225222,109.26666666666668,10.498168854413356,2.608333333333333,12.5986445727476,48.208333333333336,1.3101714757140182,40.083333333333336,4.932644920880983,85.13888888888889,6.8839588093544615,0.4715000000000001,0.0520814638162123,13.375,3.937674655191925,35.236111111111114,6.396506651258413,0.3758194444444444,0.0766018288291389,17.75,6.35731806328317,22.791666666666668,7.747671163046624,0.780875,0.0974716914483524,9.11111111111111,3.248208847946019,35.791666666666664,4.9701574209206285,44.90277777777778,6.063420041347051,22.43055555555556,4.45581243722661,15.125,4.168755345035322,6.083333333333333,2.5049247268778245,4.055555555555555,1.9992173742607795,20.38888888888889,4.831106820826983,2.4722222222222223,12.327653812194033,4.53,-3.5,-8.030000000000001,0.7142857142857143,21,-3.734375,32,-0.3999838741096773
1610612762,UTA,Utah Jazz,2021,2020-21,3,72,116.41666666666669,10.894823683685363,107.16666666666669,12.67024906099346,99.90277777777776,4.885043924787663,116.55833333333334,9.696750581044451,107.42777777777776,11.030102501307882,9.133333333333333,14.765156929573406,48.208333333333336,1.006143102973912,41.263888888888886,4.446847452878339,88.11111111111111,6.336915221359026,0.4691527777777777,0.0475707507845256,16.73611111111111,4.172320108293704,43.02777777777778,6.237036634339321,0.3877777777777778,0.0698898977612407,17.15277777777778,6.229551839332894,21.47222222222222,6.819549822452188,0.7932916666666667,0.1018943719160632,10.625,3.429111082613307,37.625,5.524433563469028,48.25,6.685595194041556,23.65277777777778,4.959440342750585,14.208333333333334,3.64995658859,6.583333333333333,2.401583984332594,5.152777777777778,2.243360923171279,18.541666666666668,3.284352574098268,9.25,14.91171200531909,0.7999999999999998,6.550000000000002,5.750000000000002,0.4285714285714285,14,5.205555555555556,36,7.046600972321847
1610612762,UTA,Utah Jazz,2022,2021-22,3,82,113.60975609756098,10.985687768284985,107.57317073170732,10.944337831183914,97.73170731707316,4.891536607490016,116.31341463414635,10.45719980216976,110.17317073170732,11.15924074567233,6.139024390243903,15.415094062715308,48.1219512195122,0.7760336619661979,40.573170731707314,4.748048300286007,86.1829268292683,5.303453449254278,0.4715609756097562,0.0543166521907349,14.53658536585366,3.638596670035112,40.34146341463415,6.176857469810089,0.3598658536585365,0.069058172328202,17.926829268292682,5.286321710769226,23.365853658536587,6.775978258601176,0.7703536585365853,0.0871193833871573,10.78048780487805,3.49611562315475,35.5609756097561,5.732940470983649,46.34146341463415,6.912539173992313,22.390243902439025,4.880690341681401,14.0,3.937787810370967,7.170731707317073,2.453543056901316,4.902439024390244,2.247686086434148,18.865853658536587,3.8289417521402367,6.036585365853658,15.192139879630268,9.25,2.15,-7.1,0.4,15,3.831914893617021,47,3.508645492099805
1610612762,UTA,Utah Jazz,2023,2022-23,1,82,117.07317073170732,9.842940050345138,118.01219512195122,9.389373955173976,101.57317073170732,4.634893123556044,115.32682926829266,9.098827068357412,116.11829268292682,9.305157577543152,-0.7914634146341466,11.284964335530727,48.30487804878049,1.203790560412963,42.5,4.352521619066865,89.8170731707317,6.661346115362421,0.4741463414634146,0.0452922259023621,13.341463414634148,3.4897363167399025,37.79268292682927,5.84520021492373,0.3519878048780488,0.0746483929196893,18.73170731707317,6.204436446365039,23.841463414634145,7.281753811597799,0.7821585365853658,0.1033415133574942,11.804878048780488,3.805256352845393,34.073170731707314,5.081509661471344,45.8780487804878,6.429849841578372,25.963414634146343,4.64929338040386,15.353658536585366,4.113728749886443,6.097560975609756,2.61340209706188,5.2317073170731705,2.754564250398859,20.47560975609756,4.217030755050222,-0.9390243902439024,11.516330392234387,4.58,-6.860000000000001,-11.44,0.4642857142857143,28,-1.9,51,-1.8100620522399795
1610612762,UTA,Utah Jazz,2024,2023-24,2,82,115.5,13.08872854080238,120.34146341463416,12.398944112944818,100.85365853658536,4.763860741658375,114.49268292682927,11.452594514261822,119.61829268292682,11.665810847433365,-5.12439024390244,15.83969510380904,48.24085365853659,1.5627043678452897,41.9390243902439,4.8796568412426975,89.76829268292683,6.421989193172918,0.4675975609756098,0.0475134444277104,12.926829268292684,3.5303988086714218,36.46341463414634,5.504644777117987,0.3534390243902439,0.0772686666984582,18.695121951219512,5.762134858981733,22.52439024390244,6.68557616334995,0.8313658536585365,0.0886115830283667,12.195121951219512,3.75627548783364,33.19512195121951,5.114585834312416,45.39024390243903,6.399760986202369,27.182926829268293,4.458666270103673,15.658536585365852,3.807787706095807,6.536585365853658,2.686018311398102,5.573170731707317,2.454678012149521,18.52439024390244,4.080140428944039,-4.841463414634147,16.055051520112286,-7.720000000000001,-9.84,-2.119999999999999,0.4705882352941176,17,-8.532758620689656,58,-7.959503410992456
1610612762,UTA,Utah Jazz,2025,2024-25,2,82,111.89024390243902,11.583306525480277,121.23170731707316,11.823077225230874,101.48780487804878,4.722533068041064,110.28170731707316,10.500842153749884,119.57439024390244,11.856558439052586,-9.29878048780488,15.435420976334,48.30487804878049,1.203790560412963,40.30487804878049,4.885577222781266,88.6829268292683,8.07201850133769,0.4561463414634146,0.0531176476570894,13.951219512195122,3.288222301158606,39.84146341463415,6.47019665431883,0.352890243902439,0.0753108793310687,17.329268292682926,5.6678754223847925,22.390243902439025,6.9402317845824,0.7746341463414633,0.1027247926119274,11.98780487804878,4.579864417743628,33.426829268292686,6.100051584086441,45.41463414634146,8.473562691059378,25.52439024390244,4.0831651053965885,17.21951219512195,4.637539764546573,6.7682926829268295,2.5497459592063305,4.390243902439025,2.324088020054826,18.890243902439025,3.748270704352944,-9.341463414634148,15.600110408120788,-13.04,-20.380000000000003,-7.340000000000002,0.25,20,-14.608333333333334,48,-11.82365743432085
1610612763,MEM,Memphis Grizzlies,2013,2012-13,0,82,93.40243902439023,9.15957268411007,89.2560975609756,10.03550607163491,90.17073170731707,4.596845074959539,103.65365853658535,9.597597373236356,99.05243902439024,9.70621826408531,4.595121951219512,12.314338750977788,48.30487804878049,1.203790560412963,36.14634146341464,4.366318762560087,81.45121951219512,7.182200974639208,0.4460243902439025,0.056536664736259,4.658536585365853,2.315911212796934,13.5,4.32691832858239,0.3409756097560975,0.1166728014905286,16.451219512195124,5.571427192700734,21.29268292682927,6.755862209556951,0.7716219512195122,0.1053138331977922,12.914634146341465,4.0160210623377735,29.817073170731707,4.74830196752764,42.73170731707317,6.081846658497455,20.914634146341463,4.976987088769931,13.951219512195122,3.442301982521846,8.573170731707316,2.36763406313361,5.317073170731708,2.423537098674996,20.24390243902439,3.7632432020494977,4.146341463414634,11.266822211527115,8.22,7.8,-0.4200000000000008,0.5263157894736842,19,1.3297297297297297,37,2.6582022528207547
1610612763,MEM,Memphis Grizzlies,2014,2013-14,0,82,96.14634146341464,9.6751201239482,94.57317073170732,9.57366563929198,91.17073170731707,4.05762467171535,105.4329268292683,9.345244448223337,103.8219512195122,10.021138453231034,1.6134146341463411,12.471238636743264,48.30487804878049,1.2037905604129633,38.073170731707314,4.365353174814288,81.98780487804878,6.3488968662475145,0.4653048780487805,0.0488435873507831,4.939024390243903,2.092594591136697,13.98780487804878,3.309148942989646,0.3519146341463414,0.1317644926055304,15.060975609756095,5.701088397225394,20.317073170731707,6.474790713583213,0.7363414634146341,0.1027694554603154,11.585365853658535,3.7050223488178022,30.804878048780488,5.417026254480812,42.39024390243903,6.480276052573298,21.853658536585368,4.021921263201875,13.707317073170731,3.490685329711478,7.695121951219512,2.706594709818206,4.573170731707317,2.227939799067424,19.121951219512194,4.372727611345485,1.5731707317073171,11.45472083153996,-2.79,1.34,4.13,0.7307692307692307,26,-2.247727272727273,44,-0.4642992211691931
1610612763,MEM,Memphis Grizzlies,2015,2014-15,0,82,98.3170731707317,9.983786917019838,95.07317073170732,10.501946307332547,93.85365853658536,5.7544871406871385,104.84268292682926,9.590157383430377,101.27317073170732,9.835963851299528,3.5719512195121954,12.903614905413937,48.54878048780488,2.357820918153817,37.76829268292683,4.275392640947354,82.47560975609755,7.06971564161084,0.4593292682926828,0.0494712923059521,5.158536585365853,2.521363104761469,15.195121951219512,4.041265613978135,0.3363048780487804,0.1367084569371371,17.621951219512194,5.376308899264172,22.79268292682927,6.883040178275461,0.7795121951219511,0.0879575155447274,10.439024390243905,3.4786742223261986,32.1219512195122,5.078130899227575,42.5609756097561,6.271821286222317,21.670731707317078,4.363300591362824,13.341463414634148,4.450605485774156,8.536585365853659,2.7630503896211644,4.2317073170731705,2.0981989954220843,19.10975609756097,4.064316557009265,3.2439024390243905,12.089747697854234,4.869999999999999,2.689999999999999,-2.18,0.7368421052631579,19,0.5688888888888888,45,1.9913283812716949
1610612763,MEM,Memphis Grizzlies,2016,2015-16,2,82,99.09756097560977,11.155035131837655,101.34146341463416,11.048958961290182,94.67073170731707,4.632293723093013,104.7670731707317,11.33248422612274,107.13048780487806,11.053033648982003,-2.358536585365853,14.784684695172976,48.36585365853659,1.3100956059915252,36.81707317073171,4.926942930109426,83.64634146341463,7.125630925012474,0.4421585365853659,0.0618324038089652,6.146341463414634,2.6063642489131573,18.54878048780488,4.061722674804618,0.3276829268292682,0.1177123380097556,19.317073170731707,6.208075284282616,24.682926829268293,6.885085058747269,0.7815731707317073,0.1071964886203759,11.170731707317072,5.013081352140594,30.451219512195124,5.123541500444303,41.6219512195122,6.792588996954086,20.695121951219512,4.30242258598584,13.292682926829269,3.663257016958747,8.829268292682928,3.4311747189296176,4.2682926829268295,1.9439604507980064,21.74390243902439,4.0148212315405205,-2.2439024390243905,14.43209812147545,-9.86,-8.67,1.1899999999999995,0.5263157894736842,19,-8.990243902439024,41,-6.072863363722146
1610612763,MEM,Memphis Grizzlies,2017,2016-17,0,82,100.47560975609755,10.615880963723784,99.98780487804878,11.917922909633871,93.92682926829268,5.660738702841604,107.17439024390244,11.434967067981855,106.52439024390245,11.278413347997969,0.6500000000000001,13.337455381345526,48.54878048780488,1.9254785457729355,36.39024390243903,4.427066295997824,83.58536585365853,6.754881580985756,0.4366829268292683,0.051396516682849,9.353658536585366,3.28998461934756,26.451219512195124,4.113069920806323,0.3509634146341463,0.1122907870985357,18.341463414634145,6.323031606450805,23.390243902439025,7.159136608335827,0.7794024390243902,0.0892355545256966,10.804878048780488,3.853614703267647,31.963414634146343,5.292541040508066,42.76829268292683,6.742712170888801,21.26829268292683,4.5570425228709945,12.914634146341465,3.381873319396997,7.963414634146342,2.9708257236460414,4.195121951219512,2.723645996786016,22.4390243902439,4.447492179954429,0.4878048780487805,12.466492276893788,-4.700000000000001,-1.7299999999999998,2.970000000000001,0.5454545454545454,22,-0.5564102564102564,39,-0.1513479848075286
1610612763,MEM,Memphis Grizzlies,2018,2017-18,2,82,99.32926829268293,11.383391494942549,105.53658536585364,10.93210824431693,95.91463414634148,4.260647430985731,103.54878048780488,10.7621449500798,110.35,10.084485700909685,-6.802439024390245,13.040610600808348,48.0609756097561,0.5521576303742328,36.74390243902439,4.796631986104149,82.78048780487805,6.299175705909744,0.4442560975609756,0.0505497703590074,9.24390243902439,3.195525326737552,26.24390243902439,5.245953115414755,0.3509878048780488,0.1014494332353016,16.597560975609756,5.916830474722632,21.121951219512194,6.704320044333381,0.7820975609756097,0.0913762550883856,9.5,3.293277852284207,31.02439024390244,4.914015254341773,40.52439024390244,5.637672249168042,21.54878048780488,4.54375827208822,14.96341463414634,3.7299095476115034,7.475609756097561,2.621024254394809,4.829268292682927,2.566666080080647,23.170731707317078,3.5963111348967334,-6.2073170731707314,12.54398464355444,3.03,-7.540000000000001,-10.57,0.32,25,-8.68867924528302,53,-7.608798933574517
1610612763,MEM,Memphis Grizzlies,2019,2018-19,0,82,103.53658536585364,11.516166974153046,106.13414634146342,11.804751287764349,98.02439024390245,5.052747962177251,105.56951219512196,9.583520951778777,108.02073170731708,10.571049888932077,-2.4463414634146345,11.977099497615876,48.48780487804878,1.6868694244915796,37.96341463414634,4.579732921080134,84.4390243902439,7.511468697891098,0.4506951219512196,0.0470827191764311,9.890243902439025,3.220329319717395,28.87804878048781,5.39407595469312,0.3398292682926829,0.0791923435752439,17.71951219512195,5.104523267044637,22.951219512195124,6.390391009935267,0.7750365853658536,0.093086637611295,8.817073170731707,3.587110150127516,32.96341463414634,5.4397828613872505,41.78048780487805,6.371278899941291,23.9390243902439,4.6063497799987,13.98780487804878,3.860192224597126,8.341463414634147,2.7317046285528988,5.463414634146342,2.75409962411244,21.963414634146343,3.811759329231153,-2.597560975609756,11.735626623632948,1.3299999999999996,-4.220000000000001,-5.550000000000001,0.36,25,-4.616666666666666,42,-3.41106900937014
1610612763,MEM,Memphis Grizzlies,2020,2019-20,1,73,112.63013698630137,11.395060880968304,113.6986301369863,13.17898677978914,103.5890410958904,4.615299486004121,108.77397260273972,10.357485583400544,109.67808219178082,11.47677905085044,-0.895890410958904,15.069776949947096,48.136986301369866,0.8218385299158136,42.54794520547945,4.262371196784494,90.87671232876713,6.359475007768269,0.4698767123287671,0.0519353083721254,10.931506849315069,3.7391649659133184,31.46575342465753,6.614550861927273,0.3452465753424658,0.0893505550598188,16.602739726027398,6.213202175894392,21.767123287671232,7.5783326881188895,0.761931506849315,0.108330683142856,10.32876712328767,3.764065453294069,36.2054794520548,5.449156163291067,46.53424657534247,6.718718032029006,26.91780821917808,4.351734726448288,15.246575342465754,4.165936008996085,7.890410958904109,3.1427237118090927,5.452054794520548,2.4666728372130646,21.17808219178082,4.410664052275981,-1.0684931506849316,15.822214312586738,-9.01,0.2400000000000002,9.25,0.4375,16,-4.345945945945946,37,-3.280350839509737
1610612763,MEM,Memphis Grizzlies,2021,2020-21,1,72,113.29166666666669,12.493871737212428,112.26388888888889,13.445762781494132,101.41666666666669,5.045567012623383,111.6986111111111,11.089793468346423,110.53888888888888,12.194105659397527,1.1625,14.80173607537543,48.34722222222222,1.5305317332683668,42.84722222222222,5.605982021804475,91.77777777777776,6.807663912820737,0.4670555555555555,0.0518950427464786,11.15277777777778,3.7328376179946696,31.36111111111111,6.589162154855001,0.3548055555555555,0.0892612306247497,16.444444444444443,5.003910833605343,21.33333333333333,6.346785811798369,0.7770138888888889,0.0906618066479128,11.15277777777778,3.602267369788489,35.31944444444444,5.522875319947665,46.47222222222222,6.191707817428131,26.916666666666668,4.863633372023922,13.291666666666666,3.628671040632749,9.09722222222222,3.185175707547375,5.055555555555555,2.9064711137216346,18.73611111111111,4.219315262368419,1.0277777777777777,14.947770310173231,-2.890000000000001,1.5500000000000005,4.440000000000001,0.4736842105263157,19,-3.2749999999999995,36,-0.8032022763688601
1610612763,MEM,Memphis Grizzlies,2022,2021-22,3,82,115.60975609756098,12.817576760599144,109.92682926829268,11.239019868303483,101.15853658536584,4.459611653898045,114.29756097560976,11.85117565257084,109.08536585365852,11.543221215819186,5.217073170731707,18.168816079966973,48.24390243902439,1.0836720337741033,43.54878048780488,5.6506362343061936,94.3780487804878,7.031920595175286,0.4621829268292682,0.0556696889950841,11.524390243902438,3.3928960271083817,32.670731707317074,6.377148397224013,0.352670731707317,0.0792955177345562,16.98780487804878,5.600912409001701,23.146341463414632,7.438840264083901,0.7385487804878049,0.0989384585423754,14.134146341463415,4.171514794654753,35.03658536585366,6.167307518154653,49.170731707317074,7.517559490457158,25.98780487804878,4.975232242085987,13.195121951219512,3.3681112573272305,9.75609756097561,2.88701210665016,6.5,2.597482161680213,19.75609756097561,3.660132142287533,5.682926829268292,18.38200814456023,-4.25,8.35,12.6,0.6,15,0.1062499999999998,48,1.913700868579813
1610612763,MEM,Memphis Grizzlies,2023,2022-23,3,82,116.91463414634148,12.182968499895129,112.97560975609755,11.38330552543222,101.95121951219512,4.28578597895326,114.75853658536586,11.794191405874251,110.74878048780488,10.801385872471844,4.010975609756097,15.003077923698957,48.24390243902439,1.0836720337741033,43.71951219512195,5.393810788379317,92.08536585365852,6.511530550601159,0.4752317073170732,0.0528029878458041,12.01219512195122,3.847378143455793,34.23170731707317,5.739830041119115,0.349780487804878,0.0904107259547247,17.463414634146343,5.562651295101492,23.82926829268293,7.786986418550242,0.7411829268292683,0.0839340022990992,12.048780487804878,4.407912187470853,34.573170731707314,5.370312743048131,46.6219512195122,7.261670460309687,26.036585365853657,5.019579250360272,13.609756097560975,4.029998920322668,8.292682926829269,3.101126059433094,5.7682926829268295,2.486004183859718,20.036585365853657,3.805276135569053,3.9390243902439024,14.943802184443983,1.1599999999999997,3.67,2.5100000000000007,0.5789473684210527,19,2.9957446808510637,47,2.8070250862330006
1610612763,MEM,Memphis Grizzlies,2024,2023-24,2,82,105.8170731707317,9.867177225004204,112.8170731707317,11.253672156541866,99.1219512195122,4.352919394710904,106.8341463414634,9.763654187312806,113.7341463414634,10.811050810751045,-6.906097560975611,13.863446452665364,48.24390243902439,1.0836720337741033,38.35365853658536,4.84416908294761,88.15853658536585,6.647137158196719,0.4352926829268293,0.0466165042052487,13.060975609756095,3.6221116580794823,37.76829268292683,6.92873562029864,0.3452317073170732,0.0695188576921892,16.048780487804876,6.022391221540957,21.0,7.604417169897188,0.7643536585365853,0.0941360155885849,10.926829268292684,3.974550173491578,31.682926829268293,5.305199054411212,42.609756097560975,6.211808940248207,24.695121951219512,4.215459567788587,15.073170731707316,3.65749859811076,8.207317073170731,2.724999965468564,6.109756097560975,3.034802646016871,19.0609756097561,4.252370612559337,-7.0,13.722109761122606,-4.8500000000000005,-7.699999999999998,-2.849999999999998,0.6153846153846154,13,-8.835714285714285,56,-8.914765319333188
1610612763,MEM,Memphis Grizzlies,2025,2024-25,3,82,121.6951219512195,11.956390950150698,116.85365853658536,12.330952674358617,103.8170731707317,4.369162557215064,117.29268292682924,11.04867770969863,112.58414634146344,11.201834831100577,4.708536585365855,15.94602935382241,48.0609756097561,0.5521576303742328,44.75609756097561,5.360028043988171,93.34146341463416,6.811789910338955,0.4797439024390244,0.0474322937799231,13.914634146341465,4.095167943049784,37.8780487804878,6.905696778572826,0.3659268292682927,0.0788426751160307,18.26829268292683,5.929730034634756,23.25609756097561,7.356547391353402,0.7887804878048781,0.1021694337599109,12.878048780487806,4.412077263077888,34.3780487804878,5.3602106184490825,47.25609756097561,7.514284299490819,28.414634146341463,5.579838529262903,15.670731707317072,3.855587185425111,8.853658536585366,2.8979428685910262,5.634146341463414,2.641137966123232,20.865853658536587,3.974493352670067,4.853658536585366,16.639327170053683,4.970000000000001,-0.6200000000000003,-5.590000000000001,0.4782608695652174,23,-2.2166666666666663,42,1.066925624601088
1610612764,WAS,Washington Wizards,2013,2012-13,0,82,93.21951219512196,11.795609551751884,95.7560975609756,9.675680313095745,93.89024390243902,4.677252801264613,99.25365853658536,11.237868027694985,101.67682926829268,9.548838708792823,-2.4268292682926838,12.509355005828592,48.426829268292686,1.7918229065718263,35.48780487804878,4.897073710331544,81.6219512195122,6.221508379493642,0.4360487804878048,0.0591983279791876,6.646341463414634,2.6122784682233844,18.23170731707317,4.907285539895682,0.3664756097560976,0.1181316722575463,15.597560975609756,5.689192170946986,21.29268292682927,7.608455018909334,0.7402560975609757,0.0998978257002858,10.817073170731708,3.4787824206728444,32.34146341463415,4.640720229849178,43.15853658536585,5.494036075589562,21.646341463414632,4.584924171645704,15.097560975609756,3.700549695895413,7.292682926829267,2.5938569635980597,4.585365853658536,2.23303601952558,20.5,4.257890279191049,-2.5365853658536586,11.626061743045948,-6.9,-2.3199999999999994,4.580000000000001,0.3214285714285714,28,-5.461764705882352,34,-3.790404445552905
1610612764,WAS,Washington Wizards,2014,2013-14,1,82,100.65853658536584,11.81672753700576,99.39024390243902,10.8568190980338,96.0,6.738501866691691,104.87439024390244,10.278586286224405,103.64634146341466,9.57912075041854,1.2182926829268297,11.659702980449008,48.91463414634146,2.5003763643227948,38.74390243902439,4.359779628618565,84.39024390243902,7.208972628574078,0.4607804878048781,0.0524018245818997,7.890243902439025,3.2279875531793616,20.78048780487805,4.926683181057628,0.3764999999999999,0.1170984865638986,15.28048780487805,5.752668495649397,20.914634146341463,7.271118615033134,0.7308414634146342,0.1186651549541865,10.804878048780488,3.775944079120876,31.37804878048781,4.440665737828277,42.18292682926829,5.589072338010863,23.28048780487805,4.7147637575994095,14.682926829268292,3.5793579974057206,8.146341463414634,2.811449040819299,4.597560975609756,2.308651234146776,20.42682926829268,4.850939804082967,1.2682926829268293,11.148878901162457,-4.05,6.380000000000001,10.43,0.5238095238095238,21,-4.51764705882353,34,-0.9417169144632876
1610612764,WAS,Washington Wizards,2015,2014-15,0,82,98.53658536585364,10.55753796817292,97.8170731707317,11.713796918228244,95.65853658536584,6.184847098712098,103.13170731707316,10.152441511972372,102.41463414634148,10.91580711290865,0.7231707317073166,16.160501296928313,48.670731707317074,2.188944601934973,38.28048780487805,4.541371931296529,82.8048780487805,7.648834373216282,0.4645487804878049,0.0576657359032195,6.060975609756097,2.4157280985887777,16.841463414634145,4.569003220021946,0.3617317073170732,0.1153055038978966,15.914634146341465,5.911280740072783,21.4390243902439,7.231784372426649,0.7385975609756097,0.0974786915311222,10.51219512195122,3.4147244793832736,34.15853658536585,5.27624425017776,44.670731707317074,6.676020989190944,24.01219512195122,4.728411375324369,15.03658536585366,3.967289468540279,7.329268292682927,2.8417299462869816,4.609756097560975,2.2703461288348628,20.817073170731707,4.012720664385003,0.7195121951219512,15.236630966716325,1.4200000000000004,2.22,0.7999999999999998,0.5652173913043478,23,-4.517142857142858,35,-2.3237581543529866
1610612764,WAS,Washington Wizards,2016,2015-16,0,82,104.07317073170732,10.850021889725744,104.57317073170732,11.635440208032028,99.54878048780488,4.722293957688832,104.6060975609756,10.38001816836317,105.0548780487805,10.318354166289977,-0.456097560975609,14.25394983215266,48.18292682926829,1.2285497701720605,39.48780487804878,4.861651150799971,85.76829268292683,6.5419798801880535,0.4611829268292683,0.0515275613769113,8.646341463414634,2.886203671789239,24.182926829268293,4.184415674594223,0.3582195121951219,0.1067572560219648,16.451219512195124,5.294190711010781,22.54878048780488,6.653973915247922,0.7334999999999999,0.1040356361072825,9.060975609756095,3.6323225266583057,32.78048780487805,5.312515830608576,41.84146341463415,6.525296478189679,24.451219512195124,4.763939751006462,14.46341463414634,4.131167658304098,8.634146341463415,2.751036595301879,3.9390243902439024,2.179294035513549,20.82926829268293,4.186412112008901,-0.5,14.19202523415575,-1.1,3.71,4.8100000000000005,0.4761904761904761,21,-4.888888888888889,45,-2.9547654724771717
1610612764,WAS,Washington Wizards,2017,2016-17,1,82,109.1829268292683,10.289786436469914,107.3780487804878,10.937126988520486,98.89024390243902,5.03814118564018,110.48170731707316,9.667345161996668,108.759756097561,9.581204075935103,1.7268292682926822,11.003625090441089,48.426829268292686,1.4057245204096496,41.31707317073171,4.452431847047705,87.03658536585365,6.622902876935012,0.4761097560975609,0.0521881700084287,9.21951219512195,3.018561468540208,24.75609756097561,5.5389997216365945,0.3740365853658536,0.1024132810062636,17.329268292682926,5.960890806840955,22.09756097560976,7.585902708553774,0.7872439024390244,0.0809910162638249,10.28048780487805,3.374832013172417,32.573170731707314,4.265944637416567,42.85365853658536,5.495501979384599,23.853658536585368,4.75607980293012,14.170731707317072,3.647440767079378,8.451219512195122,2.96544893453222,4.097560975609756,2.129219158431357,21.28048780487805,3.645644755737266,1.804878048780488,10.72143235362418,-3.81,-1.4599999999999995,2.3500000000000005,0.6896551724137931,29,-1.4352941176470588,34,-0.0497238350463442
1610612764,WAS,Washington Wizards,2018,2017-18,0,82,106.60975609756098,11.546744608368554,106.02439024390245,11.069896460595224,98.6219512195122,5.4673898435446135,108.13658536585363,10.671856517479034,107.75243902439026,10.247134204733356,0.3878048780487806,13.683687596297364,48.426829268292686,1.6103867168783477,39.9390243902439,5.271276840601522,85.58536585365853,6.402066062178573,0.467670731707317,0.0593932396032503,9.926829268292684,3.387633602868076,26.5,5.416595441127158,0.3729634146341463,0.0936330432760497,16.804878048780488,5.460156521950956,21.78048780487805,6.409915910628698,0.7746951219512196,0.104194107677336,10.03658536585366,3.379112024314911,33.08536585365854,4.408748932344556,43.1219512195122,5.009596331541943,25.182926829268293,5.4707483605270655,14.585365853658535,3.6343736856191424,7.865853658536586,2.857790716758125,4.304878048780488,2.2315859631370287,21.29268292682927,4.585236116483254,0.5853658536585366,13.482454276625186,1.7100000000000002,-3.3,-5.01,0.4583333333333333,24,-1.2255319148936177,47,-0.4693907140258464
1610612764,WAS,Washington Wizards,2019,2018-19,1,82,114.02439024390245,12.164485456184767,116.92682926829268,13.730906372936298,103.48780487804878,6.3968431690450736,110.15121951219513,9.20346477836082,112.83292682926827,10.911462484476385,-2.68780487804878,11.59095422358786,48.609756097560975,2.2757774282078063,42.14634146341464,5.204750800404276,90.08536585365852,8.107611451268836,0.468219512195122,0.0445016366435734,11.341463414634148,3.163134529892863,33.30487804878049,5.8955706838819255,0.3391951219512195,0.0743969067165919,18.390243902439025,6.21776844086539,23.9390243902439,7.379229376901671,0.7652195121951219,0.0922081681915468,9.682926829268292,4.057847293978251,32.670731707317074,5.02599385920928,42.35365853658536,7.003300723070925,26.26829268292683,5.077300683854245,14.073170731707316,3.838661314382945,8.329268292682928,3.119254730745556,4.621951219512195,2.6650006087250087,20.74390243902439,4.596861451059939,-2.902439024390244,12.09286061808102,-10.1,-5.299999999999999,4.8000000000000025,0.4090909090909091,22,-6.167567567567569,37,-4.459581780061709
1610612764,WAS,Washington Wizards,2020,2019-20,1,72,114.41666666666669,13.035974060971045,119.08333333333331,14.237176092841992,103.81944444444444,4.97125933796667,110.22638888888888,11.514057459061904,114.6263888888889,11.81442175580761,-4.394444444444444,12.37232132213994,48.208333333333336,1.0061431029739116,41.52777777777778,5.59419271881778,90.88888888888889,7.196547598647085,0.4580972222222221,0.0596667174836513,12.0,3.626972508506893,32.56944444444444,6.081202598098803,0.3684444444444444,0.0874674811023573,19.36111111111111,6.612633141034135,24.58333333333333,7.361395305583747,0.7819166666666667,0.0987352057022743,10.166666666666666,4.1077048867487695,31.875,4.086864909528133,42.04166666666666,6.050113489798073,25.01388888888889,4.610132916587893,14.166666666666666,3.921770224036697,7.972222222222222,2.848138617364781,4.291666666666667,1.8946737799405904,22.694444444444443,4.092724182779329,-4.666666666666667,12.80514861241038,-1.75,-7.859999999999999,-6.109999999999999,0.2727272727272727,11,-6.625806451612903,31,-6.551205733744943
1610612764,WAS,Washington Wizards,2021,2020-21,1,72,116.63888888888889,13.697234793985425,118.47222222222224,12.309360027554233,105.34722222222224,5.619783270399293,110.67638888888888,11.250483470745095,112.36388888888888,10.884493499839293,-1.679166666666667,12.848345511946906,48.34722222222222,1.27996173162669,43.16666666666666,6.032774336669912,90.93055555555556,6.795454961789916,0.4745138888888889,0.0527617533947011,10.180555555555555,3.525865746802584,29.0,6.9505294154423645,0.3531388888888889,0.0953812668818541,20.125,6.643725198037789,26.166666666666668,8.001760369698939,0.7707361111111111,0.1022521039496416,9.680555555555555,3.270983781414784,35.513888888888886,4.817787042562221,45.19444444444444,6.330429282306104,25.48611111111111,5.312735311920093,14.38888888888889,4.099314802090146,7.333333333333333,2.572881324480232,4.125,2.115918872749222,21.59722222222222,3.5865936690828044,-1.8333333333333333,13.318418888522046,-2.74,5.91,8.65,0.5555555555555556,27,-4.172222222222221,36,-3.279487888520192
1610612764,WAS,Washington Wizards,2022,2021-22,1,82,108.6219512195122,12.706215300271372,112.0,12.196943555611194,98.52439024390245,5.709480116775455,110.23658536585366,10.99991596146486,113.73292682926828,11.507700641047396,-3.492682926829268,13.579294155075782,48.36585365853659,1.7178237389420574,40.573170731707314,5.057766275628588,86.04878048780488,6.4346715918086606,0.4721951219512196,0.051614056613566,10.48780487804878,3.159324441145663,30.634146341463413,5.53443138395914,0.3429390243902439,0.083456996771676,16.98780487804878,5.895162072639899,21.682926829268293,6.963534735985116,0.7800487804878049,0.1064133453107401,8.987804878048781,3.349936068817,34.1219512195122,5.498350468470912,43.109756097560975,6.518740500860189,25.02439024390244,4.873652038411091,13.134146341463415,3.694380768446913,6.365853658536586,2.516671303022225,4.951219512195122,2.210538390508265,18.841463414634145,4.03524445752402,-3.3780487804878048,13.153078073683206,4.03,-4.139999999999999,-8.169999999999998,0.5833333333333334,24,-4.346153846153847,52,-4.654060551449702
1610612764,WAS,Washington Wizards,2023,2022-23,0,82,113.15853658536584,11.121627814280862,114.36585365853658,10.676514198703147,99.52439024390245,4.433947631503556,113.7878048780488,11.120500368926058,114.97317073170731,10.397151186036762,-1.1902439024390243,13.213999401645616,48.18292682926829,0.9444842969433308,42.14634146341464,4.64843515742959,86.91463414634147,7.378984539044759,0.486890243902439,0.0562514210734207,11.28048780487805,3.762302913894471,31.71951219512195,6.218797450827399,0.3542317073170731,0.0952942549769763,17.585365853658537,5.495118416167983,22.414634146341463,6.743906658976863,0.7874268292682927,0.1012108214689266,9.439024390243905,3.791144851274927,34.19512195121951,4.989962825241284,43.63414634146341,6.514015649317582,25.402439024390244,4.499272248691005,14.121951219512194,4.092722369359154,6.841463414634147,2.4009746590623986,5.170731707317073,2.566666080080647,18.76829268292683,3.5911371715494345,-1.2073170731707317,12.947889674924864,-5.76,-3.31,2.45,0.5263157894736842,19,-5.307843137254902,51,-2.956135830433162
1610612764,WAS,Washington Wizards,2024,2023-24,2,82,113.7439024390244,10.5325022827457,123.03658536585364,12.609466483021787,103.1829268292683,4.228440008816514,110.2146341463415,8.857320637576823,118.86219512195125,10.77655938409789,-8.65,12.443077801942138,48.1219512195122,0.7760336619661979,42.96341463414634,4.243935751806595,91.3780487804878,6.290577401715505,0.4708414634146342,0.0407605078513641,12.378048780487806,3.623109107179821,35.54878048780488,5.983830968729867,0.3474878048780487,0.0779876919542854,15.439024390243905,5.043263593984565,20.20731707317073,6.3201379201978005,0.7651341463414634,0.1069545608138891,9.207317073170731,3.37652683297186,31.865853658536587,5.192021883387921,41.073170731707314,6.091444086332121,27.92682926829268,4.2998147758122425,13.98780487804878,3.882515101968432,7.597560975609756,2.836533078186024,5.060975609756097,2.374491815549976,19.963414634146343,3.546673356827509,-9.292682926829269,12.908498305980729,-6.529999999999999,-5.65,0.879999999999999,0.3,20,-11.8078431372549,51,-10.94059651408974
1610612764,WAS,Washington Wizards,2025,2024-25,2,82,108.0,12.001028762486351,120.4390243902439,11.136745497271756,102.08536585365852,4.648645679617033,105.80975609756098,10.84396184896242,118.02317073170732,9.972063431487085,-12.208536585365854,13.735851991439912,48.1219512195122,0.7760336619661978,39.426829268292686,4.939211932454477,89.89024390243902,6.815027146057862,0.439109756097561,0.0481602279683606,13.109756097560975,3.969034766390213,39.14634146341464,5.875502502743152,0.3329756097560975,0.0826783109495801,16.036585365853657,5.81281071799521,20.60975609756097,6.6513826606053765,0.7712682926829267,0.0943941106109736,10.573170731707316,3.691934779344736,33.1219512195122,4.321608765098795,43.69512195121951,5.14886784724575,25.09756097560976,4.599006216048029,15.560975609756095,3.645045888635968,7.597560975609756,2.8882894937903605,5.121951219512195,2.574280404798466,19.73170731707317,4.385860503678106,-12.439024390243905,13.79040421521976,-12.21,-17.93,-5.720000000000001,0.7142857142857143,14,-15.538636363636362,44,-14.328711786154225
1610612765,DET,Detroit Pistons,2013,2012-13,2,82,94.85365853658536,11.144529689736578,98.84146341463416,11.10941043895283,92.32926829268293,4.916725995998046,102.78658536585364,11.259736661121693,107.33170731707315,11.724616691186728,-4.539024390243903,15.729415363528616,48.30487804878049,1.6381940100531207,36.329268292682926,4.551637551065132,80.95121951219512,7.205797458501586,0.4508292682926829,0.0587618766304906,6.2560975609756095,2.805686358269868,17.5609756097561,4.234186443569053,0.3534268292682926,0.1320626516569383,15.939024390243905,4.969903397167348,22.804878048780488,7.091011567235855,0.7015731707317072,0.090686276540529,12.085365853658535,4.17281389357644,30.036585365853657,5.464690523471028,42.1219512195122,7.692212261701608,21.24390243902439,4.628310561860668,15.134146341463415,3.9401767057007664,7.0,2.4139512202667146,4.878048780487805,2.7728411417878025,19.79268292682927,3.867362022016369,-3.987804878048781,14.564877339410542,-7.55,2.24,9.79,0.3181818181818182,22,-14.315151515151516,33,-7.889841035352698
1610612765,DET,Detroit Pistons,2014,2013-14,2,82,101.04878048780488,9.641605366845551,104.70731707317071,10.328538678417038,96.02439024390245,4.265785816933737,105.24146341463415,9.11013478806267,109.05365853658536,10.519566661519894,-3.8134146341463415,13.12947642365412,48.24390243902439,1.0836720337741033,38.80487804878049,4.116929889291213,86.8780487804878,6.295972147455999,0.4472682926829268,0.0411465459242149,6.182926829268292,2.8246186185499376,19.26829268292683,5.176033994602348,0.3124634146341463,0.1031130501639935,17.25609756097561,5.592788512753637,25.74390243902439,7.176454944512036,0.6686341463414635,0.1059324863256726,14.585365853658535,4.103449977317927,30.79268292682927,5.232231082029376,45.3780487804878,7.17444064822304,20.902439024390244,4.356376782267069,14.548780487804878,3.8043264487944897,8.378048780487806,2.70180663791882,4.817073170731708,2.277794302273328,20.317073170731707,3.838975071489553,-3.658536585365854,12.57002068630758,-2.17,-7.409999999999999,-5.239999999999999,0.375,16,-8.607692307692309,39,-5.516219607351796
1610612765,DET,Detroit Pistons,2015,2014-15,0,82,98.5,10.42462658833269,99.5,9.681661422567643,94.40243902439023,4.956252457468445,104.40365853658535,10.289770122112246,105.52439024390242,10.169666357414986,-1.1292682926829267,13.192688657961114,48.36585365853659,1.527623791205016,37.08536585365854,4.4864713498628985,85.82926829268293,6.548593059805508,0.4330121951219512,0.0496718848619542,8.573170731707316,3.250946634424123,24.914634146341463,5.617875393649517,0.3396219512195122,0.098938768973655,15.75609756097561,5.122116112686809,22.414634146341463,6.478742484887503,0.7031951219512195,0.1120881970884006,12.817073170731708,3.617952660189194,32.073170731707314,5.117822858403462,44.89024390243903,6.303058433712123,21.59756097560976,4.20422995723035,13.402439024390244,3.7444930959502103,7.597560975609756,2.693658561669121,4.670731707317073,2.266529832736807,19.01219512195122,4.161830978939421,-1.0,12.411663172840672,-4.0200000000000005,0.55,4.57,0.4545454545454545,22,-2.8897435897435906,39,-2.343411509280944
1610612765,DET,Detroit Pistons,2016,2015-16,1,82,101.96341463414636,12.515121837843989,101.35365853658536,10.32720481492309,96.85365853658536,6.5567267338368,105.31951219512196,11.192539832730407,105.01951219512196,9.200046148896469,0.2999999999999997,13.164008170428604,48.48780487804878,2.435559116172501,37.9390243902439,4.748872669279247,86.42682926829268,8.261214581739937,0.4403658536585366,0.0490901192429491,9.024390243902438,2.9730294220870066,26.195121951219512,4.481619593682082,0.3437926829268292,0.0962409191233162,17.0609756097561,6.051930741763448,25.54878048780488,8.97479658839527,0.6751707317073171,0.1104342500188948,12.451219512195122,4.491837422781572,33.86585365853659,4.809358662415591,46.31707317073171,6.259566601927218,19.4390243902439,4.193167755594601,13.53658536585366,3.182495030016464,6.987804878048781,2.668952272533612,3.707317073170732,2.3120073309190494,18.98780487804878,4.149948393072027,0.6097560975609756,12.752880185518755,-1.47,-2.07,-0.5999999999999999,0.5833333333333334,24,-1.0225000000000004,40,-1.1976846745731593
1610612765,DET,Detroit Pistons,2017,2016-17,0,82,101.32926829268293,12.525583575324506,102.45121951219512,11.036586114479904,96.21951219512196,5.043084472193244,105.25,11.254039055455976,106.79268292682929,11.364714511280727,-1.5378048780487803,16.78101985043569,48.30487804878049,1.437496317893246,39.86585365853659,5.745126104240744,88.8048780487805,7.647220142696966,0.4488414634146341,0.0514732267725192,7.695121951219512,3.230598401895074,23.353658536585368,5.183954235098232,0.3268780487804878,0.1062548055841522,13.902439024390244,5.032265660855084,19.341463414634145,6.313261590180815,0.7221951219512195,0.1253756271256317,11.073170731707316,3.596227405314871,34.609756097560975,5.798586668075642,45.68292682926829,6.816606535604547,21.121951219512194,4.683541563586044,11.865853658536585,3.691037510544388,7.0,3.0225490019412096,3.7804878048780486,2.346651884654108,17.890243902439025,4.058236853552323,-1.1219512195121952,15.953164664492306,0.94,-4.130000000000001,-5.070000000000001,0.4,20,-5.261538461538462,39,-3.6384359927585286
1610612765,DET,Detroit Pistons,2018,2017-18,0,82,103.76829268292684,10.718967589506184,103.91463414634148,10.812888079968772,97.32926829268293,4.166458892741912,106.63536585365854,10.172103852108416,106.72560975609758,10.448070422309245,-0.096341463414634,14.825782057293244,48.30487804878049,1.203790560412963,39.1219512195122,4.696702925240371,86.9390243902439,5.812603507057915,0.4501585365853657,0.04706981143418,10.804878048780488,3.1756753899722114,28.9390243902439,5.099860954230437,0.372280487804878,0.0808721402669921,14.71951219512195,4.894628928907818,19.76829268292683,5.953106421140754,0.7413780487804877,0.1127566636221889,10.121951219512194,3.772513469046108,33.609756097560975,5.45408692058607,43.73170731707317,6.346086147757577,22.78048780487805,4.605483554574305,13.439024390243905,3.562831309179453,7.658536585365853,2.9490300233961504,3.865853658536585,2.3027744678810214,18.390243902439025,4.512687457372305,-0.1463414634146341,14.539959372317034,3.24,6.99,3.75,0.3333333333333333,21,-4.402,50,-2.635761886377055
1610612765,DET,Detroit Pistons,2019,2018-19,0,82,107.04878048780488,12.610893232600894,107.29268292682929,9.94489484377683,98.79268292682929,4.888226735153844,108.44146341463416,12.412707061612725,108.80487804878052,9.764143302378796,-0.3609756097560976,14.02927060129414,48.426829268292686,1.4057245204096496,38.84146341463415,4.852056995876859,88.26829268292683,6.577268712448068,0.4410975609756097,0.0531858167662096,12.109756097560975,3.620947620191742,34.80487804878049,5.389608255285177,0.345780487804878,0.0801911334636121,17.25609756097561,5.488058811750157,23.085365853658537,7.220001743292077,0.7526707317073171,0.1090464908077407,11.414634146341465,4.142377260785343,33.5609756097561,4.815349841721077,44.97560975609756,5.828782584187783,22.5,3.752365509059618,13.841463414634148,4.010694075566072,6.939024390243903,2.4912070601782026,4.036585365853658,2.2302362270452813,22.085365853658537,3.9006210949318105,-0.2439024390243902,13.778280434925495,-1.64,-0.7600000000000001,0.8799999999999998,0.5185185185185185,27,-4.738461538461538,39,-3.4921206184894915
1610612765,DET,Detroit Pistons,2020,2019-20,0,66,107.24242424242424,12.282646427517292,110.8030303030303,10.411856698339632,98.5909090909091,4.967516862198233,108.79242424242425,11.501870223925268,112.36060606060606,9.6769810738661,-3.557575757575758,14.283169876639487,48.37878787878788,1.333187637727442,39.31818181818182,5.449513996422323,85.72727272727273,6.415235362420054,0.4593636363636363,0.0603481275889857,11.984848484848484,3.2462637659667206,32.68181818181818,6.0106548751339925,0.3682878787878788,0.0819057178715052,16.62121212121212,5.848774103020094,22.363636363636363,7.339327916487603,0.744469696969697,0.1017904664867936,9.757575757575758,3.342318891293225,31.954545454545453,5.353451275526897,41.71212121212121,6.035192053575687,24.07575757575757,4.711069145552047,15.272727272727272,4.115806134873233,7.424242424242424,2.8341901899191653,4.53030303030303,2.301970373195016,19.681818181818183,3.6338540291122183,-3.560606060606061,14.235523051511544,-2.93,-9.47,-6.540000000000001,0.4615384615384615,13,-7.582142857142857,28,-6.365174783982138
1610612765,DET,Detroit Pistons,2021,2020-21,2,72,106.61111111111111,11.177890092367964,111.08333333333331,10.901285620008958,99.05555555555556,5.72341100130227,107.75972222222222,10.995743859345955,112.35138888888888,11.08521402025258,-4.597222222222222,13.303954428773404,48.41666666666666,1.8289533680592327,38.65277777777778,4.79776861932395,85.58333333333333,6.651802678465398,0.4524027777777777,0.051046970836788,11.555555555555555,3.2016232189791998,32.916666666666664,5.789135039627444,0.3515,0.0774551210356545,17.75,5.759866000006265,23.375,7.033996920390024,0.7576111111111111,0.1045942604133902,9.63888888888889,3.168087153604293,33.06944444444444,5.421206115187744,42.708333333333336,6.4555631647942135,24.20833333333333,4.8525802632483686,14.930555555555555,3.835807529754434,7.375,2.542248644215212,5.152777777777778,1.8359456420673184,20.51388888888889,4.639065761811317,-4.472222222222222,13.014587938829544,-5.769999999999999,-9.07,-3.3000000000000016,0.2666666666666666,15,-7.16388888888889,36,-5.615648535012508
1610612765,DET,Detroit Pistons,2022,2021-22,2,82,104.82926829268293,11.716617805123112,112.54878048780488,12.294887464051415,99.28048780487804,4.361091692083878,105.63292682926831,11.257853827857012,113.19390243902438,10.164794576403784,-7.557317073170732,12.426703927060304,48.24390243902439,1.0836720337741033,38.15853658536585,4.8008988669564525,88.6219512195122,7.162385015391325,0.4313902439024391,0.0491168312650564,11.28048780487805,3.400342721448271,34.609756097560975,6.09342105772207,0.3271829268292682,0.0846432058555248,17.23170731707317,5.969673937965525,22.02439024390244,6.995546395864569,0.7814390243902438,0.0909989957292265,10.975609756097562,3.950232403715057,32.01219512195122,4.7855077066953,42.98780487804878,6.125223911128261,23.463414634146343,4.4919547339803945,14.182926829268292,3.5455694793434174,7.682926829268292,2.675347208483036,4.7926829268292686,1.8969618651877305,21.9390243902439,4.1136555518659765,-7.719512195121951,12.623977176750149,-9.87,-3.03,6.840000000000001,0.4545454545454545,22,-8.686274509803921,51,-8.629592408168286
1610612765,DET,Detroit Pistons,2023,2022-23,2,82,110.3048780487805,12.04383867315335,118.52439024390245,11.167883416027305,100.3780487804878,5.422040625152209,109.89024390243902,10.444463472276963,117.8048780487805,9.553719493358797,-7.903658536585366,12.212616883421118,48.30487804878049,1.437496317893246,39.5609756097561,4.497180353866213,87.07317073170732,6.337777169637025,0.4547682926829268,0.0449095933496047,11.390243902439025,3.717679143145911,32.426829268292686,5.560065919772823,0.3478780487804878,0.0853676710779996,19.79268292682927,6.838052218661174,25.682926829268293,8.434025807875695,0.7717560975609755,0.0864095275061854,11.170731707317072,3.664325441261469,31.26829268292683,5.209319238213839,42.4390243902439,7.204418330502419,22.97560975609756,4.306112823452111,15.085365853658535,3.76206280266097,7.0,2.499382639822665,3.7560975609756095,2.064162016381108,22.10975609756097,3.9031677466252575,-8.21951219512195,12.259563553591164,-11.37,-12.31,-0.9399999999999976,0.2,15,-11.184615384615388,52,-9.206188213525705
1610612765,DET,Detroit Pistons,2024,2023-24,2,82,109.8780487804878,10.831356222893822,118.98780487804878,12.404194732984609,100.84146341463416,4.46237912571399,108.97317073170731,9.657288538772574,117.98414634146344,10.68240123641921,-9.007317073170732,12.146337968555445,48.18292682926829,0.944484296943331,40.89024390243903,4.594699301170016,88.2439024390244,6.803341545732891,0.4639756097560975,0.0444772033742453,11.048780487804878,3.250460324567873,31.73170731707317,5.3611514805338,0.3487804878048781,0.0877817192350313,17.048780487804876,5.575303654520389,21.70731707317073,6.62298244122253,0.785,0.1017450214148881,10.5,3.7720544881706566,32.829268292682926,5.122703949506636,43.329268292682926,6.61658014319542,25.463414634146343,3.884744210246339,15.21951219512195,3.708596587389574,6.475609756097561,2.816291273499173,4.682926829268292,2.647514785188143,20.585365853658537,4.883712460348463,-9.109756097560975,12.021591786264397,-3.51,-10.03,-6.520000000000001,0.1,10,-11.392307692307693,52,-10.50953947360161
1610612765,DET,Detroit Pistons,2025,2024-25,1,82,115.5,11.028862247264485,113.59756097560977,12.828267163657062,100.82926829268293,4.692533807237691,114.54390243902438,9.498617151608622,112.47560975609754,11.44912052232478,2.0695121951219506,13.891996888024646,48.30487804878049,1.2037905604129633,42.71951219512195,4.576575867686337,89.79268292682927,7.21407712479018,0.4771341463414634,0.0490713167570895,12.817073170731708,3.43952354143867,35.3780487804878,5.874490246133028,0.3624268292682926,0.0762290295774265,17.24390243902439,6.339297339279524,22.26829268292683,7.504811264169805,0.7693170731707317,0.0894174394083182,11.353658536585366,3.8693858613081815,33.40243902439025,5.381403176733467,44.75609756097561,6.139451408334674,26.402439024390244,4.943782118180224,14.853658536585366,4.242995538675774,7.951219512195122,3.1579898240807065,5.2560975609756095,2.402729803553214,20.670731707317078,3.634725788386245,1.902439024390244,13.905864964016825,-2.15,-0.0299999999999995,2.120000000000001,0.5714285714285714,21,-3.9357142857142855,42,-0.6808245876122782
1610612766,CHA,Charlotte Hornets,2013,2012-13,2,82,93.42682926829268,10.573704266769903,102.65853658536584,11.192170446944589,93.07317073170732,4.628896057509993,100.3890243902439,10.344748844996888,110.36463414634146,11.331997437075309,-9.98048780487805,13.951347906244903,48.30487804878049,1.437496317893246,34.426829268292686,4.5866970493311054,81.08536585365853,5.739620195444593,0.4253414634146341,0.0545622805341862,5.719512195121951,2.5737247363243725,17.0609756097561,5.068293016210014,0.3338536585365853,0.1027505816211611,18.853658536585368,4.853716791983034,25.121951219512194,6.309683414222503,0.7539024390243902,0.0920045100553278,11.182926829268292,4.03725872276969,29.134146341463413,4.778455236523158,40.31707317073171,6.026439787561016,19.353658536585368,4.94755695098074,14.060975609756095,3.225467947582064,7.2073170731707314,2.8490319121580634,5.841463414634147,2.6362595658707404,19.036585365853657,4.20007384400463,-9.231707317073171,13.078394944832954,-1.7399999999999998,-6.92,-5.18,0.5555555555555556,18,-15.5375,32,-12.076522129221232
1610612766,CHA,Charlotte Hornets,2014,2013-14,0,82,96.85365853658536,11.010793751699152,97.07317073170732,11.336361782526083,94.04878048780488,5.170912088574193,103.01951219512196,10.682990276162858,103.40121951219514,11.38295773907165,-0.3792682926829266,13.903243584647576,48.54878048780488,1.5725456206410324,36.29268292682927,4.997500127849229,82.07317073170732,7.222701672641083,0.4434146341463415,0.0562351656641278,6.2926829268292686,2.53122624300657,17.9390243902439,4.712336216430416,0.3495853658536585,0.108232483111503,17.975609756097562,6.224157654855493,24.390243902439025,8.030429931083937,0.7388536585365852,0.1058328663683159,9.46341463414634,3.4683582836813054,33.21951219512195,4.936696526890718,42.68292682926829,6.2239641386754645,21.682926829268293,5.541934521581207,12.317073170731708,3.3806933644164734,6.085365853658536,2.5298280794180905,5.134146341463414,2.51298944067361,18.20731707317073,3.940100283482952,-0.2195121951219512,13.068692577493536,-4.529999999999999,5.78,10.31,0.5172413793103449,29,-3.6631578947368433,38,-2.545536989346457
1610612766,CHA,Charlotte Hornets,2015,2014-15,0,82,94.15853658536584,11.945834040300328,97.32926829268293,11.236025480293156,94.54878048780488,6.406309465173002,99.71707317073172,12.012142055437575,103.24634146341464,12.105291110486256,-3.534146341463414,16.03033559033664,48.54878048780488,2.079603707644594,35.52439024390244,5.379948161107125,84.53658536585365,6.955227400763142,0.4206341463414634,0.0569020193603615,6.073170731707317,2.604746322118448,19.09756097560976,4.702533480817695,0.3129756097560975,0.1031458245697169,17.036585365853657,5.167431537055287,22.76829268292683,6.41814322691387,0.7475731707317075,0.100544447574048,10.0,3.410224278493957,34.0609756097561,5.073162407632204,44.0609756097561,6.414388842408916,20.170731707317078,5.15872718067754,11.902439024390244,3.5437643238025616,6.085365853658536,2.544426101400137,5.463414634146342,2.9863687101343697,18.21951219512195,3.754912470397049,-3.1707317073170733,14.836395753826718,-3.86,-11.46,-7.6,0.375,24,-8.600000000000001,39,-6.245137020384451
1610612766,CHA,Charlotte Hornets,2016,2015-16,3,82,103.40243902439023,11.85077979004076,100.6829268292683,10.099355863557708,97.14634146341464,5.016323850030321,106.40731707317072,10.638629593449451,103.8121951219512,9.58803768906284,2.591463414634146,13.42679467020811,48.426829268292686,1.7918229065718263,37.02439024390244,5.137553844014732,84.41463414634147,6.865464151289904,0.4389634146341462,0.0531927418055219,10.646341463414634,3.02406786462614,29.390243902439025,4.958484678825533,0.3615487804878048,0.0825182587260891,18.70731707317073,5.458005344690299,23.670731707317078,6.631490304262342,0.7951951219512196,0.0975754774678113,8.951219512195122,3.325555514810076,34.98780487804878,6.078689556712819,43.9390243902439,6.90204400030265,21.682926829268293,4.259710906496546,12.548780487804878,3.6452317544721495,7.2560975609756095,2.4180952386035046,5.341463414634147,2.9068650637146862,18.134146341463413,4.468717591948655,2.7195121951219514,12.958885021238387,1.93,7.67,5.74,0.6086956521739131,23,-1.9736842105263157,38,-0.2691572330538292
1610612766,CHA,Charlotte Hornets,2017,2016-17,0,82,104.89024390243902,10.770336603702834,104.6951219512195,12.006879740217917,96.7560975609756,5.201046845266887,108.44634146341464,10.19312519616429,108.46097560975608,11.354650497717827,-0.0109756097560974,13.358134397886197,48.36585365853659,1.3100956059915252,37.71951219512195,4.252158174600841,85.36585365853658,6.587515680627813,0.4431097560975609,0.0499085598679016,10.048780487804878,3.474430192289961,28.621951219512194,6.3608374398236815,0.3480487804878048,0.0871058533615993,19.402439024390244,5.639060766067038,23.817073170731707,6.672456835139675,0.8164756097560975,0.0878729758890577,8.792682926829269,3.561584488828383,34.792682926829265,5.267505336126833,43.58536585365854,6.0816486140271735,23.0609756097561,4.517039238359487,11.48780487804878,3.621758328982783,6.963414634146342,3.068940871517341,4.7560975609756095,2.4972131410526077,16.585365853658537,3.8776065530876167,0.1951219512195122,12.502285247293688,5.109999999999999,-3.7,-8.809999999999999,0.3636363636363636,22,-2.476923076923077,39,-2.3502948193072504
1610612766,CHA,Charlotte Hornets,2018,2017-18,3,82,108.21951219512196,12.783114238543437,107.96341463414636,11.27155835288534,99.3048780487805,3.867206298201006,108.98658536585364,12.347377011354432,109.12560975609756,11.39480942018658,-0.1353658536585368,14.89952664714363,48.24390243902439,1.0836720337741033,38.98780487804878,5.285652376753237,86.65853658536585,6.096385312737461,0.4505975609756098,0.0566746965456862,10.048780487804878,3.780725774678491,27.23170731707317,5.946881702821505,0.3628780487804878,0.0959376585445462,20.195121951219512,5.865654425279088,27.02439024390244,6.940622254375204,0.7473658536585366,0.0993971348911572,10.085365853658535,3.418183834830446,35.3780487804878,5.478668496214956,45.46341463414634,6.858706500718125,21.585365853658537,4.6426663781782285,12.695121951219512,3.6027733637949275,6.817073170731708,2.749312141943727,4.548780487804878,2.2063457248111304,17.182926829268293,3.698942287190037,0.2560975609756097,14.65556058934271,-1.5799999999999998,8.780000000000001,10.36,0.3809523809523809,21,-4.928260869565217,46,-3.1274368472781613
1610612766,CHA,Charlotte Hornets,2019,2018-19,0,82,110.7439024390244,12.39853732473446,111.84146341463416,12.187293030539031,100.02439024390245,5.575465677846283,110.78414634146344,11.656942714957522,112.05365853658536,11.06336625397612,-1.2731707317073169,16.0628553092699,48.36585365853659,1.527623791205016,40.207317073170735,5.253424056553641,89.78048780487805,6.745870964356691,0.4486951219512195,0.0566173399744937,11.914634146341465,3.62161283051188,33.9390243902439,5.576289223629869,0.3512073170731707,0.0903758595819822,18.414634146341463,6.4405183816982055,23.10975609756097,7.607673347807308,0.7924878048780487,0.095092838834431,9.926829268292684,3.219464290246101,33.8780487804878,4.9376113680890725,43.80487804878049,5.99678725588558,23.23170731707317,4.753942562609248,12.207317073170731,3.571968385237614,7.2073170731707314,2.642192341098435,4.939024390243903,2.37968542882006,18.902439024390244,4.412691449622261,-1.0975609756097562,15.834490995571302,7.260000000000001,-1.8700000000000003,-9.13,0.3181818181818182,22,-6.757894736842107,38,-4.4548064955865945
1610612766,CHA,Charlotte Hornets,2020,2019-20,2,65,102.87692307692308,11.531895567711988,109.63076923076925,12.430518430923888,97.18461538461538,5.168692737567655,105.93692307692308,11.07116989683635,112.78615384615384,10.889184383527608,-6.844615384615385,13.087255618172383,48.46153846153846,1.7054776006016164,37.30769230769231,4.376510728176747,85.93846153846154,6.343985643596134,0.4351538461538462,0.0492345250971151,12.076923076923077,3.841824486440705,34.323076923076925,5.220475589887896,0.349276923076923,0.0865957756786358,16.184615384615384,5.513881084624932,21.630769230769232,6.7072004936141925,0.7486461538461537,0.1044109116018937,11.0,3.1622776601683795,31.784615384615385,5.555099874474321,42.784615384615385,7.021156216420812,23.83076923076923,3.529205075018801,14.6,4.256612502918253,6.584615384615384,2.5427120590787733,4.123076923076923,2.0879692010696385,18.815384615384616,3.888654602222292,-6.753846153846154,12.745134818371344,-7.220000000000001,-5.6,1.620000000000001,0.5,22,-12.420689655172414,29,-10.172201573725042
1610612766,CHA,Charlotte Hornets,2021,2020-21,2,72,109.45833333333331,10.434149647826574,111.38888888888889,10.885518944529275,99.43055555555556,5.081938159960119,110.06388888888888,8.679217618331371,112.08611111111112,9.986558650387094,-2.0222222222222217,13.750392795641469,48.208333333333336,1.006143102973912,39.93055555555556,4.166690140778947,87.83333333333333,6.164414002968976,0.4553888888888888,0.0438886412702747,13.680555555555555,3.343382738741585,37.02777777777778,4.941836980177933,0.3679722222222222,0.0681440008462241,15.916666666666666,5.453387627861998,20.90277777777778,6.019123800870309,0.7547777777777778,0.1315038929667662,10.583333333333334,3.0011734794112,33.18055555555556,5.163049619861483,43.763888888888886,6.001157295796277,26.84722222222222,4.167816742687469,14.84722222222222,4.221540077504665,7.847222222222222,2.915039787722676,4.777777777777778,2.3867133522855424,18.02777777777778,3.661648294363058,-1.930555555555556,13.684911387619977,-0.9100000000000008,-5.2,-4.289999999999999,0.5555555555555556,18,-6.672222222222222,36,-4.30178589071952
1610612766,CHA,Charlotte Hornets,2022,2021-22,1,82,115.32926829268293,13.32319510676986,114.89024390243902,12.896555284702272,101.48780487804878,5.493529083259493,113.72439024390243,12.319908218509427,113.1439024390244,11.568882246561628,0.5817073170731708,15.416514538178586,48.48780487804878,1.6868694244915796,42.78048780487805,4.956662532673816,91.42682926829268,6.409927654692528,0.4699390243902439,0.0615197143070345,13.939024390243905,3.976311216226248,38.170731707317074,5.38357097984522,0.3652073170731708,0.0903187411755049,15.829268292682928,5.218213302968606,21.37804878048781,6.697411041906996,0.7422439024390244,0.1026240364807158,10.829268292682928,3.701200599501149,33.74390243902439,5.4992950740392175,44.573170731707314,7.034360970748311,28.07317073170732,5.027775906211753,13.25609756097561,3.491828116517567,8.621951219512194,2.688063435752237,4.902439024390244,2.5415546719590867,19.865853658536587,3.750760236097497,0.4390243902439024,15.726126379000224,-2.66,0.93,3.59,0.4210526315789473,19,-3.775,48,-2.3100903501478576
1610612766,CHA,Charlotte Hornets,2023,2022-23,2,82,110.95121951219512,11.930769887118252,117.1951219512195,10.49095909936029,102.3170731707317,4.95131370216996,108.45487804878049,10.548584276188812,114.84512195121953,10.231169423028929,-6.390243902439025,12.74179096425672,48.36585365853659,1.527623791205016,41.28048780487805,4.932318189459361,90.40243902439023,7.410136127933662,0.4583414634146341,0.0569305879102551,10.74390243902439,3.35846443309871,32.54878048780488,6.130579975834946,0.3294756097560976,0.0839560769364664,17.646341463414632,4.743733881787903,23.5609756097561,5.663610419781016,0.7491585365853658,0.0975565008195403,10.98780487804878,3.811917318157588,33.54878048780488,5.384367952463483,44.53658536585366,6.240439842743003,25.146341463414632,4.043351351733881,14.195121951219512,4.019824406183588,7.73170731707317,3.170266104373321,5.182926829268292,2.587376996685061,20.25609756097561,4.204086711377882,-6.243902439024391,13.123874179214225,-4.58,-6.110000000000001,-1.5300000000000011,0.4705882352941176,17,-9.04901960784314,51,-7.939719079891985
1610612766,CHA,Charlotte Hornets,2024,2023-24,2,82,106.58536585365852,12.123796841934404,116.82926829268293,11.872579548565128,98.13414634146342,4.026953004051364,108.65243902439023,12.014263391565672,119.35731707317072,12.16265312276245,-10.696341463414637,14.4535137777614,48.1219512195122,0.7760336619661978,40.01219512195122,5.150797379092847,86.98780487804878,6.7941403628494,0.4611951219512195,0.0588237457352948,12.060975609756095,3.99180506518168,34.0,5.8668350144195935,0.3533658536585366,0.0931017646058282,14.5,4.861666634924263,18.4390243902439,5.97339277619152,0.788780487804878,0.1083454721849002,9.329268292682928,4.109774191173893,30.951219512195124,4.645195152047138,40.28048780487805,6.47363959729393,24.79268292682927,4.778392221156723,13.768292682926829,4.04389123349539,6.853658536585366,2.762723433652408,4.524390243902439,2.430391980558466,17.951219512195124,4.064001673909658,-10.24390243902439,14.028683997667557,-6.980000000000001,-9.49,-2.509999999999999,0.6153846153846154,13,-14.171153846153848,52,-12.456961542741784
1610612766,CHA,Charlotte Hornets,2025,2024-25,2,82,105.09756097560977,11.461809647584916,114.20731707317071,11.985317978010675,98.52439024390245,4.600659130866159,106.7280487804878,10.960245495924095,115.7670731707317,11.140506171070792,-9.042682926829269,13.686363678411062,48.18292682926829,0.9444842969433308,38.31707317073171,4.488333433127003,89.1219512195122,6.944915973151461,0.4309512195121951,0.048669685963932,12.98780487804878,4.170720701669429,38.329268292682926,6.901520458796002,0.3372073170731707,0.0824997924134878,15.475609756097562,5.418818626104742,19.76829268292683,6.344626929634406,0.7792926829268293,0.1117737449907457,12.231707317073171,3.8627655304080735,32.96341463414634,5.398777003599798,45.19512195121951,6.441453375588662,24.317073170731707,4.564700979430852,15.5,3.9760082966850874,7.402439024390244,3.026058660164173,4.487804878048781,2.013803614679055,18.71951219512195,4.32127778954528,-9.109756097560975,13.62278963614433,-2.7100000000000004,-16.05,-13.34,0.5185185185185185,27,-11.067441860465117,43,-10.546052950814506
