team_id,season_end_year,cluster_pre_trade,cluster_name_pre_trade,trade_date,cluster_post_trade,cluster_name_post_trade
1610612737,2013,1,Defensivo,2013-02-21,1,Defensivo
1610612738,2013,0,Ofensivo,2013-02-21,1,Defensivo
1610612739,2013,2,Reconstrução,2013-02-21,2,Reconstrução
1610612740,2013,1,Defensivo,2013-02-21,2,Reconstrução
1610612741,2013,1,Defensivo,2013-02-21,1,Defensivo
1610612742,2013,0,Ofensivo,2013-02-21,1,Defensivo
1610612743,2013,0,Ofensivo,2013-02-21,3,Elite
1610612744,2013,0,Ofensivo,2013-02-21,3,Elite
1610612745,2013,3,Elite,2013-02-21,3,Elite
1610612746,2013,3,Elite,2013-02-21,3,Elite
1610612747,2013,3,Elite,2013-02-21,0,Ofensivo
1610612748,2013,3,Elite,2013-02-21,3,Elite
1610612749,2013,0,Ofensivo,2013-02-21,0,Ofensivo
1610612750,2013,2,Reconstrução,2013-02-21,2,Reconstrução
1610612751,2013,1,Defensivo,2013-02-21,1,Defensivo
1610612752,2013,3,Elite,2013-02-21,3,Elite
1610612753,2013,2,Reconstrução,2013-02-21,2,Reconstrução
1610612754,2013,1,Defensivo,2013-02-21,3,Elite
1610612755,2013,1,Defensivo,2013-02-21,1,Defensivo
1610612756,2013,2,Reconstrução,2013-02-21,2,Reconstrução
1610612757,2013,0,Ofensivo,2013-02-21,2,Reconstrução
1610612758,2013,2,Reconstrução,2013-02-21,0,Ofensivo
1610612759,2013,3,Elite,2013-02-21,3,Elite
1610612760,2013,3,Elite,2013-02-21,3,Elite
1610612761,2013,0,Ofensivo,2013-02-21,0,Ofensivo
1610612762,2013,0,Ofensivo,2013-02-21,0,Ofensivo
1610612763,2013,1,Defensivo,2013-02-21,1,Defensivo
1610612764,2013,2,Reconstrução,2013-02-21,1,Defensivo
1610612765,2013,2,Reconstrução,2013-02-21,2,Reconstrução
1610612766,2013,2,Reconstrução,2013-02-21,2,Reconstrução
1610612737,2013,1,Defensivo,2013-01-30,1,Defensivo
1610612738,2013,0,Ofensivo,2013-01-30,1,Defensivo
1610612739,2013,2,Reconstrução,2013-01-30,2,Reconstrução
1610612740,2013,1,Defensivo,2013-01-30,2,Reconstrução
1610612741,2013,1,Defensivo,2013-01-30,1,Defensivo
1610612742,2013,0,Ofensivo,2013-01-30,3,Elite
1610612743,2013,0,Ofensivo,2013-01-30,0,Ofensivo
1610612744,2013,0,Ofensivo,2013-01-30,3,Elite
1610612745,2013,3,Elite,2013-01-30,3,Elite
1610612746,2013,3,Elite,2013-01-30,3,Elite
1610612747,2013,3,Elite,2013-01-30,0,Ofensivo
1610612748,2013,3,Elite,2013-01-30,3,Elite
1610612749,2013,0,Ofensivo,2013-01-30,0,Ofensivo
1610612750,2013,2,Reconstrução,2013-01-30,2,Reconstrução
1610612751,2013,1,Defensivo,2013-01-30,1,Defensivo
1610612752,2013,1,Defensivo,2013-01-30,3,Elite
1610612753,2013,2,Reconstrução,2013-01-30,2,Reconstrução
1610612754,2013,1,Defensivo,2013-01-30,3,Elite
1610612755,2013,2,Reconstrução,2013-01-30,1,Defensivo
1610612756,2013,2,Reconstrução,2013-01-30,2,Reconstrução
1610612757,2013,0,Ofensivo,2013-01-30,2,Reconstrução
1610612758,2013,2,Reconstrução,2013-01-30,0,Ofensivo
1610612759,2013,3,Elite,2013-01-30,3,Elite
1610612760,2013,3,Elite,2013-01-30,3,Elite
1610612761,2013,0,Ofensivo,2013-01-30,1,Defensivo
1610612762,2013,0,Ofensivo,2013-01-30,0,Ofensivo
1610612763,2013,1,Defensivo,2013-01-30,1,Defensivo
1610612764,2013,2,Reconstrução,2013-01-30,1,Defensivo
1610612765,2013,2,Reconstrução,2013-01-30,2,Reconstrução
1610612766,2013,2,Reconstrução,2013-01-30,2,Reconstrução
1610612737,2013,1,Defensivo,2013-02-20,1,Defensivo
1610612738,2013,0,Ofensivo,2013-02-20,1,Defensivo
1610612739,2013,2,Reconstrução,2013-02-20,2,Reconstrução
1610612740,2013,1,Defensivo,2013-02-20,2,Reconstrução
1610612741,2013,1,Defensivo,2013-02-20,1,Defensivo
1610612742,2013,0,Ofensivo,2013-02-20,1,Defensivo
1610612743,2013,0,Ofensivo,2013-02-20,3,Elite
1610612744,2013,0,Ofensivo,2013-02-20,3,Elite
1610612745,2013,3,Elite,2013-02-20,3,Elite
1610612746,2013,3,Elite,2013-02-20,3,Elite
1610612747,2013,3,Elite,2013-02-20,0,Ofensivo
1610612748,2013,3,Elite,2013-02-20,3,Elite
1610612749,2013,0,Ofensivo,2013-02-20,0,Ofensivo
1610612750,2013,2,Reconstrução,2013-02-20,0,Ofensivo
1610612751,2013,1,Defensivo,2013-02-20,1,Defensivo
1610612752,2013,3,Elite,2013-02-20,3,Elite
1610612753,2013,2,Reconstrução,2013-02-20,2,Reconstrução
1610612754,2013,1,Defensivo,2013-02-20,3,Elite
1610612755,2013,1,Defensivo,2013-02-20,1,Defensivo
1610612756,2013,2,Reconstrução,2013-02-20,2,Reconstrução
1610612757,2013,0,Ofensivo,2013-02-20,2,Reconstrução
1610612758,2013,2,Reconstrução,2013-02-20,0,Ofensivo
1610612759,2013,3,Elite,2013-02-20,3,Elite
1610612760,2013,3,Elite,2013-02-20,3,Elite
1610612761,2013,0,Ofensivo,2013-02-20,0,Ofensivo
1610612762,2013,0,Ofensivo,2013-02-20,0,Ofensivo
1610612763,2013,1,Defensivo,2013-02-20,1,Defensivo
1610612764,2013,2,Reconstrução,2013-02-20,1,Defensivo
1610612765,2013,2,Reconstrução,2013-02-20,2,Reconstrução
1610612766,2013,2,Reconstrução,2013-02-20,2,Reconstrução
1610612737,2014,3,Elite,2014-02-20,1,Defensivo
1610612738,2014,2,Reconstrução,2014-02-20,2,Reconstrução
1610612739,2014,0,Ofensivo,2014-02-20,1,Defensivo
1610612740,2014,0,Ofensivo,2014-02-20,2,Reconstrução
1610612741,2014,1,Defensivo,2014-02-20,1,Defensivo
1610612742,2014,1,Defensivo,2014-02-20,0,Ofensivo
1610612743,2014,0,Ofensivo,2014-02-20,0,Ofensivo
1610612744,2014,3,Elite,2014-02-20,3,Elite
1610612745,2014,3,Elite,2014-02-20,3,Elite
1610612746,2014,3,Elite,2014-02-20,3,Elite
1610612747,2014,2,Reconstrução,2014-02-20,2,Reconstrução
1610612748,2014,1,Defensivo,2014-02-20,1,Defensivo
1610612749,2014,2,Reconstrução,2014-02-20,2,Reconstrução
1610612750,2014,3,Elite,2014-02-20,0,Ofensivo
1610612751,2014,1,Defensivo,2014-02-20,1,Defensivo
1610612752,2014,1,Defensivo,2014-02-20,1,Defensivo
1610612753,2014,2,Reconstrução,2014-02-20,2,Reconstrução
1610612754,2014,1,Defensivo,2014-02-20,1,Defensivo
1610612755,2014,2,Reconstrução,2014-02-20,2,Reconstrução
1610612756,2014,1,Defensivo,2014-02-20,1,Defensivo
1610612757,2014,3,Elite,2014-02-20,3,Elite
1610612758,2014,2,Reconstrução,2014-02-20,2,Reconstrução
1610612759,2014,3,Elite,2014-02-20,3,Elite
1610612760,2014,3,Elite,2014-02-20,0,Ofensivo
1610612761,2014,1,Defensivo,2014-02-20,0,Ofensivo
1610612762,2014,2,Reconstrução,2014-02-20,2,Reconstrução
1610612763,2014,1,Defensivo,2014-02-20,1,Defensivo
1610612764,2014,0,Ofensivo,2014-02-20,0,Ofensivo
1610612765,2014,2,Reconstrução,2014-02-20,2,Reconstrução
1610612766,2014,1,Defensivo,2014-02-20,1,Defensivo
1610612737,2014,3,Elite,2014-02-19,1,Defensivo
1610612738,2014,2,Reconstrução,2014-02-19,2,Reconstrução
1610612739,2014,2,Reconstrução,2014-02-19,1,Defensivo
1610612740,2014,0,Ofensivo,2014-02-19,2,Reconstrução
1610612741,2014,0,Ofensivo,2014-02-19,1,Defensivo
1610612742,2014,1,Defensivo,2014-02-19,0,Ofensivo
1610612743,2014,0,Ofensivo,2014-02-19,0,Ofensivo
1610612744,2014,3,Elite,2014-02-19,3,Elite
1610612745,2014,3,Elite,2014-02-19,3,Elite
1610612746,2014,3,Elite,2014-02-19,3,Elite
1610612747,2014,2,Reconstrução,2014-02-19,2,Reconstrução
1610612748,2014,1,Defensivo,2014-02-19,1,Defensivo
1610612749,2014,2,Reconstrução,2014-02-19,2,Reconstrução
1610612750,2014,3,Elite,2014-02-19,0,Ofensivo
1610612751,2014,1,Defensivo,2014-02-19,1,Defensivo
1610612752,2014,1,Defensivo,2014-02-19,1,Defensivo
1610612753,2014,2,Reconstrução,2014-02-19,2,Reconstrução
1610612754,2014,1,Defensivo,2014-02-19,1,Defensivo
1610612755,2014,2,Reconstrução,2014-02-19,2,Reconstrução
1610612756,2014,1,Defensivo,2014-02-19,1,Defensivo
1610612757,2014,3,Elite,2014-02-19,3,Elite
1610612758,2014,0,Ofensivo,2014-02-19,2,Reconstrução
1610612759,2014,3,Elite,2014-02-19,3,Elite
1610612760,2014,3,Elite,2014-02-19,0,Ofensivo
1610612761,2014,1,Defensivo,2014-02-19,0,Ofensivo
1610612762,2014,2,Reconstrução,2014-02-19,2,Reconstrução
1610612763,2014,1,Defensivo,2014-02-19,1,Defensivo
1610612764,2014,0,Ofensivo,2014-02-19,0,Ofensivo
1610612765,2014,2,Reconstrução,2014-02-19,2,Reconstrução
1610612766,2014,1,Defensivo,2014-02-19,1,Defensivo
1610612737,2014,3,Elite,2014-01-21,1,Defensivo
1610612738,2014,2,Reconstrução,2014-01-21,2,Reconstrução
1610612739,2014,2,Reconstrução,2014-01-21,1,Defensivo
1610612740,2014,0,Ofensivo,2014-01-21,1,Defensivo
1610612741,2014,0,Ofensivo,2014-01-21,1,Defensivo
1610612742,2014,3,Elite,2014-01-21,3,Elite
1610612743,2014,0,Ofensivo,2014-01-21,0,Ofensivo
1610612744,2014,3,Elite,2014-01-21,3,Elite
1610612745,2014,3,Elite,2014-01-21,3,Elite
1610612746,2014,3,Elite,2014-01-21,3,Elite
1610612747,2014,2,Reconstrução,2014-01-21,2,Reconstrução
1610612748,2014,1,Defensivo,2014-01-21,1,Defensivo
1610612749,2014,2,Reconstrução,2014-01-21,2,Reconstrução
1610612750,2014,3,Elite,2014-01-21,0,Ofensivo
1610612751,2014,1,Defensivo,2014-01-21,1,Defensivo
1610612752,2014,2,Reconstrução,2014-01-21,1,Defensivo
1610612753,2014,2,Reconstrução,2014-01-21,2,Reconstrução
1610612754,2014,1,Defensivo,2014-01-21,1,Defensivo
1610612755,2014,2,Reconstrução,2014-01-21,2,Reconstrução
1610612756,2014,1,Defensivo,2014-01-21,3,Elite
1610612757,2014,3,Elite,2014-01-21,0,Ofensivo
1610612758,2014,2,Reconstrução,2014-01-21,2,Reconstrução
1610612759,2014,3,Elite,2014-01-21,3,Elite
1610612760,2014,3,Elite,2014-01-21,3,Elite
1610612761,2014,1,Defensivo,2014-01-21,0,Ofensivo
1610612762,2014,2,Reconstrução,2014-01-21,2,Reconstrução
1610612763,2014,1,Defensivo,2014-01-21,1,Defensivo
1610612764,2014,1,Defensivo,2014-01-21,0,Ofensivo
1610612765,2014,2,Reconstrução,2014-01-21,2,Reconstrução
1610612766,2014,1,Defensivo,2014-01-21,1,Defensivo
1610612737,2014,0,Ofensivo,2014-01-15,1,Defensivo
1610612738,2014,2,Reconstrução,2014-01-15,2,Reconstrução
1610612739,2014,2,Reconstrução,2014-01-15,1,Defensivo
1610612740,2014,0,Ofensivo,2014-01-15,1,Defensivo
1610612741,2014,1,Defensivo,2014-01-15,1,Defensivo
1610612742,2014,1,Defensivo,2014-01-15,3,Elite
1610612743,2014,0,Ofensivo,2014-01-15,0,Ofensivo
1610612744,2014,3,Elite,2014-01-15,3,Elite
1610612745,2014,3,Elite,2014-01-15,3,Elite
1610612746,2014,3,Elite,2014-01-15,3,Elite
1610612747,2014,2,Reconstrução,2014-01-15,2,Reconstrução
1610612748,2014,1,Defensivo,2014-01-15,1,Defensivo
1610612749,2014,2,Reconstrução,2014-01-15,2,Reconstrução
1610612750,2014,3,Elite,2014-01-15,0,Ofensivo
1610612751,2014,2,Reconstrução,2014-01-15,1,Defensivo
1610612752,2014,1,Defensivo,2014-01-15,1,Defensivo
1610612753,2014,2,Reconstrução,2014-01-15,2,Reconstrução
1610612754,2014,1,Defensivo,2014-01-15,1,Defensivo
1610612755,2014,0,Ofensivo,2014-01-15,2,Reconstrução
1610612756,2014,1,Defensivo,2014-01-15,3,Elite
1610612757,2014,3,Elite,2014-01-15,0,Ofensivo
1610612758,2014,2,Reconstrução,2014-01-15,2,Reconstrução
1610612759,2014,3,Elite,2014-01-15,3,Elite
1610612760,2014,3,Elite,2014-01-15,3,Elite
1610612761,2014,1,Defensivo,2014-01-15,0,Ofensivo
1610612762,2014,2,Reconstrução,2014-01-15,2,Reconstrução
1610612763,2014,1,Defensivo,2014-01-15,1,Defensivo
1610612764,2014,1,Defensivo,2014-01-15,0,Ofensivo
1610612765,2014,2,Reconstrução,2014-01-15,2,Reconstrução
1610612766,2014,2,Reconstrução,2014-01-15,1,Defensivo
1610612737,2014,0,Ofensivo,2014-01-07,1,Defensivo
1610612738,2014,2,Reconstrução,2014-01-07,2,Reconstrução
1610612739,2014,2,Reconstrução,2014-01-07,1,Defensivo
1610612740,2014,0,Ofensivo,2014-01-07,2,Reconstrução
1610612741,2014,1,Defensivo,2014-01-07,1,Defensivo
1610612742,2014,1,Defensivo,2014-01-07,3,Elite
1610612743,2014,0,Ofensivo,2014-01-07,0,Ofensivo
1610612744,2014,3,Elite,2014-01-07,3,Elite
1610612745,2014,3,Elite,2014-01-07,3,Elite
1610612746,2014,3,Elite,2014-01-07,3,Elite
1610612747,2014,2,Reconstrução,2014-01-07,2,Reconstrução
1610612748,2014,1,Defensivo,2014-01-07,1,Defensivo
1610612749,2014,2,Reconstrução,2014-01-07,2,Reconstrução
1610612750,2014,3,Elite,2014-01-07,0,Ofensivo
1610612751,2014,2,Reconstrução,2014-01-07,1,Defensivo
1610612752,2014,2,Reconstrução,2014-01-07,1,Defensivo
1610612753,2014,2,Reconstrução,2014-01-07,2,Reconstrução
1610612754,2014,1,Defensivo,2014-01-07,1,Defensivo
1610612755,2014,0,Ofensivo,2014-01-07,2,Reconstrução
1610612756,2014,1,Defensivo,2014-01-07,0,Ofensivo
1610612757,2014,3,Elite,2014-01-07,3,Elite
1610612758,2014,2,Reconstrução,2014-01-07,2,Reconstrução
1610612759,2014,3,Elite,2014-01-07,3,Elite
1610612760,2014,3,Elite,2014-01-07,3,Elite
1610612761,2014,1,Defensivo,2014-01-07,0,Ofensivo
1610612762,2014,2,Reconstrução,2014-01-07,2,Reconstrução
1610612763,2014,1,Defensivo,2014-01-07,1,Defensivo
1610612764,2014,0,Ofensivo,2014-01-07,0,Ofensivo
1610612765,2014,2,Reconstrução,2014-01-07,2,Reconstrução
1610612766,2014,2,Reconstrução,2014-01-07,1,Defensivo
1610612737,2014,3,Elite,2014-01-06,1,Defensivo
1610612738,2014,2,Reconstrução,2014-01-06,2,Reconstrução
1610612739,2014,2,Reconstrução,2014-01-06,1,Defensivo
1610612740,2014,0,Ofensivo,2014-01-06,2,Reconstrução
1610612741,2014,1,Defensivo,2014-01-06,1,Defensivo
1610612742,2014,1,Defensivo,2014-01-06,3,Elite
1610612743,2014,0,Ofensivo,2014-01-06,0,Ofensivo
1610612744,2014,3,Elite,2014-01-06,3,Elite
1610612745,2014,3,Elite,2014-01-06,3,Elite
1610612746,2014,3,Elite,2014-01-06,3,Elite
1610612747,2014,2,Reconstrução,2014-01-06,2,Reconstrução
1610612748,2014,1,Defensivo,2014-01-06,1,Defensivo
1610612749,2014,2,Reconstrução,2014-01-06,2,Reconstrução
1610612750,2014,1,Defensivo,2014-01-06,0,Ofensivo
1610612751,2014,2,Reconstrução,2014-01-06,1,Defensivo
1610612752,2014,2,Reconstrução,2014-01-06,1,Defensivo
1610612753,2014,2,Reconstrução,2014-01-06,2,Reconstrução
1610612754,2014,1,Defensivo,2014-01-06,1,Defensivo
1610612755,2014,0,Ofensivo,2014-01-06,2,Reconstrução
1610612756,2014,1,Defensivo,2014-01-06,0,Ofensivo
1610612757,2014,3,Elite,2014-01-06,3,Elite
1610612758,2014,2,Reconstrução,2014-01-06,2,Reconstrução
1610612759,2014,3,Elite,2014-01-06,3,Elite
1610612760,2014,3,Elite,2014-01-06,3,Elite
1610612761,2014,1,Defensivo,2014-01-06,0,Ofensivo
1610612762,2014,2,Reconstrução,2014-01-06,2,Reconstrução
1610612763,2014,1,Defensivo,2014-01-06,1,Defensivo
1610612764,2014,0,Ofensivo,2014-01-06,0,Ofensivo
1610612765,2014,2,Reconstrução,2014-01-06,2,Reconstrução
1610612766,2014,2,Reconstrução,2014-01-06,1,Defensivo
1610612737,2014,1,Defensivo,2013-12-08,3,Elite
1610612738,2014,2,Reconstrução,2013-12-08,2,Reconstrução
1610612739,2014,2,Reconstrução,2013-12-08,0,Ofensivo
1610612740,2014,0,Ofensivo,2013-12-08,2,Reconstrução
1610612741,2014,0,Ofensivo,2013-12-08,1,Defensivo
1610612742,2014,1,Defensivo,2013-12-08,3,Elite
1610612743,2014,0,Ofensivo,2013-12-08,0,Ofensivo
1610612744,2014,3,Elite,2013-12-08,3,Elite
1610612745,2014,3,Elite,2013-12-08,3,Elite
1610612746,2014,3,Elite,2013-12-08,3,Elite
1610612747,2014,1,Defensivo,2013-12-08,2,Reconstrução
1610612748,2014,1,Defensivo,2013-12-08,1,Defensivo
1610612749,2014,2,Reconstrução,2013-12-08,2,Reconstrução
1610612750,2014,1,Defensivo,2013-12-08,0,Ofensivo
1610612751,2014,2,Reconstrução,2013-12-08,1,Defensivo
1610612752,2014,2,Reconstrução,2013-12-08,1,Defensivo
1610612753,2014,2,Reconstrução,2013-12-08,2,Reconstrução
1610612754,2014,1,Defensivo,2013-12-08,1,Defensivo
1610612755,2014,0,Ofensivo,2013-12-08,2,Reconstrução
1610612756,2014,1,Defensivo,2013-12-08,3,Elite
1610612757,2014,3,Elite,2013-12-08,3,Elite
1610612758,2014,2,Reconstrução,2013-12-08,2,Reconstrução
1610612759,2014,3,Elite,2013-12-08,3,Elite
1610612760,2014,0,Ofensivo,2013-12-08,3,Elite
1610612761,2014,0,Ofensivo,2013-12-08,0,Ofensivo
1610612762,2014,2,Reconstrução,2013-12-08,2,Reconstrução
1610612763,2014,1,Defensivo,2013-12-08,1,Defensivo
1610612764,2014,0,Ofensivo,2013-12-08,0,Ofensivo
1610612765,2014,0,Ofensivo,2013-12-08,2,Reconstrução
1610612766,2014,2,Reconstrução,2013-12-08,1,Defensivo
1610612737,2014,1,Defensivo,2013-11-26,1,Defensivo
1610612738,2014,2,Reconstrução,2013-11-26,2,Reconstrução
1610612739,2014,2,Reconstrução,2013-11-26,0,Ofensivo
1610612740,2014,1,Defensivo,2013-11-26,0,Ofensivo
1610612741,2014,1,Defensivo,2013-11-26,1,Defensivo
1610612742,2014,3,Elite,2013-11-26,3,Elite
1610612743,2014,0,Ofensivo,2013-11-26,0,Ofensivo
1610612744,2014,3,Elite,2013-11-26,3,Elite
1610612745,2014,0,Ofensivo,2013-11-26,3,Elite
1610612746,2014,3,Elite,2013-11-26,3,Elite
1610612747,2014,2,Reconstrução,2013-11-26,2,Reconstrução
1610612748,2014,3,Elite,2013-11-26,1,Defensivo
1610612749,2014,2,Reconstrução,2013-11-26,2,Reconstrução
1610612750,2014,3,Elite,2013-11-26,0,Ofensivo
1610612751,2014,2,Reconstrução,2013-11-26,1,Defensivo
1610612752,2014,2,Reconstrução,2013-11-26,1,Defensivo
1610612753,2014,2,Reconstrução,2013-11-26,2,Reconstrução
1610612754,2014,1,Defensivo,2013-11-26,1,Defensivo
1610612755,2014,0,Ofensivo,2013-11-26,2,Reconstrução
1610612756,2014,1,Defensivo,2013-11-26,3,Elite
1610612757,2014,3,Elite,2013-11-26,3,Elite
1610612758,2014,2,Reconstrução,2013-11-26,2,Reconstrução
1610612759,2014,3,Elite,2013-11-26,3,Elite
1610612760,2014,0,Ofensivo,2013-11-26,3,Elite
1610612761,2014,0,Ofensivo,2013-11-26,0,Ofensivo
1610612762,2014,2,Reconstrução,2013-11-26,2,Reconstrução
1610612763,2014,1,Defensivo,2013-11-26,1,Defensivo
1610612764,2014,0,Ofensivo,2013-11-26,0,Ofensivo
1610612765,2014,2,Reconstrução,2013-11-26,2,Reconstrução
1610612766,2014,2,Reconstrução,2013-11-26,1,Defensivo
1610612737,2015,3,Elite,2015-02-19,3,Elite
1610612738,2015,0,Ofensivo,2015-02-19,0,Ofensivo
1610612739,2015,3,Elite,2015-02-19,3,Elite
1610612740,2015,1,Defensivo,2015-02-19,1,Defensivo
1610612741,2015,0,Ofensivo,2015-02-19,1,Defensivo
1610612742,2015,3,Elite,2015-02-19,0,Ofensivo
1610612743,2015,0,Ofensivo,2015-02-19,0,Ofensivo
1610612744,2015,3,Elite,2015-02-19,3,Elite
1610612745,2015,3,Elite,2015-02-19,3,Elite
1610612746,2015,3,Elite,2015-02-19,3,Elite
1610612747,2015,2,Reconstrução,2015-02-19,2,Reconstrução
1610612748,2015,1,Defensivo,2015-02-19,1,Defensivo
1610612749,2015,1,Defensivo,2015-02-19,0,Ofensivo
1610612750,2015,2,Reconstrução,2015-02-19,2,Reconstrução
1610612751,2015,2,Reconstrução,2015-02-19,0,Ofensivo
1610612752,2015,2,Reconstrução,2015-02-19,2,Reconstrução
1610612753,2015,2,Reconstrução,2015-02-19,2,Reconstrução
1610612754,2015,1,Defensivo,2015-02-19,1,Defensivo
1610612755,2015,2,Reconstrução,2015-02-19,2,Reconstrução
1610612756,2015,0,Ofensivo,2015-02-19,2,Reconstrução
1610612757,2015,3,Elite,2015-02-19,3,Elite
1610612758,2015,2,Reconstrução,2015-02-19,0,Ofensivo
1610612759,2015,0,Ofensivo,2015-02-19,3,Elite
1610612760,2015,0,Ofensivo,2015-02-19,0,Ofensivo
1610612761,2015,3,Elite,2015-02-19,1,Defensivo
1610612762,2015,1,Defensivo,2015-02-19,1,Defensivo
1610612763,2015,0,Ofensivo,2015-02-19,1,Defensivo
1610612764,2015,1,Defensivo,2015-02-19,0,Ofensivo
1610612765,2015,1,Defensivo,2015-02-19,1,Defensivo
1610612766,2015,1,Defensivo,2015-02-19,1,Defensivo
1610612737,2015,3,Elite,2015-01-05,3,Elite
1610612738,2015,0,Ofensivo,2015-01-05,0,Ofensivo
1610612739,2015,1,Defensivo,2015-01-05,3,Elite
1610612740,2015,1,Defensivo,2015-01-05,1,Defensivo
1610612741,2015,0,Ofensivo,2015-01-05,1,Defensivo
1610612742,2015,3,Elite,2015-01-05,0,Ofensivo
1610612743,2015,0,Ofensivo,2015-01-05,0,Ofensivo
1610612744,2015,3,Elite,2015-01-05,3,Elite
1610612745,2015,3,Elite,2015-01-05,3,Elite
1610612746,2015,3,Elite,2015-01-05,3,Elite
1610612747,2015,0,Ofensivo,2015-01-05,2,Reconstrução
1610612748,2015,1,Defensivo,2015-01-05,1,Defensivo
1610612749,2015,0,Ofensivo,2015-01-05,0,Ofensivo
1610612750,2015,2,Reconstrução,2015-01-05,2,Reconstrução
1610612751,2015,1,Defensivo,2015-01-05,1,Defensivo
1610612752,2015,2,Reconstrução,2015-01-05,2,Reconstrução
1610612753,2015,2,Reconstrução,2015-01-05,2,Reconstrução
1610612754,2015,1,Defensivo,2015-01-05,1,Defensivo
1610612755,2015,2,Reconstrução,2015-01-05,2,Reconstrução
1610612756,2015,3,Elite,2015-01-05,2,Reconstrução
1610612757,2015,3,Elite,2015-01-05,1,Defensivo
1610612758,2015,0,Ofensivo,2015-01-05,2,Reconstrução
1610612759,2015,0,Ofensivo,2015-01-05,3,Elite
1610612760,2015,0,Ofensivo,2015-01-05,0,Ofensivo
1610612761,2015,3,Elite,2015-01-05,1,Defensivo
1610612762,2015,1,Defensivo,2015-01-05,1,Defensivo
1610612763,2015,0,Ofensivo,2015-01-05,1,Defensivo
1610612764,2015,0,Ofensivo,2015-01-05,0,Ofensivo
1610612765,2015,2,Reconstrução,2015-01-05,1,Defensivo
1610612766,2015,2,Reconstrução,2015-01-05,1,Defensivo
1610612737,2015,3,Elite,2015-02-10,3,Elite
1610612738,2015,0,Ofensivo,2015-02-10,0,Ofensivo
1610612739,2015,3,Elite,2015-02-10,3,Elite
1610612740,2015,1,Defensivo,2015-02-10,1,Defensivo
1610612741,2015,0,Ofensivo,2015-02-10,1,Defensivo
1610612742,2015,3,Elite,2015-02-10,0,Ofensivo
1610612743,2015,2,Reconstrução,2015-02-10,0,Ofensivo
1610612744,2015,3,Elite,2015-02-10,3,Elite
1610612745,2015,3,Elite,2015-02-10,3,Elite
1610612746,2015,3,Elite,2015-02-10,3,Elite
1610612747,2015,0,Ofensivo,2015-02-10,2,Reconstrução
1610612748,2015,1,Defensivo,2015-02-10,1,Defensivo
1610612749,2015,1,Defensivo,2015-02-10,0,Ofensivo
1610612750,2015,2,Reconstrução,2015-02-10,2,Reconstrução
1610612751,2015,2,Reconstrução,2015-02-10,0,Ofensivo
1610612752,2015,2,Reconstrução,2015-02-10,2,Reconstrução
1610612753,2015,2,Reconstrução,2015-02-10,2,Reconstrução
1610612754,2015,1,Defensivo,2015-02-10,1,Defensivo
1610612755,2015,2,Reconstrução,2015-02-10,2,Reconstrução
1610612756,2015,0,Ofensivo,2015-02-10,2,Reconstrução
1610612757,2015,3,Elite,2015-02-10,3,Elite
1610612758,2015,0,Ofensivo,2015-02-10,2,Reconstrução
1610612759,2015,0,Ofensivo,2015-02-10,3,Elite
1610612760,2015,0,Ofensivo,2015-02-10,0,Ofensivo
1610612761,2015,3,Elite,2015-02-10,1,Defensivo
1610612762,2015,1,Defensivo,2015-02-10,1,Defensivo
1610612763,2015,0,Ofensivo,2015-02-10,1,Defensivo
1610612764,2015,1,Defensivo,2015-02-10,0,Ofensivo
1610612765,2015,2,Reconstrução,2015-02-10,1,Defensivo
1610612766,2015,1,Defensivo,2015-02-10,1,Defensivo
1610612737,2015,3,Elite,2015-01-15,3,Elite
1610612738,2015,0,Ofensivo,2015-01-15,0,Ofensivo
1610612739,2015,1,Defensivo,2015-01-15,3,Elite
1610612740,2015,1,Defensivo,2015-01-15,1,Defensivo
1610612741,2015,0,Ofensivo,2015-01-15,1,Defensivo
1610612742,2015,3,Elite,2015-01-15,0,Ofensivo
1610612743,2015,0,Ofensivo,2015-01-15,0,Ofensivo
1610612744,2015,3,Elite,2015-01-15,3,Elite
1610612745,2015,3,Elite,2015-01-15,3,Elite
1610612746,2015,3,Elite,2015-01-15,3,Elite
1610612747,2015,0,Ofensivo,2015-01-15,2,Reconstrução
1610612748,2015,1,Defensivo,2015-01-15,1,Defensivo
1610612749,2015,0,Ofensivo,2015-01-15,0,Ofensivo
1610612750,2015,2,Reconstrução,2015-01-15,2,Reconstrução
1610612751,2015,1,Defensivo,2015-01-15,0,Ofensivo
1610612752,2015,2,Reconstrução,2015-01-15,2,Reconstrução
1610612753,2015,2,Reconstrução,2015-01-15,2,Reconstrução
1610612754,2015,1,Defensivo,2015-01-15,1,Defensivo
1610612755,2015,2,Reconstrução,2015-01-15,2,Reconstrução
1610612756,2015,0,Ofensivo,2015-01-15,2,Reconstrução
1610612757,2015,3,Elite,2015-01-15,1,Defensivo
1610612758,2015,0,Ofensivo,2015-01-15,2,Reconstrução
1610612759,2015,0,Ofensivo,2015-01-15,3,Elite
1610612760,2015,0,Ofensivo,2015-01-15,0,Ofensivo
1610612761,2015,3,Elite,2015-01-15,1,Defensivo
1610612762,2015,1,Defensivo,2015-01-15,1,Defensivo
1610612763,2015,0,Ofensivo,2015-01-15,1,Defensivo
1610612764,2015,1,Defensivo,2015-01-15,0,Ofensivo
1610612765,2015,1,Defensivo,2015-01-15,1,Defensivo
1610612766,2015,2,Reconstrução,2015-01-15,1,Defensivo
1610612737,2015,3,Elite,2015-01-13,3,Elite
1610612738,2015,0,Ofensivo,2015-01-13,0,Ofensivo
1610612739,2015,1,Defensivo,2015-01-13,3,Elite
1610612740,2015,1,Defensivo,2015-01-13,1,Defensivo
1610612741,2015,0,Ofensivo,2015-01-13,1,Defensivo
1610612742,2015,3,Elite,2015-01-13,0,Ofensivo
1610612743,2015,0,Ofensivo,2015-01-13,0,Ofensivo
1610612744,2015,3,Elite,2015-01-13,3,Elite
1610612745,2015,3,Elite,2015-01-13,3,Elite
1610612746,2015,3,Elite,2015-01-13,3,Elite
1610612747,2015,0,Ofensivo,2015-01-13,2,Reconstrução
1610612748,2015,1,Defensivo,2015-01-13,1,Defensivo
1610612749,2015,0,Ofensivo,2015-01-13,0,Ofensivo
1610612750,2015,2,Reconstrução,2015-01-13,2,Reconstrução
1610612751,2015,1,Defensivo,2015-01-13,0,Ofensivo
1610612752,2015,2,Reconstrução,2015-01-13,2,Reconstrução
1610612753,2015,2,Reconstrução,2015-01-13,2,Reconstrução
1610612754,2015,1,Defensivo,2015-01-13,1,Defensivo
1610612755,2015,2,Reconstrução,2015-01-13,2,Reconstrução
1610612756,2015,0,Ofensivo,2015-01-13,2,Reconstrução
1610612757,2015,3,Elite,2015-01-13,1,Defensivo
1610612758,2015,0,Ofensivo,2015-01-13,2,Reconstrução
1610612759,2015,0,Ofensivo,2015-01-13,3,Elite
1610612760,2015,0,Ofensivo,2015-01-13,0,Ofensivo
1610612761,2015,3,Elite,2015-01-13,1,Defensivo
1610612762,2015,1,Defensivo,2015-01-13,1,Defensivo
1610612763,2015,0,Ofensivo,2015-01-13,1,Defensivo
1610612764,2015,1,Defensivo,2015-01-13,0,Ofensivo
1610612765,2015,1,Defensivo,2015-01-13,1,Defensivo
1610612766,2015,2,Reconstrução,2015-01-13,1,Defensivo
1610612737,2015,3,Elite,2015-01-12,3,Elite
1610612738,2015,0,Ofensivo,2015-01-12,0,Ofensivo
1610612739,2015,1,Defensivo,2015-01-12,3,Elite
1610612740,2015,1,Defensivo,2015-01-12,1,Defensivo
1610612741,2015,0,Ofensivo,2015-01-12,1,Defensivo
1610612742,2015,3,Elite,2015-01-12,0,Ofensivo
1610612743,2015,0,Ofensivo,2015-01-12,0,Ofensivo
1610612744,2015,3,Elite,2015-01-12,3,Elite
1610612745,2015,3,Elite,2015-01-12,3,Elite
1610612746,2015,3,Elite,2015-01-12,3,Elite
1610612747,2015,0,Ofensivo,2015-01-12,2,Reconstrução
1610612748,2015,1,Defensivo,2015-01-12,1,Defensivo
1610612749,2015,0,Ofensivo,2015-01-12,0,Ofensivo
1610612750,2015,2,Reconstrução,2015-01-12,2,Reconstrução
1610612751,2015,1,Defensivo,2015-01-12,0,Ofensivo
1610612752,2015,2,Reconstrução,2015-01-12,2,Reconstrução
1610612753,2015,2,Reconstrução,2015-01-12,2,Reconstrução
1610612754,2015,1,Defensivo,2015-01-12,1,Defensivo
1610612755,2015,2,Reconstrução,2015-01-12,2,Reconstrução
1610612756,2015,0,Ofensivo,2015-01-12,2,Reconstrução
1610612757,2015,3,Elite,2015-01-12,1,Defensivo
1610612758,2015,0,Ofensivo,2015-01-12,2,Reconstrução
1610612759,2015,0,Ofensivo,2015-01-12,3,Elite
1610612760,2015,0,Ofensivo,2015-01-12,0,Ofensivo
1610612761,2015,3,Elite,2015-01-12,1,Defensivo
1610612762,2015,1,Defensivo,2015-01-12,1,Defensivo
1610612763,2015,0,Ofensivo,2015-01-12,1,Defensivo
1610612764,2015,1,Defensivo,2015-01-12,0,Ofensivo
1610612765,2015,1,Defensivo,2015-01-12,1,Defensivo
1610612766,2015,2,Reconstrução,2015-01-12,1,Defensivo
1610612737,2015,3,Elite,2015-01-09,3,Elite
1610612738,2015,0,Ofensivo,2015-01-09,0,Ofensivo
1610612739,2015,1,Defensivo,2015-01-09,3,Elite
1610612740,2015,1,Defensivo,2015-01-09,1,Defensivo
1610612741,2015,0,Ofensivo,2015-01-09,1,Defensivo
1610612742,2015,3,Elite,2015-01-09,0,Ofensivo
1610612743,2015,0,Ofensivo,2015-01-09,0,Ofensivo
1610612744,2015,3,Elite,2015-01-09,3,Elite
1610612745,2015,3,Elite,2015-01-09,3,Elite
1610612746,2015,3,Elite,2015-01-09,3,Elite
1610612747,2015,0,Ofensivo,2015-01-09,2,Reconstrução
1610612748,2015,1,Defensivo,2015-01-09,1,Defensivo
1610612749,2015,0,Ofensivo,2015-01-09,0,Ofensivo
1610612750,2015,2,Reconstrução,2015-01-09,2,Reconstrução
1610612751,2015,1,Defensivo,2015-01-09,1,Defensivo
1610612752,2015,2,Reconstrução,2015-01-09,2,Reconstrução
1610612753,2015,2,Reconstrução,2015-01-09,2,Reconstrução
1610612754,2015,1,Defensivo,2015-01-09,1,Defensivo
1610612755,2015,2,Reconstrução,2015-01-09,2,Reconstrução
1610612756,2015,3,Elite,2015-01-09,2,Reconstrução
1610612757,2015,3,Elite,2015-01-09,1,Defensivo
1610612758,2015,0,Ofensivo,2015-01-09,2,Reconstrução
1610612759,2015,0,Ofensivo,2015-01-09,3,Elite
1610612760,2015,0,Ofensivo,2015-01-09,0,Ofensivo
1610612761,2015,3,Elite,2015-01-09,1,Defensivo
1610612762,2015,1,Defensivo,2015-01-09,1,Defensivo
1610612763,2015,0,Ofensivo,2015-01-09,1,Defensivo
1610612764,2015,1,Defensivo,2015-01-09,0,Ofensivo
1610612765,2015,1,Defensivo,2015-01-09,1,Defensivo
1610612766,2015,2,Reconstrução,2015-01-09,1,Defensivo
1610612737,2015,3,Elite,2015-01-07,3,Elite
1610612738,2015,0,Ofensivo,2015-01-07,0,Ofensivo
1610612739,2015,1,Defensivo,2015-01-07,3,Elite
1610612740,2015,1,Defensivo,2015-01-07,1,Defensivo
1610612741,2015,0,Ofensivo,2015-01-07,1,Defensivo
1610612742,2015,3,Elite,2015-01-07,0,Ofensivo
1610612743,2015,0,Ofensivo,2015-01-07,0,Ofensivo
1610612744,2015,3,Elite,2015-01-07,3,Elite
1610612745,2015,3,Elite,2015-01-07,3,Elite
1610612746,2015,3,Elite,2015-01-07,3,Elite
1610612747,2015,0,Ofensivo,2015-01-07,2,Reconstrução
1610612748,2015,1,Defensivo,2015-01-07,1,Defensivo
1610612749,2015,0,Ofensivo,2015-01-07,0,Ofensivo
1610612750,2015,2,Reconstrução,2015-01-07,2,Reconstrução
1610612751,2015,1,Defensivo,2015-01-07,1,Defensivo
1610612752,2015,2,Reconstrução,2015-01-07,2,Reconstrução
1610612753,2015,2,Reconstrução,2015-01-07,2,Reconstrução
1610612754,2015,1,Defensivo,2015-01-07,1,Defensivo
1610612755,2015,2,Reconstrução,2015-01-07,2,Reconstrução
1610612756,2015,3,Elite,2015-01-07,2,Reconstrução
1610612757,2015,3,Elite,2015-01-07,1,Defensivo
1610612758,2015,0,Ofensivo,2015-01-07,2,Reconstrução
1610612759,2015,0,Ofensivo,2015-01-07,3,Elite
1610612760,2015,0,Ofensivo,2015-01-07,0,Ofensivo
1610612761,2015,3,Elite,2015-01-07,1,Defensivo
1610612762,2015,1,Defensivo,2015-01-07,1,Defensivo
1610612763,2015,0,Ofensivo,2015-01-07,1,Defensivo
1610612764,2015,1,Defensivo,2015-01-07,0,Ofensivo
1610612765,2015,2,Reconstrução,2015-01-07,1,Defensivo
1610612766,2015,2,Reconstrução,2015-01-07,1,Defensivo
1610612737,2015,3,Elite,2014-12-24,3,Elite
1610612738,2015,0,Ofensivo,2014-12-24,0,Ofensivo
1610612739,2015,3,Elite,2014-12-24,3,Elite
1610612740,2015,0,Ofensivo,2014-12-24,1,Defensivo
1610612741,2015,0,Ofensivo,2014-12-24,0,Ofensivo
1610612742,2015,3,Elite,2014-12-24,3,Elite
1610612743,2015,0,Ofensivo,2014-12-24,0,Ofensivo
1610612744,2015,3,Elite,2014-12-24,3,Elite
1610612745,2015,0,Ofensivo,2014-12-24,3,Elite
1610612746,2015,3,Elite,2014-12-24,3,Elite
1610612747,2015,0,Ofensivo,2014-12-24,2,Reconstrução
1610612748,2015,1,Defensivo,2014-12-24,1,Defensivo
1610612749,2015,0,Ofensivo,2014-12-24,0,Ofensivo
1610612750,2015,2,Reconstrução,2014-12-24,2,Reconstrução
1610612751,2015,1,Defensivo,2014-12-24,1,Defensivo
1610612752,2015,2,Reconstrução,2014-12-24,2,Reconstrução
1610612753,2015,2,Reconstrução,2014-12-24,2,Reconstrução
1610612754,2015,1,Defensivo,2014-12-24,1,Defensivo
1610612755,2015,2,Reconstrução,2014-12-24,2,Reconstrução
1610612756,2015,3,Elite,2014-12-24,0,Ofensivo
1610612757,2015,3,Elite,2014-12-24,1,Defensivo
1610612758,2015,0,Ofensivo,2014-12-24,2,Reconstrução
1610612759,2015,0,Ofensivo,2014-12-24,3,Elite
1610612760,2015,1,Defensivo,2014-12-24,0,Ofensivo
1610612761,2015,3,Elite,2014-12-24,1,Defensivo
1610612762,2015,2,Reconstrução,2014-12-24,1,Defensivo
1610612763,2015,0,Ofensivo,2014-12-24,1,Defensivo
1610612764,2015,0,Ofensivo,2014-12-24,0,Ofensivo
1610612765,2015,2,Reconstrução,2014-12-24,3,Elite
1610612766,2015,2,Reconstrução,2014-12-24,1,Defensivo
1610612737,2015,3,Elite,2014-12-19,3,Elite
1610612738,2015,0,Ofensivo,2014-12-19,0,Ofensivo
1610612739,2015,3,Elite,2014-12-19,3,Elite
1610612740,2015,0,Ofensivo,2014-12-19,1,Defensivo
1610612741,2015,0,Ofensivo,2014-12-19,0,Ofensivo
1610612742,2015,3,Elite,2014-12-19,0,Ofensivo
1610612743,2015,0,Ofensivo,2014-12-19,0,Ofensivo
1610612744,2015,3,Elite,2014-12-19,3,Elite
1610612745,2015,0,Ofensivo,2014-12-19,3,Elite
1610612746,2015,3,Elite,2014-12-19,3,Elite
1610612747,2015,0,Ofensivo,2014-12-19,2,Reconstrução
1610612748,2015,1,Defensivo,2014-12-19,1,Defensivo
1610612749,2015,0,Ofensivo,2014-12-19,0,Ofensivo
1610612750,2015,2,Reconstrução,2014-12-19,2,Reconstrução
1610612751,2015,1,Defensivo,2014-12-19,1,Defensivo
1610612752,2015,2,Reconstrução,2014-12-19,2,Reconstrução
1610612753,2015,2,Reconstrução,2014-12-19,2,Reconstrução
1610612754,2015,2,Reconstrução,2014-12-19,1,Defensivo
1610612755,2015,2,Reconstrução,2014-12-19,2,Reconstrução
1610612756,2015,0,Ofensivo,2014-12-19,0,Ofensivo
1610612757,2015,1,Defensivo,2014-12-19,3,Elite
1610612758,2015,0,Ofensivo,2014-12-19,2,Reconstrução
1610612759,2015,3,Elite,2014-12-19,3,Elite
1610612760,2015,1,Defensivo,2014-12-19,0,Ofensivo
1610612761,2015,3,Elite,2014-12-19,0,Ofensivo
1610612762,2015,2,Reconstrução,2014-12-19,1,Defensivo
1610612763,2015,0,Ofensivo,2014-12-19,1,Defensivo
1610612764,2015,0,Ofensivo,2014-12-19,0,Ofensivo
1610612765,2015,2,Reconstrução,2014-12-19,3,Elite
1610612766,2015,2,Reconstrução,2014-12-19,1,Defensivo
1610612737,2015,3,Elite,2014-12-18,3,Elite
1610612738,2015,0,Ofensivo,2014-12-18,0,Ofensivo
1610612739,2015,3,Elite,2014-12-18,3,Elite
1610612740,2015,0,Ofensivo,2014-12-18,1,Defensivo
1610612741,2015,0,Ofensivo,2014-12-18,0,Ofensivo
1610612742,2015,3,Elite,2014-12-18,0,Ofensivo
1610612743,2015,0,Ofensivo,2014-12-18,0,Ofensivo
1610612744,2015,3,Elite,2014-12-18,3,Elite
1610612745,2015,0,Ofensivo,2014-12-18,3,Elite
1610612746,2015,3,Elite,2014-12-18,3,Elite
1610612747,2015,0,Ofensivo,2014-12-18,2,Reconstrução
1610612748,2015,1,Defensivo,2014-12-18,1,Defensivo
1610612749,2015,0,Ofensivo,2014-12-18,0,Ofensivo
1610612750,2015,2,Reconstrução,2014-12-18,2,Reconstrução
1610612751,2015,1,Defensivo,2014-12-18,1,Defensivo
1610612752,2015,2,Reconstrução,2014-12-18,2,Reconstrução
1610612753,2015,2,Reconstrução,2014-12-18,2,Reconstrução
1610612754,2015,2,Reconstrução,2014-12-18,1,Defensivo
1610612755,2015,2,Reconstrução,2014-12-18,2,Reconstrução
1610612756,2015,0,Ofensivo,2014-12-18,0,Ofensivo
1610612757,2015,1,Defensivo,2014-12-18,3,Elite
1610612758,2015,0,Ofensivo,2014-12-18,2,Reconstrução
1610612759,2015,3,Elite,2014-12-18,3,Elite
1610612760,2015,1,Defensivo,2014-12-18,0,Ofensivo
1610612761,2015,3,Elite,2014-12-18,0,Ofensivo
1610612762,2015,2,Reconstrução,2014-12-18,1,Defensivo
1610612763,2015,0,Ofensivo,2014-12-18,1,Defensivo
1610612764,2015,0,Ofensivo,2014-12-18,0,Ofensivo
1610612765,2015,2,Reconstrução,2014-12-18,3,Elite
1610612766,2015,2,Reconstrução,2014-12-18,1,Defensivo
1610612737,2015,3,Elite,2014-12-11,3,Elite
1610612738,2015,0,Ofensivo,2014-12-11,0,Ofensivo
1610612739,2015,3,Elite,2014-12-11,3,Elite
1610612740,2015,1,Defensivo,2014-12-11,1,Defensivo
1610612741,2015,0,Ofensivo,2014-12-11,0,Ofensivo
1610612742,2015,3,Elite,2014-12-11,3,Elite
1610612743,2015,0,Ofensivo,2014-12-11,0,Ofensivo
1610612744,2015,3,Elite,2014-12-11,3,Elite
1610612745,2015,3,Elite,2014-12-11,3,Elite
1610612746,2015,3,Elite,2014-12-11,3,Elite
1610612747,2015,2,Reconstrução,2014-12-11,2,Reconstrução
1610612748,2015,1,Defensivo,2014-12-11,1,Defensivo
1610612749,2015,0,Ofensivo,2014-12-11,0,Ofensivo
1610612750,2015,2,Reconstrução,2014-12-11,2,Reconstrução
1610612751,2015,2,Reconstrução,2014-12-11,1,Defensivo
1610612752,2015,2,Reconstrução,2014-12-11,2,Reconstrução
1610612753,2015,2,Reconstrução,2014-12-11,2,Reconstrução
1610612754,2015,2,Reconstrução,2014-12-11,1,Defensivo
1610612755,2015,2,Reconstrução,2014-12-11,2,Reconstrução
1610612756,2015,3,Elite,2014-12-11,0,Ofensivo
1610612757,2015,3,Elite,2014-12-11,3,Elite
1610612758,2015,0,Ofensivo,2014-12-11,2,Reconstrução
1610612759,2015,1,Defensivo,2014-12-11,3,Elite
1610612760,2015,2,Reconstrução,2014-12-11,0,Ofensivo
1610612761,2015,3,Elite,2014-12-11,1,Defensivo
1610612762,2015,2,Reconstrução,2014-12-11,1,Defensivo
1610612763,2015,1,Defensivo,2014-12-11,1,Defensivo
1610612764,2015,0,Ofensivo,2014-12-11,1,Defensivo
1610612765,2015,2,Reconstrução,2014-12-11,1,Defensivo
1610612766,2015,2,Reconstrução,2014-12-11,1,Defensivo
1610612737,2016,1,Defensivo,2016-02-18,3,Elite
1610612738,2016,0,Ofensivo,2016-02-18,1,Defensivo
1610612739,2016,3,Elite,2016-02-18,3,Elite
1610612740,2016,2,Reconstrução,2016-02-18,0,Ofensivo
1610612741,2016,0,Ofensivo,2016-02-18,1,Defensivo
1610612742,2016,1,Defensivo,2016-02-18,0,Ofensivo
1610612743,2016,0,Ofensivo,2016-02-18,0,Ofensivo
1610612744,2016,3,Elite,2016-02-18,3,Elite
1610612745,2016,0,Ofensivo,2016-02-18,3,Elite
1610612746,2016,3,Elite,2016-02-18,3,Elite
1610612747,2016,2,Reconstrução,2016-02-18,2,Reconstrução
1610612748,2016,1,Defensivo,2016-02-18,0,Ofensivo
1610612749,2016,2,Reconstrução,2016-02-18,0,Ofensivo
1610612750,2016,2,Reconstrução,2016-02-18,0,Ofensivo
1610612751,2016,2,Reconstrução,2016-02-18,2,Reconstrução
1610612752,2016,1,Defensivo,2016-02-18,1,Defensivo
1610612753,2016,0,Ofensivo,2016-02-18,0,Ofensivo
1610612754,2016,0,Ofensivo,2016-02-18,1,Defensivo
1610612755,2016,2,Reconstrução,2016-02-18,2,Reconstrução
1610612756,2016,2,Reconstrução,2016-02-18,2,Reconstrução
1610612757,2016,1,Defensivo,2016-02-18,3,Elite
1610612758,2016,0,Ofensivo,2016-02-18,2,Reconstrução
1610612759,2016,3,Elite,2016-02-18,1,Defensivo
1610612760,2016,3,Elite,2016-02-18,3,Elite
1610612761,2016,1,Defensivo,2016-02-18,1,Defensivo
1610612762,2016,1,Defensivo,2016-02-18,1,Defensivo
1610612763,2016,1,Defensivo,2016-02-18,2,Reconstrução
1610612764,2016,1,Defensivo,2016-02-18,0,Ofensivo
1610612765,2016,0,Ofensivo,2016-02-18,1,Defensivo
1610612766,2016,0,Ofensivo,2016-02-18,3,Elite
1610612737,2016,1,Defensivo,2016-02-16,3,Elite
1610612738,2016,0,Ofensivo,2016-02-16,1,Defensivo
1610612739,2016,3,Elite,2016-02-16,3,Elite
1610612740,2016,2,Reconstrução,2016-02-16,0,Ofensivo
1610612741,2016,0,Ofensivo,2016-02-16,1,Defensivo
1610612742,2016,1,Defensivo,2016-02-16,0,Ofensivo
1610612743,2016,0,Ofensivo,2016-02-16,0,Ofensivo
1610612744,2016,3,Elite,2016-02-16,3,Elite
1610612745,2016,0,Ofensivo,2016-02-16,3,Elite
1610612746,2016,3,Elite,2016-02-16,3,Elite
1610612747,2016,2,Reconstrução,2016-02-16,2,Reconstrução
1610612748,2016,1,Defensivo,2016-02-16,0,Ofensivo
1610612749,2016,2,Reconstrução,2016-02-16,0,Ofensivo
1610612750,2016,2,Reconstrução,2016-02-16,0,Ofensivo
1610612751,2016,2,Reconstrução,2016-02-16,2,Reconstrução
1610612752,2016,1,Defensivo,2016-02-16,1,Defensivo
1610612753,2016,0,Ofensivo,2016-02-16,0,Ofensivo
1610612754,2016,0,Ofensivo,2016-02-16,1,Defensivo
1610612755,2016,2,Reconstrução,2016-02-16,2,Reconstrução
1610612756,2016,2,Reconstrução,2016-02-16,2,Reconstrução
1610612757,2016,1,Defensivo,2016-02-16,3,Elite
1610612758,2016,0,Ofensivo,2016-02-16,2,Reconstrução
1610612759,2016,3,Elite,2016-02-16,1,Defensivo
1610612760,2016,3,Elite,2016-02-16,3,Elite
1610612761,2016,1,Defensivo,2016-02-16,1,Defensivo
1610612762,2016,1,Defensivo,2016-02-16,1,Defensivo
1610612763,2016,1,Defensivo,2016-02-16,2,Reconstrução
1610612764,2016,1,Defensivo,2016-02-16,0,Ofensivo
1610612765,2016,0,Ofensivo,2016-02-16,1,Defensivo
1610612766,2016,0,Ofensivo,2016-02-16,3,Elite
1610612737,2016,1,Defensivo,2016-01-22,3,Elite
1610612738,2016,0,Ofensivo,2016-01-22,3,Elite
1610612739,2016,1,Defensivo,2016-01-22,3,Elite
1610612740,2016,0,Ofensivo,2016-01-22,2,Reconstrução
1610612741,2016,0,Ofensivo,2016-01-22,1,Defensivo
1610612742,2016,1,Defensivo,2016-01-22,0,Ofensivo
1610612743,2016,2,Reconstrução,2016-01-22,0,Ofensivo
1610612744,2016,3,Elite,2016-01-22,3,Elite
1610612745,2016,0,Ofensivo,2016-01-22,3,Elite
1610612746,2016,3,Elite,2016-01-22,3,Elite
1610612747,2016,2,Reconstrução,2016-01-22,2,Reconstrução
1610612748,2016,1,Defensivo,2016-01-22,1,Defensivo
1610612749,2016,2,Reconstrução,2016-01-22,2,Reconstrução
1610612750,2016,2,Reconstrução,2016-01-22,0,Ofensivo
1610612751,2016,2,Reconstrução,2016-01-22,2,Reconstrução
1610612752,2016,1,Defensivo,2016-01-22,2,Reconstrução
1610612753,2016,0,Ofensivo,2016-01-22,0,Ofensivo
1610612754,2016,1,Defensivo,2016-01-22,1,Defensivo
1610612755,2016,2,Reconstrução,2016-01-22,2,Reconstrução
1610612756,2016,2,Reconstrução,2016-01-22,2,Reconstrução
1610612757,2016,1,Defensivo,2016-01-22,3,Elite
1610612758,2016,0,Ofensivo,2016-01-22,0,Ofensivo
1610612759,2016,1,Defensivo,2016-01-22,1,Defensivo
1610612760,2016,3,Elite,2016-01-22,3,Elite
1610612761,2016,1,Defensivo,2016-01-22,1,Defensivo
1610612762,2016,1,Defensivo,2016-01-22,1,Defensivo
1610612763,2016,1,Defensivo,2016-01-22,0,Ofensivo
1610612764,2016,1,Defensivo,2016-01-22,0,Ofensivo
1610612765,2016,0,Ofensivo,2016-01-22,1,Defensivo
1610612766,2016,1,Defensivo,2016-01-22,3,Elite
1610612737,2016,1,Defensivo,2016-01-12,3,Elite
1610612738,2016,0,Ofensivo,2016-01-12,0,Ofensivo
1610612739,2016,1,Defensivo,2016-01-12,3,Elite
1610612740,2016,0,Ofensivo,2016-01-12,2,Reconstrução
1610612741,2016,0,Ofensivo,2016-01-12,1,Defensivo
1610612742,2016,1,Defensivo,2016-01-12,0,Ofensivo
1610612743,2016,2,Reconstrução,2016-01-12,0,Ofensivo
1610612744,2016,3,Elite,2016-01-12,3,Elite
1610612745,2016,0,Ofensivo,2016-01-12,3,Elite
1610612746,2016,1,Defensivo,2016-01-12,3,Elite
1610612747,2016,2,Reconstrução,2016-01-12,2,Reconstrução
1610612748,2016,1,Defensivo,2016-01-12,1,Defensivo
1610612749,2016,2,Reconstrução,2016-01-12,0,Ofensivo
1610612750,2016,2,Reconstrução,2016-01-12,0,Ofensivo
1610612751,2016,2,Reconstrução,2016-01-12,2,Reconstrução
1610612752,2016,1,Defensivo,2016-01-12,1,Defensivo
1610612753,2016,0,Ofensivo,2016-01-12,0,Ofensivo
1610612754,2016,1,Defensivo,2016-01-12,1,Defensivo
1610612755,2016,2,Reconstrução,2016-01-12,2,Reconstrução
1610612756,2016,2,Reconstrução,2016-01-12,2,Reconstrução
1610612757,2016,2,Reconstrução,2016-01-12,3,Elite
1610612758,2016,0,Ofensivo,2016-01-12,0,Ofensivo
1610612759,2016,1,Defensivo,2016-01-12,1,Defensivo
1610612760,2016,3,Elite,2016-01-12,3,Elite
1610612761,2016,1,Defensivo,2016-01-12,1,Defensivo
1610612762,2016,1,Defensivo,2016-01-12,1,Defensivo
1610612763,2016,1,Defensivo,2016-01-12,0,Ofensivo
1610612764,2016,1,Defensivo,2016-01-12,0,Ofensivo
1610612765,2016,0,Ofensivo,2016-01-12,1,Defensivo
1610612766,2016,1,Defensivo,2016-01-12,3,Elite
1610612737,2016,1,Defensivo,2015-12-24,3,Elite
1610612738,2016,0,Ofensivo,2015-12-24,0,Ofensivo
1610612739,2016,1,Defensivo,2015-12-24,3,Elite
1610612740,2016,0,Ofensivo,2015-12-24,2,Reconstrução
1610612741,2016,0,Ofensivo,2015-12-24,1,Defensivo
1610612742,2016,1,Defensivo,2015-12-24,0,Ofensivo
1610612743,2016,2,Reconstrução,2015-12-24,0,Ofensivo
1610612744,2016,3,Elite,2015-12-24,3,Elite
1610612745,2016,0,Ofensivo,2015-12-24,0,Ofensivo
1610612746,2016,1,Defensivo,2015-12-24,3,Elite
1610612747,2016,2,Reconstrução,2015-12-24,2,Reconstrução
1610612748,2016,1,Defensivo,2015-12-24,1,Defensivo
1610612749,2016,2,Reconstrução,2015-12-24,0,Ofensivo
1610612750,2016,0,Ofensivo,2015-12-24,0,Ofensivo
1610612751,2016,2,Reconstrução,2015-12-24,2,Reconstrução
1610612752,2016,1,Defensivo,2015-12-24,1,Defensivo
1610612753,2016,0,Ofensivo,2015-12-24,0,Ofensivo
1610612754,2016,1,Defensivo,2015-12-24,1,Defensivo
1610612755,2016,2,Reconstrução,2015-12-24,2,Reconstrução
1610612756,2016,2,Reconstrução,2015-12-24,2,Reconstrução
1610612757,2016,2,Reconstrução,2015-12-24,3,Elite
1610612758,2016,0,Ofensivo,2015-12-24,0,Ofensivo
1610612759,2016,1,Defensivo,2015-12-24,1,Defensivo
1610612760,2016,0,Ofensivo,2015-12-24,3,Elite
1610612761,2016,1,Defensivo,2015-12-24,1,Defensivo
1610612762,2016,1,Defensivo,2015-12-24,1,Defensivo
1610612763,2016,2,Reconstrução,2015-12-24,0,Ofensivo
1610612764,2016,1,Defensivo,2015-12-24,0,Ofensivo
1610612765,2016,0,Ofensivo,2015-12-24,1,Defensivo
1610612766,2016,1,Defensivo,2015-12-24,3,Elite
1610612737,2017,0,Ofensivo,2017-02-23,0,Ofensivo
1610612738,2017,1,Defensivo,2017-02-23,1,Defensivo
1610612739,2017,3,Elite,2017-02-23,3,Elite
1610612740,2017,0,Ofensivo,2017-02-23,0,Ofensivo
1610612741,2017,1,Defensivo,2017-02-23,3,Elite
1610612742,2017,1,Defensivo,2017-02-23,2,Reconstrução
1610612743,2017,0,Ofensivo,2017-02-23,3,Elite
1610612744,2017,3,Elite,2017-02-23,3,Elite
1610612745,2017,3,Elite,2017-02-23,3,Elite
1610612746,2017,3,Elite,2017-02-23,1,Defensivo
1610612747,2017,2,Reconstrução,2017-02-23,2,Reconstrução
1610612748,2017,1,Defensivo,2017-02-23,1,Defensivo
1610612749,2017,1,Defensivo,2017-02-23,1,Defensivo
1610612750,2017,1,Defensivo,2017-02-23,0,Ofensivo
1610612751,2017,2,Reconstrução,2017-02-23,0,Ofensivo
1610612752,2017,0,Ofensivo,2017-02-23,2,Reconstrução
1610612753,2017,2,Reconstrução,2017-02-23,2,Reconstrução
1610612754,2017,0,Ofensivo,2017-02-23,1,Defensivo
1610612755,2017,2,Reconstrução,2017-02-23,2,Reconstrução
1610612756,2017,2,Reconstrução,2017-02-23,0,Ofensivo
1610612757,2017,0,Ofensivo,2017-02-23,3,Elite
1610612758,2017,2,Reconstrução,2017-02-23,2,Reconstrução
1610612759,2017,1,Defensivo,2017-02-23,1,Defensivo
1610612760,2017,0,Ofensivo,2017-02-23,0,Ofensivo
1610612761,2017,1,Defensivo,2017-02-23,1,Defensivo
1610612762,2017,1,Defensivo,2017-02-23,1,Defensivo
1610612763,2017,0,Ofensivo,2017-02-23,1,Defensivo
1610612764,2017,1,Defensivo,2017-02-23,0,Ofensivo
1610612765,2017,1,Defensivo,2017-02-23,2,Reconstrução
1610612766,2017,1,Defensivo,2017-02-23,1,Defensivo
1610612737,2017,0,Ofensivo,2017-02-22,0,Ofensivo
1610612738,2017,1,Defensivo,2017-02-22,1,Defensivo
1610612739,2017,3,Elite,2017-02-22,3,Elite
1610612740,2017,0,Ofensivo,2017-02-22,0,Ofensivo
1610612741,2017,1,Defensivo,2017-02-22,3,Elite
1610612742,2017,1,Defensivo,2017-02-22,2,Reconstrução
1610612743,2017,0,Ofensivo,2017-02-22,3,Elite
1610612744,2017,3,Elite,2017-02-22,3,Elite
1610612745,2017,3,Elite,2017-02-22,3,Elite
1610612746,2017,3,Elite,2017-02-22,1,Defensivo
1610612747,2017,2,Reconstrução,2017-02-22,2,Reconstrução
1610612748,2017,1,Defensivo,2017-02-22,1,Defensivo
1610612749,2017,1,Defensivo,2017-02-22,1,Defensivo
1610612750,2017,1,Defensivo,2017-02-22,0,Ofensivo
1610612751,2017,2,Reconstrução,2017-02-22,0,Ofensivo
1610612752,2017,0,Ofensivo,2017-02-22,2,Reconstrução
1610612753,2017,2,Reconstrução,2017-02-22,2,Reconstrução
1610612754,2017,0,Ofensivo,2017-02-22,1,Defensivo
1610612755,2017,2,Reconstrução,2017-02-22,2,Reconstrução
1610612756,2017,2,Reconstrução,2017-02-22,0,Ofensivo
1610612757,2017,0,Ofensivo,2017-02-22,3,Elite
1610612758,2017,2,Reconstrução,2017-02-22,2,Reconstrução
1610612759,2017,1,Defensivo,2017-02-22,1,Defensivo
1610612760,2017,0,Ofensivo,2017-02-22,0,Ofensivo
1610612761,2017,1,Defensivo,2017-02-22,1,Defensivo
1610612762,2017,1,Defensivo,2017-02-22,1,Defensivo
1610612763,2017,0,Ofensivo,2017-02-22,1,Defensivo
1610612764,2017,1,Defensivo,2017-02-22,0,Ofensivo
1610612765,2017,1,Defensivo,2017-02-22,2,Reconstrução
1610612766,2017,1,Defensivo,2017-02-22,1,Defensivo
1610612737,2017,0,Ofensivo,2017-02-20,0,Ofensivo
1610612738,2017,1,Defensivo,2017-02-20,1,Defensivo
1610612739,2017,3,Elite,2017-02-20,3,Elite
1610612740,2017,0,Ofensivo,2017-02-20,0,Ofensivo
1610612741,2017,1,Defensivo,2017-02-20,3,Elite
1610612742,2017,1,Defensivo,2017-02-20,2,Reconstrução
1610612743,2017,0,Ofensivo,2017-02-20,3,Elite
1610612744,2017,3,Elite,2017-02-20,3,Elite
1610612745,2017,3,Elite,2017-02-20,3,Elite
1610612746,2017,3,Elite,2017-02-20,1,Defensivo
1610612747,2017,2,Reconstrução,2017-02-20,2,Reconstrução
1610612748,2017,1,Defensivo,2017-02-20,1,Defensivo
1610612749,2017,1,Defensivo,2017-02-20,1,Defensivo
1610612750,2017,1,Defensivo,2017-02-20,0,Ofensivo
1610612751,2017,2,Reconstrução,2017-02-20,0,Ofensivo
1610612752,2017,0,Ofensivo,2017-02-20,2,Reconstrução
1610612753,2017,2,Reconstrução,2017-02-20,2,Reconstrução
1610612754,2017,0,Ofensivo,2017-02-20,1,Defensivo
1610612755,2017,2,Reconstrução,2017-02-20,2,Reconstrução
1610612756,2017,2,Reconstrução,2017-02-20,0,Ofensivo
1610612757,2017,0,Ofensivo,2017-02-20,3,Elite
1610612758,2017,2,Reconstrução,2017-02-20,2,Reconstrução
1610612759,2017,1,Defensivo,2017-02-20,1,Defensivo
1610612760,2017,0,Ofensivo,2017-02-20,0,Ofensivo
1610612761,2017,1,Defensivo,2017-02-20,1,Defensivo
1610612762,2017,1,Defensivo,2017-02-20,1,Defensivo
1610612763,2017,0,Ofensivo,2017-02-20,1,Defensivo
1610612764,2017,1,Defensivo,2017-02-20,0,Ofensivo
1610612765,2017,1,Defensivo,2017-02-20,2,Reconstrução
1610612766,2017,1,Defensivo,2017-02-20,1,Defensivo
1610612737,2017,0,Ofensivo,2017-02-14,0,Ofensivo
1610612738,2017,1,Defensivo,2017-02-14,1,Defensivo
1610612739,2017,3,Elite,2017-02-14,3,Elite
1610612740,2017,0,Ofensivo,2017-02-14,0,Ofensivo
1610612741,2017,1,Defensivo,2017-02-14,3,Elite
1610612742,2017,1,Defensivo,2017-02-14,2,Reconstrução
1610612743,2017,0,Ofensivo,2017-02-14,3,Elite
1610612744,2017,3,Elite,2017-02-14,3,Elite
1610612745,2017,3,Elite,2017-02-14,3,Elite
1610612746,2017,3,Elite,2017-02-14,1,Defensivo
1610612747,2017,2,Reconstrução,2017-02-14,2,Reconstrução
1610612748,2017,1,Defensivo,2017-02-14,3,Elite
1610612749,2017,1,Defensivo,2017-02-14,1,Defensivo
1610612750,2017,1,Defensivo,2017-02-14,0,Ofensivo
1610612751,2017,2,Reconstrução,2017-02-14,0,Ofensivo
1610612752,2017,0,Ofensivo,2017-02-14,2,Reconstrução
1610612753,2017,2,Reconstrução,2017-02-14,2,Reconstrução
1610612754,2017,0,Ofensivo,2017-02-14,1,Defensivo
1610612755,2017,2,Reconstrução,2017-02-14,2,Reconstrução
1610612756,2017,2,Reconstrução,2017-02-14,0,Ofensivo
1610612757,2017,0,Ofensivo,2017-02-14,3,Elite
1610612758,2017,1,Defensivo,2017-02-14,2,Reconstrução
1610612759,2017,1,Defensivo,2017-02-14,1,Defensivo
1610612760,2017,0,Ofensivo,2017-02-14,0,Ofensivo
1610612761,2017,1,Defensivo,2017-02-14,1,Defensivo
1610612762,2017,1,Defensivo,2017-02-14,1,Defensivo
1610612763,2017,0,Ofensivo,2017-02-14,1,Defensivo
1610612764,2017,1,Defensivo,2017-02-14,0,Ofensivo
1610612765,2017,1,Defensivo,2017-02-14,2,Reconstrução
1610612766,2017,1,Defensivo,2017-02-14,1,Defensivo
1610612737,2017,0,Ofensivo,2017-02-13,0,Ofensivo
1610612738,2017,1,Defensivo,2017-02-13,1,Defensivo
1610612739,2017,3,Elite,2017-02-13,3,Elite
1610612740,2017,0,Ofensivo,2017-02-13,0,Ofensivo
1610612741,2017,1,Defensivo,2017-02-13,3,Elite
1610612742,2017,1,Defensivo,2017-02-13,2,Reconstrução
1610612743,2017,0,Ofensivo,2017-02-13,3,Elite
1610612744,2017,3,Elite,2017-02-13,3,Elite
1610612745,2017,3,Elite,2017-02-13,3,Elite
1610612746,2017,3,Elite,2017-02-13,3,Elite
1610612747,2017,2,Reconstrução,2017-02-13,2,Reconstrução
1610612748,2017,1,Defensivo,2017-02-13,1,Defensivo
1610612749,2017,1,Defensivo,2017-02-13,1,Defensivo
1610612750,2017,1,Defensivo,2017-02-13,0,Ofensivo
1610612751,2017,2,Reconstrução,2017-02-13,0,Ofensivo
1610612752,2017,0,Ofensivo,2017-02-13,2,Reconstrução
1610612753,2017,2,Reconstrução,2017-02-13,2,Reconstrução
1610612754,2017,0,Ofensivo,2017-02-13,1,Defensivo
1610612755,2017,2,Reconstrução,2017-02-13,2,Reconstrução
1610612756,2017,2,Reconstrução,2017-02-13,0,Ofensivo
1610612757,2017,0,Ofensivo,2017-02-13,0,Ofensivo
1610612758,2017,1,Defensivo,2017-02-13,2,Reconstrução
1610612759,2017,1,Defensivo,2017-02-13,1,Defensivo
1610612760,2017,0,Ofensivo,2017-02-13,0,Ofensivo
1610612761,2017,1,Defensivo,2017-02-13,1,Defensivo
1610612762,2017,1,Defensivo,2017-02-13,1,Defensivo
1610612763,2017,0,Ofensivo,2017-02-13,1,Defensivo
1610612764,2017,1,Defensivo,2017-02-13,0,Ofensivo
1610612765,2017,1,Defensivo,2017-02-13,2,Reconstrução
1610612766,2017,1,Defensivo,2017-02-13,1,Defensivo
1610612737,2017,0,Ofensivo,2017-02-02,0,Ofensivo
1610612738,2017,1,Defensivo,2017-02-02,1,Defensivo
1610612739,2017,3,Elite,2017-02-02,3,Elite
1610612740,2017,0,Ofensivo,2017-02-02,0,Ofensivo
1610612741,2017,1,Defensivo,2017-02-02,1,Defensivo
1610612742,2017,1,Defensivo,2017-02-02,1,Defensivo
1610612743,2017,0,Ofensivo,2017-02-02,3,Elite
1610612744,2017,3,Elite,2017-02-02,3,Elite
1610612745,2017,3,Elite,2017-02-02,3,Elite
1610612746,2017,3,Elite,2017-02-02,1,Defensivo
1610612747,2017,2,Reconstrução,2017-02-02,2,Reconstrução
1610612748,2017,1,Defensivo,2017-02-02,3,Elite
1610612749,2017,1,Defensivo,2017-02-02,1,Defensivo
1610612750,2017,1,Defensivo,2017-02-02,0,Ofensivo
1610612751,2017,2,Reconstrução,2017-02-02,2,Reconstrução
1610612752,2017,0,Ofensivo,2017-02-02,2,Reconstrução
1610612753,2017,2,Reconstrução,2017-02-02,2,Reconstrução
1610612754,2017,0,Ofensivo,2017-02-02,1,Defensivo
1610612755,2017,2,Reconstrução,2017-02-02,2,Reconstrução
1610612756,2017,2,Reconstrução,2017-02-02,0,Ofensivo
1610612757,2017,0,Ofensivo,2017-02-02,0,Ofensivo
1610612758,2017,2,Reconstrução,2017-02-02,1,Defensivo
1610612759,2017,1,Defensivo,2017-02-02,1,Defensivo
1610612760,2017,0,Ofensivo,2017-02-02,0,Ofensivo
1610612761,2017,1,Defensivo,2017-02-02,1,Defensivo
1610612762,2017,1,Defensivo,2017-02-02,1,Defensivo
1610612763,2017,0,Ofensivo,2017-02-02,1,Defensivo
1610612764,2017,1,Defensivo,2017-02-02,0,Ofensivo
1610612765,2017,1,Defensivo,2017-02-02,2,Reconstrução
1610612766,2017,1,Defensivo,2017-02-02,1,Defensivo
1610612737,2017,1,Defensivo,2017-01-17,0,Ofensivo
1610612738,2017,1,Defensivo,2017-01-17,3,Elite
1610612739,2017,3,Elite,2017-01-17,3,Elite
1610612740,2017,0,Ofensivo,2017-01-17,0,Ofensivo
1610612741,2017,1,Defensivo,2017-01-17,1,Defensivo
1610612742,2017,2,Reconstrução,2017-01-17,1,Defensivo
1610612743,2017,0,Ofensivo,2017-01-17,3,Elite
1610612744,2017,3,Elite,2017-01-17,3,Elite
1610612745,2017,3,Elite,2017-01-17,3,Elite
1610612746,2017,3,Elite,2017-01-17,1,Defensivo
1610612747,2017,2,Reconstrução,2017-01-17,2,Reconstrução
1610612748,2017,2,Reconstrução,2017-01-17,1,Defensivo
1610612749,2017,1,Defensivo,2017-01-17,1,Defensivo
1610612750,2017,1,Defensivo,2017-01-17,0,Ofensivo
1610612751,2017,2,Reconstrução,2017-01-17,2,Reconstrução
1610612752,2017,2,Reconstrução,2017-01-17,0,Ofensivo
1610612753,2017,2,Reconstrução,2017-01-17,2,Reconstrução
1610612754,2017,0,Ofensivo,2017-01-17,1,Defensivo
1610612755,2017,2,Reconstrução,2017-01-17,2,Reconstrução
1610612756,2017,2,Reconstrução,2017-01-17,0,Ofensivo
1610612757,2017,0,Ofensivo,2017-01-17,0,Ofensivo
1610612758,2017,2,Reconstrução,2017-01-17,2,Reconstrução
1610612759,2017,1,Defensivo,2017-01-17,1,Defensivo
1610612760,2017,0,Ofensivo,2017-01-17,0,Ofensivo
1610612761,2017,3,Elite,2017-01-17,1,Defensivo
1610612762,2017,1,Defensivo,2017-01-17,1,Defensivo
1610612763,2017,0,Ofensivo,2017-01-17,1,Defensivo
1610612764,2017,1,Defensivo,2017-01-17,0,Ofensivo
1610612765,2017,1,Defensivo,2017-01-17,2,Reconstrução
1610612766,2017,1,Defensivo,2017-01-17,1,Defensivo
1610612737,2017,1,Defensivo,2017-01-07,0,Ofensivo
1610612738,2017,1,Defensivo,2017-01-07,3,Elite
1610612739,2017,3,Elite,2017-01-07,3,Elite
1610612740,2017,0,Ofensivo,2017-01-07,0,Ofensivo
1610612741,2017,1,Defensivo,2017-01-07,0,Ofensivo
1610612742,2017,2,Reconstrução,2017-01-07,1,Defensivo
1610612743,2017,0,Ofensivo,2017-01-07,3,Elite
1610612744,2017,3,Elite,2017-01-07,3,Elite
1610612745,2017,3,Elite,2017-01-07,3,Elite
1610612746,2017,3,Elite,2017-01-07,1,Defensivo
1610612747,2017,2,Reconstrução,2017-01-07,2,Reconstrução
1610612748,2017,2,Reconstrução,2017-01-07,1,Defensivo
1610612749,2017,1,Defensivo,2017-01-07,1,Defensivo
1610612750,2017,1,Defensivo,2017-01-07,0,Ofensivo
1610612751,2017,2,Reconstrução,2017-01-07,2,Reconstrução
1610612752,2017,2,Reconstrução,2017-01-07,0,Ofensivo
1610612753,2017,2,Reconstrução,2017-01-07,2,Reconstrução
1610612754,2017,0,Ofensivo,2017-01-07,1,Defensivo
1610612755,2017,2,Reconstrução,2017-01-07,2,Reconstrução
1610612756,2017,2,Reconstrução,2017-01-07,0,Ofensivo
1610612757,2017,2,Reconstrução,2017-01-07,0,Ofensivo
1610612758,2017,2,Reconstrução,2017-01-07,2,Reconstrução
1610612759,2017,1,Defensivo,2017-01-07,1,Defensivo
1610612760,2017,0,Ofensivo,2017-01-07,0,Ofensivo
1610612761,2017,3,Elite,2017-01-07,1,Defensivo
1610612762,2017,1,Defensivo,2017-01-07,1,Defensivo
1610612763,2017,0,Ofensivo,2017-01-07,1,Defensivo
1610612764,2017,1,Defensivo,2017-01-07,0,Ofensivo
1610612765,2017,1,Defensivo,2017-01-07,0,Ofensivo
1610612766,2017,1,Defensivo,2017-01-07,1,Defensivo
1610612737,2019,2,Reconstrução,2019-02-07,0,Ofensivo
1610612738,2019,3,Elite,2019-02-07,1,Defensivo
1610612739,2019,2,Reconstrução,2019-02-07,2,Reconstrução
1610612740,2019,0,Ofensivo,2019-02-07,0,Ofensivo
1610612741,2019,2,Reconstrução,2019-02-07,0,Ofensivo
1610612742,2019,1,Defensivo,2019-02-07,2,Reconstrução
1610612743,2019,1,Defensivo,2019-02-07,1,Defensivo
1610612744,2019,3,Elite,2019-02-07,3,Elite
1610612745,2019,3,Elite,2019-02-07,3,Elite
1610612746,2019,1,Defensivo,2019-02-07,0,Ofensivo
1610612747,2019,0,Ofensivo,2019-02-07,2,Reconstrução
1610612748,2019,1,Defensivo,2019-02-07,1,Defensivo
1610612749,2019,3,Elite,2019-02-07,3,Elite
1610612750,2019,0,Ofensivo,2019-02-07,0,Ofensivo
1610612751,2019,0,Ofensivo,2019-02-07,0,Ofensivo
1610612752,2019,2,Reconstrução,2019-02-07,2,Reconstrução
1610612753,2019,1,Defensivo,2019-02-07,3,Elite
1610612754,2019,1,Defensivo,2019-02-07,1,Defensivo
1610612755,2019,0,Ofensivo,2019-02-07,0,Ofensivo
1610612756,2019,2,Reconstrução,2019-02-07,2,Reconstrução
1610612757,2019,1,Defensivo,2019-02-07,0,Ofensivo
1610612758,2019,0,Ofensivo,2019-02-07,0,Ofensivo
1610612759,2019,1,Defensivo,2019-02-07,1,Defensivo
1610612760,2019,0,Ofensivo,2019-02-07,0,Ofensivo
1610612761,2019,1,Defensivo,2019-02-07,3,Elite
1610612762,2019,1,Defensivo,2019-02-07,3,Elite
1610612763,2019,1,Defensivo,2019-02-07,0,Ofensivo
1610612764,2019,0,Ofensivo,2019-02-07,0,Ofensivo
1610612765,2019,2,Reconstrução,2019-02-07,1,Defensivo
1610612766,2019,1,Defensivo,2019-02-07,1,Defensivo
1610612737,2019,2,Reconstrução,2019-02-06,0,Ofensivo
1610612738,2019,3,Elite,2019-02-06,1,Defensivo
1610612739,2019,2,Reconstrução,2019-02-06,2,Reconstrução
1610612740,2019,0,Ofensivo,2019-02-06,0,Ofensivo
1610612741,2019,2,Reconstrução,2019-02-06,0,Ofensivo
1610612742,2019,1,Defensivo,2019-02-06,2,Reconstrução
1610612743,2019,1,Defensivo,2019-02-06,1,Defensivo
1610612744,2019,3,Elite,2019-02-06,3,Elite
1610612745,2019,3,Elite,2019-02-06,3,Elite
1610612746,2019,1,Defensivo,2019-02-06,0,Ofensivo
1610612747,2019,0,Ofensivo,2019-02-06,2,Reconstrução
1610612748,2019,1,Defensivo,2019-02-06,1,Defensivo
1610612749,2019,3,Elite,2019-02-06,3,Elite
1610612750,2019,0,Ofensivo,2019-02-06,0,Ofensivo
1610612751,2019,0,Ofensivo,2019-02-06,0,Ofensivo
1610612752,2019,2,Reconstrução,2019-02-06,2,Reconstrução
1610612753,2019,1,Defensivo,2019-02-06,3,Elite
1610612754,2019,1,Defensivo,2019-02-06,1,Defensivo
1610612755,2019,0,Ofensivo,2019-02-06,0,Ofensivo
1610612756,2019,2,Reconstrução,2019-02-06,2,Reconstrução
1610612757,2019,1,Defensivo,2019-02-06,0,Ofensivo
1610612758,2019,0,Ofensivo,2019-02-06,0,Ofensivo
1610612759,2019,1,Defensivo,2019-02-06,1,Defensivo
1610612760,2019,0,Ofensivo,2019-02-06,0,Ofensivo
1610612761,2019,1,Defensivo,2019-02-06,3,Elite
1610612762,2019,1,Defensivo,2019-02-06,3,Elite
1610612763,2019,1,Defensivo,2019-02-06,0,Ofensivo
1610612764,2019,0,Ofensivo,2019-02-06,0,Ofensivo
1610612765,2019,2,Reconstrução,2019-02-06,1,Defensivo
1610612766,2019,1,Defensivo,2019-02-06,1,Defensivo
1610612737,2019,2,Reconstrução,2019-02-04,0,Ofensivo
1610612738,2019,3,Elite,2019-02-04,1,Defensivo
1610612739,2019,2,Reconstrução,2019-02-04,2,Reconstrução
1610612740,2019,0,Ofensivo,2019-02-04,0,Ofensivo
1610612741,2019,2,Reconstrução,2019-02-04,0,Ofensivo
1610612742,2019,1,Defensivo,2019-02-04,2,Reconstrução
1610612743,2019,1,Defensivo,2019-02-04,1,Defensivo
1610612744,2019,3,Elite,2019-02-04,3,Elite
1610612745,2019,3,Elite,2019-02-04,3,Elite
1610612746,2019,1,Defensivo,2019-02-04,3,Elite
1610612747,2019,0,Ofensivo,2019-02-04,2,Reconstrução
1610612748,2019,2,Reconstrução,2019-02-04,1,Defensivo
1610612749,2019,3,Elite,2019-02-04,3,Elite
1610612750,2019,0,Ofensivo,2019-02-04,0,Ofensivo
1610612751,2019,0,Ofensivo,2019-02-04,0,Ofensivo
1610612752,2019,2,Reconstrução,2019-02-04,2,Reconstrução
1610612753,2019,1,Defensivo,2019-02-04,3,Elite
1610612754,2019,1,Defensivo,2019-02-04,1,Defensivo
1610612755,2019,0,Ofensivo,2019-02-04,0,Ofensivo
1610612756,2019,2,Reconstrução,2019-02-04,2,Reconstrução
1610612757,2019,1,Defensivo,2019-02-04,0,Ofensivo
1610612758,2019,0,Ofensivo,2019-02-04,0,Ofensivo
1610612759,2019,1,Defensivo,2019-02-04,1,Defensivo
1610612760,2019,0,Ofensivo,2019-02-04,0,Ofensivo
1610612761,2019,1,Defensivo,2019-02-04,3,Elite
1610612762,2019,1,Defensivo,2019-02-04,3,Elite
1610612763,2019,1,Defensivo,2019-02-04,0,Ofensivo
1610612764,2019,0,Ofensivo,2019-02-04,0,Ofensivo
1610612765,2019,2,Reconstrução,2019-02-04,1,Defensivo
1610612766,2019,1,Defensivo,2019-02-04,1,Defensivo
1610612737,2019,2,Reconstrução,2019-02-01,0,Ofensivo
1610612738,2019,3,Elite,2019-02-01,1,Defensivo
1610612739,2019,2,Reconstrução,2019-02-01,2,Reconstrução
1610612740,2019,0,Ofensivo,2019-02-01,0,Ofensivo
1610612741,2019,2,Reconstrução,2019-02-01,0,Ofensivo
1610612742,2019,1,Defensivo,2019-02-01,2,Reconstrução
1610612743,2019,1,Defensivo,2019-02-01,1,Defensivo
1610612744,2019,3,Elite,2019-02-01,3,Elite
1610612745,2019,3,Elite,2019-02-01,3,Elite
1610612746,2019,0,Ofensivo,2019-02-01,3,Elite
1610612747,2019,0,Ofensivo,2019-02-01,2,Reconstrução
1610612748,2019,1,Defensivo,2019-02-01,1,Defensivo
1610612749,2019,3,Elite,2019-02-01,3,Elite
1610612750,2019,0,Ofensivo,2019-02-01,0,Ofensivo
1610612751,2019,0,Ofensivo,2019-02-01,0,Ofensivo
1610612752,2019,2,Reconstrução,2019-02-01,2,Reconstrução
1610612753,2019,1,Defensivo,2019-02-01,3,Elite
1610612754,2019,1,Defensivo,2019-02-01,1,Defensivo
1610612755,2019,3,Elite,2019-02-01,0,Ofensivo
1610612756,2019,2,Reconstrução,2019-02-01,2,Reconstrução
1610612757,2019,1,Defensivo,2019-02-01,0,Ofensivo
1610612758,2019,0,Ofensivo,2019-02-01,0,Ofensivo
1610612759,2019,1,Defensivo,2019-02-01,1,Defensivo
1610612760,2019,0,Ofensivo,2019-02-01,0,Ofensivo
1610612761,2019,1,Defensivo,2019-02-01,3,Elite
1610612762,2019,1,Defensivo,2019-02-01,3,Elite
1610612763,2019,1,Defensivo,2019-02-01,0,Ofensivo
1610612764,2019,0,Ofensivo,2019-02-01,0,Ofensivo
1610612765,2019,2,Reconstrução,2019-02-01,1,Defensivo
1610612766,2019,1,Defensivo,2019-02-01,1,Defensivo
1610612737,2019,2,Reconstrução,2019-01-31,0,Ofensivo
1610612738,2019,3,Elite,2019-01-31,1,Defensivo
1610612739,2019,2,Reconstrução,2019-01-31,2,Reconstrução
1610612740,2019,0,Ofensivo,2019-01-31,0,Ofensivo
1610612741,2019,2,Reconstrução,2019-01-31,0,Ofensivo
1610612742,2019,1,Defensivo,2019-01-31,2,Reconstrução
1610612743,2019,1,Defensivo,2019-01-31,1,Defensivo
1610612744,2019,3,Elite,2019-01-31,3,Elite
1610612745,2019,3,Elite,2019-01-31,3,Elite
1610612746,2019,1,Defensivo,2019-01-31,0,Ofensivo
1610612747,2019,0,Ofensivo,2019-01-31,2,Reconstrução
1610612748,2019,1,Defensivo,2019-01-31,1,Defensivo
1610612749,2019,3,Elite,2019-01-31,3,Elite
1610612750,2019,0,Ofensivo,2019-01-31,0,Ofensivo
1610612751,2019,0,Ofensivo,2019-01-31,0,Ofensivo
1610612752,2019,2,Reconstrução,2019-01-31,2,Reconstrução
1610612753,2019,1,Defensivo,2019-01-31,3,Elite
1610612754,2019,1,Defensivo,2019-01-31,1,Defensivo
1610612755,2019,3,Elite,2019-01-31,0,Ofensivo
1610612756,2019,2,Reconstrução,2019-01-31,2,Reconstrução
1610612757,2019,1,Defensivo,2019-01-31,0,Ofensivo
1610612758,2019,0,Ofensivo,2019-01-31,0,Ofensivo
1610612759,2019,1,Defensivo,2019-01-31,1,Defensivo
1610612760,2019,0,Ofensivo,2019-01-31,0,Ofensivo
1610612761,2019,3,Elite,2019-01-31,3,Elite
1610612762,2019,1,Defensivo,2019-01-31,3,Elite
1610612763,2019,1,Defensivo,2019-01-31,0,Ofensivo
1610612764,2019,0,Ofensivo,2019-01-31,0,Ofensivo
1610612765,2019,2,Reconstrução,2019-01-31,1,Defensivo
1610612766,2019,1,Defensivo,2019-01-31,1,Defensivo
1610612737,2019,2,Reconstrução,2019-01-22,0,Ofensivo
1610612738,2019,3,Elite,2019-01-22,1,Defensivo
1610612739,2019,2,Reconstrução,2019-01-22,2,Reconstrução
1610612740,2019,0,Ofensivo,2019-01-22,0,Ofensivo
1610612741,2019,2,Reconstrução,2019-01-22,0,Ofensivo
1610612742,2019,1,Defensivo,2019-01-22,1,Defensivo
1610612743,2019,1,Defensivo,2019-01-22,1,Defensivo
1610612744,2019,3,Elite,2019-01-22,3,Elite
1610612745,2019,3,Elite,2019-01-22,3,Elite
1610612746,2019,1,Defensivo,2019-01-22,0,Ofensivo
1610612747,2019,0,Ofensivo,2019-01-22,2,Reconstrução
1610612748,2019,1,Defensivo,2019-01-22,1,Defensivo
1610612749,2019,3,Elite,2019-01-22,3,Elite
1610612750,2019,0,Ofensivo,2019-01-22,0,Ofensivo
1610612751,2019,0,Ofensivo,2019-01-22,0,Ofensivo
1610612752,2019,2,Reconstrução,2019-01-22,2,Reconstrução
1610612753,2019,1,Defensivo,2019-01-22,1,Defensivo
1610612754,2019,1,Defensivo,2019-01-22,1,Defensivo
1610612755,2019,0,Ofensivo,2019-01-22,0,Ofensivo
1610612756,2019,2,Reconstrução,2019-01-22,2,Reconstrução
1610612757,2019,0,Ofensivo,2019-01-22,0,Ofensivo
1610612758,2019,0,Ofensivo,2019-01-22,0,Ofensivo
1610612759,2019,1,Defensivo,2019-01-22,1,Defensivo
1610612760,2019,0,Ofensivo,2019-01-22,0,Ofensivo
1610612761,2019,3,Elite,2019-01-22,3,Elite
1610612762,2019,1,Defensivo,2019-01-22,3,Elite
1610612763,2019,1,Defensivo,2019-01-22,2,Reconstrução
1610612764,2019,0,Ofensivo,2019-01-22,0,Ofensivo
1610612765,2019,2,Reconstrução,2019-01-22,1,Defensivo
1610612766,2019,1,Defensivo,2019-01-22,1,Defensivo
1610612737,2019,2,Reconstrução,2019-01-07,0,Ofensivo
1610612738,2019,3,Elite,2019-01-07,1,Defensivo
1610612739,2019,2,Reconstrução,2019-01-07,2,Reconstrução
1610612740,2019,0,Ofensivo,2019-01-07,0,Ofensivo
1610612741,2019,2,Reconstrução,2019-01-07,2,Reconstrução
1610612742,2019,1,Defensivo,2019-01-07,1,Defensivo
1610612743,2019,1,Defensivo,2019-01-07,1,Defensivo
1610612744,2019,3,Elite,2019-01-07,3,Elite
1610612745,2019,1,Defensivo,2019-01-07,3,Elite
1610612746,2019,0,Ofensivo,2019-01-07,0,Ofensivo
1610612747,2019,1,Defensivo,2019-01-07,2,Reconstrução
1610612748,2019,1,Defensivo,2019-01-07,1,Defensivo
1610612749,2019,3,Elite,2019-01-07,3,Elite
1610612750,2019,0,Ofensivo,2019-01-07,0,Ofensivo
1610612751,2019,0,Ofensivo,2019-01-07,0,Ofensivo
1610612752,2019,2,Reconstrução,2019-01-07,2,Reconstrução
1610612753,2019,1,Defensivo,2019-01-07,1,Defensivo
1610612754,2019,1,Defensivo,2019-01-07,1,Defensivo
1610612755,2019,0,Ofensivo,2019-01-07,3,Elite
1610612756,2019,2,Reconstrução,2019-01-07,2,Reconstrução
1610612757,2019,0,Ofensivo,2019-01-07,0,Ofensivo
1610612758,2019,0,Ofensivo,2019-01-07,0,Ofensivo
1610612759,2019,1,Defensivo,2019-01-07,1,Defensivo
1610612760,2019,0,Ofensivo,2019-01-07,0,Ofensivo
1610612761,2019,1,Defensivo,2019-01-07,3,Elite
1610612762,2019,1,Defensivo,2019-01-07,3,Elite
1610612763,2019,1,Defensivo,2019-01-07,2,Reconstrução
1610612764,2019,0,Ofensivo,2019-01-07,0,Ofensivo
1610612765,2019,2,Reconstrução,2019-01-07,1,Defensivo
1610612766,2019,1,Defensivo,2019-01-07,1,Defensivo
1610612737,2019,2,Reconstrução,2019-01-03,0,Ofensivo
1610612738,2019,3,Elite,2019-01-03,1,Defensivo
1610612739,2019,2,Reconstrução,2019-01-03,2,Reconstrução
1610612740,2019,0,Ofensivo,2019-01-03,0,Ofensivo
1610612741,2019,2,Reconstrução,2019-01-03,2,Reconstrução
1610612742,2019,1,Defensivo,2019-01-03,2,Reconstrução
1610612743,2019,1,Defensivo,2019-01-03,1,Defensivo
1610612744,2019,3,Elite,2019-01-03,3,Elite
1610612745,2019,1,Defensivo,2019-01-03,3,Elite
1610612746,2019,0,Ofensivo,2019-01-03,0,Ofensivo
1610612747,2019,1,Defensivo,2019-01-03,2,Reconstrução
1610612748,2019,1,Defensivo,2019-01-03,1,Defensivo
1610612749,2019,3,Elite,2019-01-03,3,Elite
1610612750,2019,0,Ofensivo,2019-01-03,0,Ofensivo
1610612751,2019,0,Ofensivo,2019-01-03,0,Ofensivo
1610612752,2019,2,Reconstrução,2019-01-03,2,Reconstrução
1610612753,2019,1,Defensivo,2019-01-03,1,Defensivo
1610612754,2019,1,Defensivo,2019-01-03,1,Defensivo
1610612755,2019,0,Ofensivo,2019-01-03,3,Elite
1610612756,2019,2,Reconstrução,2019-01-03,2,Reconstrução
1610612757,2019,0,Ofensivo,2019-01-03,0,Ofensivo
1610612758,2019,0,Ofensivo,2019-01-03,0,Ofensivo
1610612759,2019,1,Defensivo,2019-01-03,1,Defensivo
1610612760,2019,0,Ofensivo,2019-01-03,0,Ofensivo
1610612761,2019,1,Defensivo,2019-01-03,3,Elite
1610612762,2019,1,Defensivo,2019-01-03,3,Elite
1610612763,2019,1,Defensivo,2019-01-03,2,Reconstrução
1610612764,2019,0,Ofensivo,2019-01-03,0,Ofensivo
1610612765,2019,2,Reconstrução,2019-01-03,1,Defensivo
1610612766,2019,1,Defensivo,2019-01-03,1,Defensivo
1610612737,2019,2,Reconstrução,2018-12-17,0,Ofensivo
1610612738,2019,3,Elite,2018-12-17,1,Defensivo
1610612739,2019,2,Reconstrução,2018-12-17,2,Reconstrução
1610612740,2019,0,Ofensivo,2018-12-17,0,Ofensivo
1610612741,2019,2,Reconstrução,2018-12-17,2,Reconstrução
1610612742,2019,1,Defensivo,2018-12-17,2,Reconstrução
1610612743,2019,1,Defensivo,2018-12-17,1,Defensivo
1610612744,2019,3,Elite,2018-12-17,3,Elite
1610612745,2019,1,Defensivo,2018-12-17,3,Elite
1610612746,2019,0,Ofensivo,2018-12-17,0,Ofensivo
1610612747,2019,0,Ofensivo,2018-12-17,2,Reconstrução
1610612748,2019,2,Reconstrução,2018-12-17,1,Defensivo
1610612749,2019,3,Elite,2018-12-17,3,Elite
1610612750,2019,1,Defensivo,2018-12-17,0,Ofensivo
1610612751,2019,0,Ofensivo,2018-12-17,0,Ofensivo
1610612752,2019,2,Reconstrução,2018-12-17,2,Reconstrução
1610612753,2019,1,Defensivo,2018-12-17,1,Defensivo
1610612754,2019,1,Defensivo,2018-12-17,1,Defensivo
1610612755,2019,0,Ofensivo,2018-12-17,3,Elite
1610612756,2019,2,Reconstrução,2018-12-17,2,Reconstrução
1610612757,2019,1,Defensivo,2018-12-17,0,Ofensivo
1610612758,2019,3,Elite,2018-12-17,0,Ofensivo
1610612759,2019,1,Defensivo,2018-12-17,1,Defensivo
1610612760,2019,0,Ofensivo,2018-12-17,0,Ofensivo
1610612761,2019,3,Elite,2018-12-17,3,Elite
1610612762,2019,1,Defensivo,2018-12-17,3,Elite
1610612763,2019,1,Defensivo,2018-12-17,2,Reconstrução
1610612764,2019,0,Ofensivo,2018-12-17,0,Ofensivo
1610612765,2019,0,Ofensivo,2018-12-17,1,Defensivo
1610612766,2019,1,Defensivo,2018-12-17,1,Defensivo
1610612737,2019,2,Reconstrução,2018-12-07,0,Ofensivo
1610612738,2019,1,Defensivo,2018-12-07,1,Defensivo
1610612739,2019,2,Reconstrução,2018-12-07,2,Reconstrução
1610612740,2019,0,Ofensivo,2018-12-07,0,Ofensivo
1610612741,2019,2,Reconstrução,2018-12-07,2,Reconstrução
1610612742,2019,1,Defensivo,2018-12-07,1,Defensivo
1610612743,2019,3,Elite,2018-12-07,1,Defensivo
1610612744,2019,3,Elite,2018-12-07,3,Elite
1610612745,2019,1,Defensivo,2018-12-07,3,Elite
1610612746,2019,0,Ofensivo,2018-12-07,0,Ofensivo
1610612747,2019,0,Ofensivo,2018-12-07,2,Reconstrução
1610612748,2019,2,Reconstrução,2018-12-07,1,Defensivo
1610612749,2019,3,Elite,2018-12-07,3,Elite
1610612750,2019,1,Defensivo,2018-12-07,0,Ofensivo
1610612751,2019,2,Reconstrução,2018-12-07,0,Ofensivo
1610612752,2019,2,Reconstrução,2018-12-07,2,Reconstrução
1610612753,2019,1,Defensivo,2018-12-07,1,Defensivo
1610612754,2019,1,Defensivo,2018-12-07,1,Defensivo
1610612755,2019,0,Ofensivo,2018-12-07,3,Elite
1610612756,2019,2,Reconstrução,2018-12-07,2,Reconstrução
1610612757,2019,1,Defensivo,2018-12-07,0,Ofensivo
1610612758,2019,0,Ofensivo,2018-12-07,0,Ofensivo
1610612759,2019,1,Defensivo,2018-12-07,1,Defensivo
1610612760,2019,0,Ofensivo,2018-12-07,0,Ofensivo
1610612761,2019,3,Elite,2018-12-07,3,Elite
1610612762,2019,1,Defensivo,2018-12-07,3,Elite
1610612763,2019,1,Defensivo,2018-12-07,2,Reconstrução
1610612764,2019,0,Ofensivo,2018-12-07,0,Ofensivo
1610612765,2019,0,Ofensivo,2018-12-07,1,Defensivo
1610612766,2019,1,Defensivo,2018-12-07,1,Defensivo
1610612737,2019,2,Reconstrução,2018-11-28,0,Ofensivo
1610612738,2019,1,Defensivo,2018-11-28,1,Defensivo
1610612739,2019,2,Reconstrução,2018-11-28,2,Reconstrução
1610612740,2019,0,Ofensivo,2018-11-28,0,Ofensivo
1610612741,2019,2,Reconstrução,2018-11-28,2,Reconstrução
1610612742,2019,1,Defensivo,2018-11-28,1,Defensivo
1610612743,2019,3,Elite,2018-11-28,1,Defensivo
1610612744,2019,3,Elite,2018-11-28,3,Elite
1610612745,2019,1,Defensivo,2018-11-28,3,Elite
1610612746,2019,0,Ofensivo,2018-11-28,0,Ofensivo
1610612747,2019,0,Ofensivo,2018-11-28,2,Reconstrução
1610612748,2019,2,Reconstrução,2018-11-28,1,Defensivo
1610612749,2019,3,Elite,2018-11-28,3,Elite
1610612750,2019,0,Ofensivo,2018-11-28,0,Ofensivo
1610612751,2019,2,Reconstrução,2018-11-28,0,Ofensivo
1610612752,2019,2,Reconstrução,2018-11-28,2,Reconstrução
1610612753,2019,1,Defensivo,2018-11-28,1,Defensivo
1610612754,2019,1,Defensivo,2018-11-28,1,Defensivo
1610612755,2019,0,Ofensivo,2018-11-28,3,Elite
1610612756,2019,2,Reconstrução,2018-11-28,2,Reconstrução
1610612757,2019,0,Ofensivo,2018-11-28,0,Ofensivo
1610612758,2019,0,Ofensivo,2018-11-28,0,Ofensivo
1610612759,2019,1,Defensivo,2018-11-28,1,Defensivo
1610612760,2019,0,Ofensivo,2018-11-28,0,Ofensivo
1610612761,2019,3,Elite,2018-11-28,3,Elite
1610612762,2019,2,Reconstrução,2018-11-28,3,Elite
1610612763,2019,1,Defensivo,2018-11-28,2,Reconstrução
1610612764,2019,0,Ofensivo,2018-11-28,0,Ofensivo
1610612765,2019,0,Ofensivo,2018-11-28,1,Defensivo
1610612766,2019,1,Defensivo,2018-11-28,1,Defensivo
1610612737,2019,2,Reconstrução,2018-11-10,0,Ofensivo
1610612738,2019,1,Defensivo,2018-11-10,1,Defensivo
1610612739,2019,2,Reconstrução,2018-11-10,2,Reconstrução
1610612740,2019,0,Ofensivo,2018-11-10,0,Ofensivo
1610612741,2019,2,Reconstrução,2018-11-10,2,Reconstrução
1610612742,2019,2,Reconstrução,2018-11-10,1,Defensivo
1610612743,2019,1,Defensivo,2018-11-10,1,Defensivo
1610612744,2019,3,Elite,2018-11-10,3,Elite
1610612745,2019,2,Reconstrução,2018-11-10,3,Elite
1610612746,2019,3,Elite,2018-11-10,0,Ofensivo
1610612747,2019,0,Ofensivo,2018-11-10,2,Reconstrução
1610612748,2019,0,Ofensivo,2018-11-10,1,Defensivo
1610612749,2019,3,Elite,2018-11-10,3,Elite
1610612750,2019,2,Reconstrução,2018-11-10,0,Ofensivo
1610612751,2019,0,Ofensivo,2018-11-10,0,Ofensivo
1610612752,2019,2,Reconstrução,2018-11-10,2,Reconstrução
1610612753,2019,2,Reconstrução,2018-11-10,1,Defensivo
1610612754,2019,1,Defensivo,2018-11-10,1,Defensivo
1610612755,2019,0,Ofensivo,2018-11-10,0,Ofensivo
1610612756,2019,2,Reconstrução,2018-11-10,2,Reconstrução
1610612757,2019,0,Ofensivo,2018-11-10,0,Ofensivo
1610612758,2019,3,Elite,2018-11-10,0,Ofensivo
1610612759,2019,0,Ofensivo,2018-11-10,1,Defensivo
1610612760,2019,0,Ofensivo,2018-11-10,0,Ofensivo
1610612761,2019,1,Defensivo,2018-11-10,3,Elite
1610612762,2019,1,Defensivo,2018-11-10,3,Elite
1610612763,2019,1,Defensivo,2018-11-10,2,Reconstrução
1610612764,2019,2,Reconstrução,2018-11-10,0,Ofensivo
1610612765,2019,0,Ofensivo,2018-11-10,1,Defensivo
1610612766,2019,3,Elite,2018-11-10,1,Defensivo
1610612737,2018,2,Reconstrução,2018-02-08,2,Reconstrução
1610612738,2018,1,Defensivo,2018-02-08,1,Defensivo
1610612739,2018,1,Defensivo,2018-02-08,3,Elite
1610612740,2018,0,Ofensivo,2018-02-08,0,Ofensivo
1610612741,2018,2,Reconstrução,2018-02-08,2,Reconstrução
1610612742,2018,1,Defensivo,2018-02-08,2,Reconstrução
1610612743,2018,0,Ofensivo,2018-02-08,0,Ofensivo
1610612744,2018,3,Elite,2018-02-08,3,Elite
1610612745,2018,3,Elite,2018-02-08,3,Elite
1610612746,2018,0,Ofensivo,2018-02-08,0,Ofensivo
1610612747,2018,0,Ofensivo,2018-02-08,3,Elite
1610612748,2018,1,Defensivo,2018-02-08,0,Ofensivo
1610612749,2018,1,Defensivo,2018-02-08,0,Ofensivo
1610612750,2018,0,Ofensivo,2018-02-08,0,Ofensivo
1610612751,2018,2,Reconstrução,2018-02-08,0,Ofensivo
1610612752,2018,1,Defensivo,2018-02-08,2,Reconstrução
1610612753,2018,2,Reconstrução,2018-02-08,2,Reconstrução
1610612754,2018,1,Defensivo,2018-02-08,1,Defensivo
1610612755,2018,0,Ofensivo,2018-02-08,3,Elite
1610612756,2018,2,Reconstrução,2018-02-08,2,Reconstrução
1610612757,2018,1,Defensivo,2018-02-08,1,Defensivo
1610612758,2018,2,Reconstrução,2018-02-08,2,Reconstrução
1610612759,2018,1,Defensivo,2018-02-08,0,Ofensivo
1610612760,2018,0,Ofensivo,2018-02-08,0,Ofensivo
1610612761,2018,3,Elite,2018-02-08,3,Elite
1610612762,2018,1,Defensivo,2018-02-08,1,Defensivo
1610612763,2018,2,Reconstrução,2018-02-08,2,Reconstrução
1610612764,2018,1,Defensivo,2018-02-08,1,Defensivo
1610612765,2018,1,Defensivo,2018-02-08,2,Reconstrução
1610612766,2018,1,Defensivo,2018-02-08,3,Elite
1610612737,2018,2,Reconstrução,2018-02-07,2,Reconstrução
1610612738,2018,1,Defensivo,2018-02-07,1,Defensivo
1610612739,2018,1,Defensivo,2018-02-07,3,Elite
1610612740,2018,0,Ofensivo,2018-02-07,0,Ofensivo
1610612741,2018,2,Reconstrução,2018-02-07,2,Reconstrução
1610612742,2018,1,Defensivo,2018-02-07,2,Reconstrução
1610612743,2018,0,Ofensivo,2018-02-07,0,Ofensivo
1610612744,2018,3,Elite,2018-02-07,3,Elite
1610612745,2018,3,Elite,2018-02-07,3,Elite
1610612746,2018,0,Ofensivo,2018-02-07,0,Ofensivo
1610612747,2018,0,Ofensivo,2018-02-07,3,Elite
1610612748,2018,1,Defensivo,2018-02-07,0,Ofensivo
1610612749,2018,1,Defensivo,2018-02-07,0,Ofensivo
1610612750,2018,0,Ofensivo,2018-02-07,0,Ofensivo
1610612751,2018,2,Reconstrução,2018-02-07,0,Ofensivo
1610612752,2018,1,Defensivo,2018-02-07,2,Reconstrução
1610612753,2018,2,Reconstrução,2018-02-07,2,Reconstrução
1610612754,2018,1,Defensivo,2018-02-07,1,Defensivo
1610612755,2018,0,Ofensivo,2018-02-07,3,Elite
1610612756,2018,2,Reconstrução,2018-02-07,2,Reconstrução
1610612757,2018,1,Defensivo,2018-02-07,1,Defensivo
1610612758,2018,2,Reconstrução,2018-02-07,2,Reconstrução
1610612759,2018,1,Defensivo,2018-02-07,0,Ofensivo
1610612760,2018,0,Ofensivo,2018-02-07,0,Ofensivo
1610612761,2018,3,Elite,2018-02-07,3,Elite
1610612762,2018,1,Defensivo,2018-02-07,1,Defensivo
1610612763,2018,2,Reconstrução,2018-02-07,2,Reconstrução
1610612764,2018,1,Defensivo,2018-02-07,1,Defensivo
1610612765,2018,1,Defensivo,2018-02-07,2,Reconstrução
1610612766,2018,1,Defensivo,2018-02-07,3,Elite
1610612737,2018,2,Reconstrução,2018-02-05,2,Reconstrução
1610612738,2018,1,Defensivo,2018-02-05,1,Defensivo
1610612739,2018,1,Defensivo,2018-02-05,3,Elite
1610612740,2018,0,Ofensivo,2018-02-05,0,Ofensivo
1610612741,2018,2,Reconstrução,2018-02-05,2,Reconstrução
1610612742,2018,1,Defensivo,2018-02-05,2,Reconstrução
1610612743,2018,0,Ofensivo,2018-02-05,3,Elite
1610612744,2018,3,Elite,2018-02-05,3,Elite
1610612745,2018,3,Elite,2018-02-05,3,Elite
1610612746,2018,0,Ofensivo,2018-02-05,0,Ofensivo
1610612747,2018,0,Ofensivo,2018-02-05,3,Elite
1610612748,2018,1,Defensivo,2018-02-05,0,Ofensivo
1610612749,2018,1,Defensivo,2018-02-05,0,Ofensivo
1610612750,2018,0,Ofensivo,2018-02-05,0,Ofensivo
1610612751,2018,2,Reconstrução,2018-02-05,0,Ofensivo
1610612752,2018,1,Defensivo,2018-02-05,2,Reconstrução
1610612753,2018,2,Reconstrução,2018-02-05,2,Reconstrução
1610612754,2018,1,Defensivo,2018-02-05,1,Defensivo
1610612755,2018,0,Ofensivo,2018-02-05,3,Elite
1610612756,2018,2,Reconstrução,2018-02-05,2,Reconstrução
1610612757,2018,1,Defensivo,2018-02-05,1,Defensivo
1610612758,2018,2,Reconstrução,2018-02-05,2,Reconstrução
1610612759,2018,1,Defensivo,2018-02-05,0,Ofensivo
1610612760,2018,0,Ofensivo,2018-02-05,0,Ofensivo
1610612761,2018,3,Elite,2018-02-05,3,Elite
1610612762,2018,1,Defensivo,2018-02-05,1,Defensivo
1610612763,2018,2,Reconstrução,2018-02-05,2,Reconstrução
1610612764,2018,1,Defensivo,2018-02-05,1,Defensivo
1610612765,2018,1,Defensivo,2018-02-05,1,Defensivo
1610612766,2018,1,Defensivo,2018-02-05,3,Elite
1610612737,2018,2,Reconstrução,2018-02-01,2,Reconstrução
1610612738,2018,1,Defensivo,2018-02-01,1,Defensivo
1610612739,2018,1,Defensivo,2018-02-01,3,Elite
1610612740,2018,0,Ofensivo,2018-02-01,0,Ofensivo
1610612741,2018,2,Reconstrução,2018-02-01,2,Reconstrução
1610612742,2018,1,Defensivo,2018-02-01,2,Reconstrução
1610612743,2018,0,Ofensivo,2018-02-01,3,Elite
1610612744,2018,3,Elite,2018-02-01,3,Elite
1610612745,2018,3,Elite,2018-02-01,3,Elite
1610612746,2018,0,Ofensivo,2018-02-01,0,Ofensivo
1610612747,2018,0,Ofensivo,2018-02-01,3,Elite
1610612748,2018,1,Defensivo,2018-02-01,0,Ofensivo
1610612749,2018,1,Defensivo,2018-02-01,0,Ofensivo
1610612750,2018,0,Ofensivo,2018-02-01,0,Ofensivo
1610612751,2018,0,Ofensivo,2018-02-01,0,Ofensivo
1610612752,2018,1,Defensivo,2018-02-01,2,Reconstrução
1610612753,2018,2,Reconstrução,2018-02-01,2,Reconstrução
1610612754,2018,1,Defensivo,2018-02-01,1,Defensivo
1610612755,2018,0,Ofensivo,2018-02-01,3,Elite
1610612756,2018,2,Reconstrução,2018-02-01,2,Reconstrução
1610612757,2018,1,Defensivo,2018-02-01,1,Defensivo
1610612758,2018,2,Reconstrução,2018-02-01,2,Reconstrução
1610612759,2018,1,Defensivo,2018-02-01,0,Ofensivo
1610612760,2018,0,Ofensivo,2018-02-01,0,Ofensivo
1610612761,2018,3,Elite,2018-02-01,3,Elite
1610612762,2018,1,Defensivo,2018-02-01,3,Elite
1610612763,2018,1,Defensivo,2018-02-01,2,Reconstrução
1610612764,2018,1,Defensivo,2018-02-01,1,Defensivo
1610612765,2018,1,Defensivo,2018-02-01,1,Defensivo
1610612766,2018,1,Defensivo,2018-02-01,3,Elite
1610612737,2018,2,Reconstrução,2018-01-29,2,Reconstrução
1610612738,2018,1,Defensivo,2018-01-29,1,Defensivo
1610612739,2018,1,Defensivo,2018-01-29,3,Elite
1610612740,2018,0,Ofensivo,2018-01-29,0,Ofensivo
1610612741,2018,2,Reconstrução,2018-01-29,2,Reconstrução
1610612742,2018,1,Defensivo,2018-01-29,2,Reconstrução
1610612743,2018,0,Ofensivo,2018-01-29,3,Elite
1610612744,2018,3,Elite,2018-01-29,3,Elite
1610612745,2018,3,Elite,2018-01-29,3,Elite
1610612746,2018,0,Ofensivo,2018-01-29,0,Ofensivo
1610612747,2018,0,Ofensivo,2018-01-29,0,Ofensivo
1610612748,2018,1,Defensivo,2018-01-29,0,Ofensivo
1610612749,2018,1,Defensivo,2018-01-29,0,Ofensivo
1610612750,2018,0,Ofensivo,2018-01-29,0,Ofensivo
1610612751,2018,0,Ofensivo,2018-01-29,0,Ofensivo
1610612752,2018,1,Defensivo,2018-01-29,2,Reconstrução
1610612753,2018,2,Reconstrução,2018-01-29,2,Reconstrução
1610612754,2018,1,Defensivo,2018-01-29,1,Defensivo
1610612755,2018,0,Ofensivo,2018-01-29,3,Elite
1610612756,2018,2,Reconstrução,2018-01-29,2,Reconstrução
1610612757,2018,1,Defensivo,2018-01-29,1,Defensivo
1610612758,2018,2,Reconstrução,2018-01-29,2,Reconstrução
1610612759,2018,1,Defensivo,2018-01-29,0,Ofensivo
1610612760,2018,0,Ofensivo,2018-01-29,0,Ofensivo
1610612761,2018,3,Elite,2018-01-29,3,Elite
1610612762,2018,1,Defensivo,2018-01-29,3,Elite
1610612763,2018,1,Defensivo,2018-01-29,2,Reconstrução
1610612764,2018,1,Defensivo,2018-01-29,1,Defensivo
1610612765,2018,1,Defensivo,2018-01-29,1,Defensivo
1610612766,2018,1,Defensivo,2018-01-29,3,Elite
1610612737,2018,2,Reconstrução,2017-12-07,2,Reconstrução
1610612738,2018,1,Defensivo,2017-12-07,1,Defensivo
1610612739,2018,1,Defensivo,2017-12-07,3,Elite
1610612740,2018,0,Ofensivo,2017-12-07,0,Ofensivo
1610612741,2018,2,Reconstrução,2017-12-07,2,Reconstrução
1610612742,2018,2,Reconstrução,2017-12-07,2,Reconstrução
1610612743,2018,1,Defensivo,2017-12-07,0,Ofensivo
1610612744,2018,3,Elite,2017-12-07,3,Elite
1610612745,2018,3,Elite,2017-12-07,3,Elite
1610612746,2018,2,Reconstrução,2017-12-07,0,Ofensivo
1610612747,2018,0,Ofensivo,2017-12-07,0,Ofensivo
1610612748,2018,2,Reconstrução,2017-12-07,0,Ofensivo
1610612749,2018,1,Defensivo,2017-12-07,1,Defensivo
1610612750,2018,1,Defensivo,2017-12-07,0,Ofensivo
1610612751,2018,0,Ofensivo,2017-12-07,2,Reconstrução
1610612752,2018,1,Defensivo,2017-12-07,2,Reconstrução
1610612753,2018,2,Reconstrução,2017-12-07,2,Reconstrução
1610612754,2018,1,Defensivo,2017-12-07,1,Defensivo
1610612755,2018,0,Ofensivo,2017-12-07,0,Ofensivo
1610612756,2018,0,Ofensivo,2017-12-07,2,Reconstrução
1610612757,2018,1,Defensivo,2017-12-07,1,Defensivo
1610612758,2018,2,Reconstrução,2017-12-07,2,Reconstrução
1610612759,2018,1,Defensivo,2017-12-07,1,Defensivo
1610612760,2018,1,Defensivo,2017-12-07,0,Ofensivo
1610612761,2018,3,Elite,2017-12-07,3,Elite
1610612762,2018,3,Elite,2017-12-07,1,Defensivo
1610612763,2018,1,Defensivo,2017-12-07,2,Reconstrução
1610612764,2018,0,Ofensivo,2017-12-07,1,Defensivo
1610612765,2018,1,Defensivo,2017-12-07,1,Defensivo
1610612766,2018,2,Reconstrução,2017-12-07,3,Elite
1610612737,2018,2,Reconstrução,2017-11-07,2,Reconstrução
1610612738,2018,1,Defensivo,2017-11-07,1,Defensivo
1610612739,2018,2,Reconstrução,2017-11-07,3,Elite
1610612740,2018,0,Ofensivo,2017-11-07,0,Ofensivo
1610612742,2018,2,Reconstrução,2017-11-07,1,Defensivo
1610612743,2018,0,Ofensivo,2017-11-07,0,Ofensivo
1610612744,2018,3,Elite,2017-11-07,3,Elite
1610612745,2018,3,Elite,2017-11-07,3,Elite
1610612747,2018,0,Ofensivo,2017-11-07,0,Ofensivo
1610612748,2018,2,Reconstrução,2017-11-07,0,Ofensivo
1610612750,2018,1,Defensivo,2017-11-07,0,Ofensivo
1610612751,2018,0,Ofensivo,2017-11-07,2,Reconstrução
1610612753,2018,3,Elite,2017-11-07,2,Reconstrução
1610612754,2018,3,Elite,2017-11-07,1,Defensivo
1610612756,2018,2,Reconstrução,2017-11-07,2,Reconstrução
1610612757,2018,0,Ofensivo,2017-11-07,1,Defensivo
1610612759,2018,1,Defensivo,2017-11-07,1,Defensivo
1610612762,2018,1,Defensivo,2017-11-07,3,Elite
1610612763,2018,1,Defensivo,2017-11-07,2,Reconstrução
1610612765,2018,1,Defensivo,2017-11-07,1,Defensivo
1610612766,2018,1,Defensivo,2017-11-07,1,Defensivo
1610612737,2020,2,Reconstrução,2020-02-06,0,Ofensivo
1610612738,2020,1,Defensivo,2020-02-06,0,Ofensivo
1610612739,2020,2,Reconstrução,2020-02-06,0,Ofensivo
1610612740,2020,0,Ofensivo,2020-02-06,0,Ofensivo
1610612741,2020,2,Reconstrução,2020-02-06,2,Reconstrução
1610612742,2020,3,Elite,2020-02-06,0,Ofensivo
1610612743,2020,1,Defensivo,2020-02-06,0,Ofensivo
1610612744,2020,2,Reconstrução,2020-02-06,2,Reconstrução
1610612745,2020,3,Elite,2020-02-06,3,Elite
1610612746,2020,3,Elite,2020-02-06,3,Elite
1610612747,2020,3,Elite,2020-02-06,0,Ofensivo
1610612748,2020,3,Elite,2020-02-06,3,Elite
1610612749,2020,3,Elite,2020-02-06,3,Elite
1610612750,2020,0,Ofensivo,2020-02-06,3,Elite
1610612751,2020,0,Ofensivo,2020-02-06,0,Ofensivo
1610612752,2020,2,Reconstrução,2020-02-06,0,Ofensivo
1610612753,2020,1,Defensivo,2020-02-06,1,Defensivo
1610612754,2020,1,Defensivo,2020-02-06,1,Defensivo
1610612755,2020,1,Defensivo,2020-02-06,3,Elite
1610612756,2020,0,Ofensivo,2020-02-06,1,Defensivo
1610612757,2020,1,Defensivo,2020-02-06,1,Defensivo
1610612758,2020,2,Reconstrução,2020-02-06,1,Defensivo
1610612759,2020,0,Ofensivo,2020-02-06,0,Ofensivo
1610612760,2020,1,Defensivo,2020-02-06,1,Defensivo
1610612761,2020,3,Elite,2020-02-06,3,Elite
1610612762,2020,1,Defensivo,2020-02-06,0,Ofensivo
1610612763,2020,1,Defensivo,2020-02-06,0,Ofensivo
1610612764,2020,0,Ofensivo,2020-02-06,2,Reconstrução
1610612765,2020,1,Defensivo,2020-02-06,2,Reconstrução
1610612766,2020,2,Reconstrução,2020-02-06,1,Defensivo
1610612737,2020,2,Reconstrução,2020-02-05,0,Ofensivo
1610612738,2020,1,Defensivo,2020-02-05,0,Ofensivo
1610612739,2020,2,Reconstrução,2020-02-05,0,Ofensivo
1610612740,2020,0,Ofensivo,2020-02-05,0,Ofensivo
1610612741,2020,2,Reconstrução,2020-02-05,2,Reconstrução
1610612742,2020,3,Elite,2020-02-05,0,Ofensivo
1610612743,2020,1,Defensivo,2020-02-05,0,Ofensivo
1610612744,2020,2,Reconstrução,2020-02-05,2,Reconstrução
1610612745,2020,3,Elite,2020-02-05,3,Elite
1610612746,2020,3,Elite,2020-02-05,3,Elite
1610612747,2020,3,Elite,2020-02-05,0,Ofensivo
1610612748,2020,3,Elite,2020-02-05,1,Defensivo
1610612749,2020,3,Elite,2020-02-05,3,Elite
1610612750,2020,0,Ofensivo,2020-02-05,3,Elite
1610612751,2020,0,Ofensivo,2020-02-05,3,Elite
1610612752,2020,2,Reconstrução,2020-02-05,0,Ofensivo
1610612753,2020,1,Defensivo,2020-02-05,1,Defensivo
1610612754,2020,1,Defensivo,2020-02-05,1,Defensivo
1610612755,2020,1,Defensivo,2020-02-05,3,Elite
1610612756,2020,0,Ofensivo,2020-02-05,1,Defensivo
1610612757,2020,1,Defensivo,2020-02-05,1,Defensivo
1610612758,2020,2,Reconstrução,2020-02-05,1,Defensivo
1610612759,2020,0,Ofensivo,2020-02-05,0,Ofensivo
1610612760,2020,1,Defensivo,2020-02-05,1,Defensivo
1610612761,2020,3,Elite,2020-02-05,3,Elite
1610612762,2020,1,Defensivo,2020-02-05,0,Ofensivo
1610612763,2020,1,Defensivo,2020-02-05,0,Ofensivo
1610612764,2020,0,Ofensivo,2020-02-05,2,Reconstrução
1610612765,2020,1,Defensivo,2020-02-05,2,Reconstrução
1610612766,2020,2,Reconstrução,2020-02-05,1,Defensivo
1610612737,2020,2,Reconstrução,2020-01-25,0,Ofensivo
1610612738,2020,1,Defensivo,2020-01-25,0,Ofensivo
1610612739,2020,2,Reconstrução,2020-01-25,2,Reconstrução
1610612740,2020,0,Ofensivo,2020-01-25,0,Ofensivo
1610612741,2020,2,Reconstrução,2020-01-25,2,Reconstrução
1610612742,2020,3,Elite,2020-01-25,0,Ofensivo
1610612743,2020,1,Defensivo,2020-01-25,1,Defensivo
1610612744,2020,2,Reconstrução,2020-01-25,2,Reconstrução
1610612745,2020,3,Elite,2020-01-25,3,Elite
1610612746,2020,3,Elite,2020-01-25,3,Elite
1610612747,2020,3,Elite,2020-01-25,0,Ofensivo
1610612748,2020,0,Ofensivo,2020-01-25,3,Elite
1610612749,2020,3,Elite,2020-01-25,3,Elite
1610612750,2020,0,Ofensivo,2020-01-25,0,Ofensivo
1610612751,2020,0,Ofensivo,2020-01-25,3,Elite
1610612752,2020,2,Reconstrução,2020-01-25,0,Ofensivo
1610612753,2020,1,Defensivo,2020-01-25,1,Defensivo
1610612754,2020,1,Defensivo,2020-01-25,1,Defensivo
1610612755,2020,1,Defensivo,2020-01-25,3,Elite
1610612756,2020,0,Ofensivo,2020-01-25,1,Defensivo
1610612757,2020,1,Defensivo,2020-01-25,1,Defensivo
1610612758,2020,2,Reconstrução,2020-01-25,1,Defensivo
1610612759,2020,0,Ofensivo,2020-01-25,1,Defensivo
1610612760,2020,1,Defensivo,2020-01-25,1,Defensivo
1610612761,2020,3,Elite,2020-01-25,3,Elite
1610612762,2020,1,Defensivo,2020-01-25,0,Ofensivo
1610612763,2020,1,Defensivo,2020-01-25,0,Ofensivo
1610612764,2020,0,Ofensivo,2020-01-25,0,Ofensivo
1610612765,2020,1,Defensivo,2020-01-25,2,Reconstrução
1610612766,2020,2,Reconstrução,2020-01-25,2,Reconstrução
1610612737,2020,2,Reconstrução,2020-01-24,0,Ofensivo
1610612738,2020,3,Elite,2020-01-24,0,Ofensivo
1610612739,2020,2,Reconstrução,2020-01-24,2,Reconstrução
1610612740,2020,0,Ofensivo,2020-01-24,0,Ofensivo
1610612741,2020,2,Reconstrução,2020-01-24,2,Reconstrução
1610612742,2020,3,Elite,2020-01-24,0,Ofensivo
1610612743,2020,1,Defensivo,2020-01-24,0,Ofensivo
1610612744,2020,2,Reconstrução,2020-01-24,2,Reconstrução
1610612745,2020,3,Elite,2020-01-24,3,Elite
1610612746,2020,3,Elite,2020-01-24,3,Elite
1610612747,2020,3,Elite,2020-01-24,0,Ofensivo
1610612748,2020,3,Elite,2020-01-24,3,Elite
1610612749,2020,3,Elite,2020-01-24,3,Elite
1610612750,2020,0,Ofensivo,2020-01-24,0,Ofensivo
1610612751,2020,0,Ofensivo,2020-01-24,3,Elite
1610612752,2020,2,Reconstrução,2020-01-24,0,Ofensivo
1610612753,2020,1,Defensivo,2020-01-24,1,Defensivo
1610612754,2020,1,Defensivo,2020-01-24,1,Defensivo
1610612755,2020,1,Defensivo,2020-01-24,3,Elite
1610612756,2020,0,Ofensivo,2020-01-24,1,Defensivo
1610612757,2020,1,Defensivo,2020-01-24,1,Defensivo
1610612758,2020,2,Reconstrução,2020-01-24,1,Defensivo
1610612759,2020,0,Ofensivo,2020-01-24,1,Defensivo
1610612760,2020,1,Defensivo,2020-01-24,1,Defensivo
1610612761,2020,3,Elite,2020-01-24,3,Elite
1610612762,2020,1,Defensivo,2020-01-24,0,Ofensivo
1610612763,2020,1,Defensivo,2020-01-24,0,Ofensivo
1610612764,2020,0,Ofensivo,2020-01-24,0,Ofensivo
1610612765,2020,1,Defensivo,2020-01-24,2,Reconstrução
1610612766,2020,2,Reconstrução,2020-01-24,2,Reconstrução
1610612737,2020,2,Reconstrução,2020-01-21,0,Ofensivo
1610612738,2020,3,Elite,2020-01-21,0,Ofensivo
1610612739,2020,2,Reconstrução,2020-01-21,2,Reconstrução
1610612740,2020,0,Ofensivo,2020-01-21,0,Ofensivo
1610612741,2020,2,Reconstrução,2020-01-21,2,Reconstrução
1610612742,2020,3,Elite,2020-01-21,0,Ofensivo
1610612743,2020,1,Defensivo,2020-01-21,0,Ofensivo
1610612744,2020,2,Reconstrução,2020-01-21,2,Reconstrução
1610612745,2020,3,Elite,2020-01-21,3,Elite
1610612746,2020,3,Elite,2020-01-21,3,Elite
1610612747,2020,1,Defensivo,2020-01-21,3,Elite
1610612748,2020,3,Elite,2020-01-21,3,Elite
1610612749,2020,3,Elite,2020-01-21,3,Elite
1610612750,2020,0,Ofensivo,2020-01-21,0,Ofensivo
1610612751,2020,0,Ofensivo,2020-01-21,3,Elite
1610612752,2020,2,Reconstrução,2020-01-21,0,Ofensivo
1610612753,2020,1,Defensivo,2020-01-21,1,Defensivo
1610612754,2020,1,Defensivo,2020-01-21,1,Defensivo
1610612755,2020,1,Defensivo,2020-01-21,3,Elite
1610612756,2020,0,Ofensivo,2020-01-21,1,Defensivo
1610612757,2020,1,Defensivo,2020-01-21,1,Defensivo
1610612758,2020,2,Reconstrução,2020-01-21,1,Defensivo
1610612759,2020,0,Ofensivo,2020-01-21,1,Defensivo
1610612760,2020,1,Defensivo,2020-01-21,1,Defensivo
1610612761,2020,3,Elite,2020-01-21,3,Elite
1610612762,2020,1,Defensivo,2020-01-21,0,Ofensivo
1610612763,2020,0,Ofensivo,2020-01-21,0,Ofensivo
1610612764,2020,2,Reconstrução,2020-01-21,0,Ofensivo
1610612765,2020,1,Defensivo,2020-01-21,2,Reconstrução
1610612766,2020,2,Reconstrução,2020-01-21,2,Reconstrução
1610612737,2020,2,Reconstrução,2020-01-16,0,Ofensivo
1610612738,2020,1,Defensivo,2020-01-16,3,Elite
1610612739,2020,2,Reconstrução,2020-01-16,2,Reconstrução
1610612740,2020,0,Ofensivo,2020-01-16,0,Ofensivo
1610612741,2020,2,Reconstrução,2020-01-16,2,Reconstrução
1610612742,2020,3,Elite,2020-01-16,3,Elite
1610612743,2020,1,Defensivo,2020-01-16,0,Ofensivo
1610612744,2020,2,Reconstrução,2020-01-16,2,Reconstrução
1610612745,2020,3,Elite,2020-01-16,3,Elite
1610612746,2020,3,Elite,2020-01-16,3,Elite
1610612747,2020,3,Elite,2020-01-16,0,Ofensivo
1610612748,2020,3,Elite,2020-01-16,1,Defensivo
1610612749,2020,3,Elite,2020-01-16,3,Elite
1610612750,2020,0,Ofensivo,2020-01-16,2,Reconstrução
1610612751,2020,0,Ofensivo,2020-01-16,3,Elite
1610612752,2020,2,Reconstrução,2020-01-16,0,Ofensivo
1610612753,2020,1,Defensivo,2020-01-16,1,Defensivo
1610612754,2020,1,Defensivo,2020-01-16,1,Defensivo
1610612755,2020,1,Defensivo,2020-01-16,1,Defensivo
1610612756,2020,0,Ofensivo,2020-01-16,1,Defensivo
1610612757,2020,1,Defensivo,2020-01-16,1,Defensivo
1610612758,2020,2,Reconstrução,2020-01-16,1,Defensivo
1610612759,2020,0,Ofensivo,2020-01-16,1,Defensivo
1610612760,2020,1,Defensivo,2020-01-16,1,Defensivo
1610612761,2020,3,Elite,2020-01-16,3,Elite
1610612762,2020,1,Defensivo,2020-01-16,0,Ofensivo
1610612763,2020,0,Ofensivo,2020-01-16,0,Ofensivo
1610612764,2020,2,Reconstrução,2020-01-16,0,Ofensivo
1610612765,2020,1,Defensivo,2020-01-16,2,Reconstrução
1610612766,2020,2,Reconstrução,2020-01-16,2,Reconstrução
1610612737,2020,2,Reconstrução,2019-12-23,0,Ofensivo
1610612738,2020,1,Defensivo,2019-12-23,3,Elite
1610612739,2020,2,Reconstrução,2019-12-23,2,Reconstrução
1610612740,2020,2,Reconstrução,2019-12-23,0,Ofensivo
1610612741,2020,1,Defensivo,2019-12-23,2,Reconstrução
1610612742,2020,3,Elite,2019-12-23,3,Elite
1610612743,2020,1,Defensivo,2019-12-23,0,Ofensivo
1610612744,2020,2,Reconstrução,2019-12-23,2,Reconstrução
1610612745,2020,3,Elite,2019-12-23,3,Elite
1610612746,2020,3,Elite,2019-12-23,3,Elite
1610612747,2020,1,Defensivo,2019-12-23,3,Elite
1610612748,2020,3,Elite,2019-12-23,1,Defensivo
1610612749,2020,3,Elite,2019-12-23,3,Elite
1610612750,2020,0,Ofensivo,2019-12-23,0,Ofensivo
1610612751,2020,0,Ofensivo,2019-12-23,0,Ofensivo
1610612752,2020,2,Reconstrução,2019-12-23,0,Ofensivo
1610612753,2020,1,Defensivo,2019-12-23,1,Defensivo
1610612754,2020,1,Defensivo,2019-12-23,1,Defensivo
1610612755,2020,1,Defensivo,2019-12-23,1,Defensivo
1610612756,2020,0,Ofensivo,2019-12-23,1,Defensivo
1610612757,2020,1,Defensivo,2019-12-23,1,Defensivo
1610612758,2020,1,Defensivo,2019-12-23,0,Ofensivo
1610612759,2020,0,Ofensivo,2019-12-23,1,Defensivo
1610612760,2020,1,Defensivo,2019-12-23,1,Defensivo
1610612761,2020,3,Elite,2019-12-23,3,Elite
1610612762,2020,1,Defensivo,2019-12-23,1,Defensivo
1610612763,2020,2,Reconstrução,2019-12-23,3,Elite
1610612764,2020,0,Ofensivo,2019-12-23,2,Reconstrução
1610612765,2020,1,Defensivo,2019-12-23,2,Reconstrução
1610612766,2020,2,Reconstrução,2019-12-23,2,Reconstrução
1610612737,2021,0,Ofensivo,2021-03-25,3,Elite
1610612738,2021,0,Ofensivo,2021-03-25,0,Ofensivo
1610612739,2021,2,Reconstrução,2021-03-25,2,Reconstrução
1610612740,2021,0,Ofensivo,2021-03-25,0,Ofensivo
1610612741,2021,0,Ofensivo,2021-03-25,1,Defensivo
1610612742,2021,1,Defensivo,2021-03-25,1,Defensivo
1610612743,2021,0,Ofensivo,2021-03-25,0,Ofensivo
1610612744,2021,3,Elite,2021-03-25,3,Elite
1610612745,2021,2,Reconstrução,2021-03-25,2,Reconstrução
1610612746,2021,1,Defensivo,2021-03-25,1,Defensivo
1610612747,2021,1,Defensivo,2021-03-25,1,Defensivo
1610612748,2021,1,Defensivo,2021-03-25,1,Defensivo
1610612749,2021,3,Elite,2021-03-25,3,Elite
1610612750,2021,2,Reconstrução,2021-03-25,0,Ofensivo
1610612751,2021,3,Elite,2021-03-25,3,Elite
1610612752,2021,1,Defensivo,2021-03-25,1,Defensivo
1610612753,2021,2,Reconstrução,2021-03-25,2,Reconstrução
1610612754,2021,0,Ofensivo,2021-03-25,0,Ofensivo
1610612755,2021,0,Ofensivo,2021-03-25,1,Defensivo
1610612756,2021,1,Defensivo,2021-03-25,3,Elite
1610612757,2021,1,Defensivo,2021-03-25,3,Elite
1610612758,2021,0,Ofensivo,2021-03-25,1,Defensivo
1610612759,2021,1,Defensivo,2021-03-25,0,Ofensivo
1610612760,2021,2,Reconstrução,2021-03-25,2,Reconstrução
1610612761,2021,1,Defensivo,2021-03-25,1,Defensivo
1610612762,2021,3,Elite,2021-03-25,3,Elite
1610612763,2021,0,Ofensivo,2021-03-25,0,Ofensivo
1610612764,2021,0,Ofensivo,2021-03-25,0,Ofensivo
1610612765,2021,2,Reconstrução,2021-03-25,2,Reconstrução
1610612766,2021,1,Defensivo,2021-03-25,2,Reconstrução
1610612737,2021,0,Ofensivo,2021-03-22,1,Defensivo
1610612738,2021,1,Defensivo,2021-03-22,0,Ofensivo
1610612739,2021,2,Reconstrução,2021-03-22,2,Reconstrução
1610612740,2021,0,Ofensivo,2021-03-22,0,Ofensivo
1610612741,2021,0,Ofensivo,2021-03-22,2,Reconstrução
1610612742,2021,1,Defensivo,2021-03-22,1,Defensivo
1610612743,2021,0,Ofensivo,2021-03-22,0,Ofensivo
1610612744,2021,3,Elite,2021-03-22,3,Elite
1610612745,2021,2,Reconstrução,2021-03-22,2,Reconstrução
1610612746,2021,1,Defensivo,2021-03-22,1,Defensivo
1610612747,2021,1,Defensivo,2021-03-22,1,Defensivo
1610612748,2021,1,Defensivo,2021-03-22,1,Defensivo
1610612749,2021,3,Elite,2021-03-22,3,Elite
1610612750,2021,2,Reconstrução,2021-03-22,0,Ofensivo
1610612751,2021,3,Elite,2021-03-22,3,Elite
1610612752,2021,1,Defensivo,2021-03-22,1,Defensivo
1610612753,2021,2,Reconstrução,2021-03-22,2,Reconstrução
1610612754,2021,1,Defensivo,2021-03-22,0,Ofensivo
1610612755,2021,0,Ofensivo,2021-03-22,1,Defensivo
1610612756,2021,1,Defensivo,2021-03-22,3,Elite
1610612757,2021,1,Defensivo,2021-03-22,3,Elite
1610612758,2021,2,Reconstrução,2021-03-22,1,Defensivo
1610612759,2021,1,Defensivo,2021-03-22,0,Ofensivo
1610612760,2021,2,Reconstrução,2021-03-22,2,Reconstrução
1610612761,2021,1,Defensivo,2021-03-22,1,Defensivo
1610612762,2021,3,Elite,2021-03-22,3,Elite
1610612763,2021,0,Ofensivo,2021-03-22,0,Ofensivo
1610612764,2021,0,Ofensivo,2021-03-22,0,Ofensivo
1610612765,2021,2,Reconstrução,2021-03-22,2,Reconstrução
1610612766,2021,2,Reconstrução,2021-03-22,2,Reconstrução
1610612737,2021,0,Ofensivo,2021-03-19,1,Defensivo
1610612738,2021,0,Ofensivo,2021-03-19,0,Ofensivo
1610612739,2021,2,Reconstrução,2021-03-19,2,Reconstrução
1610612740,2021,0,Ofensivo,2021-03-19,0,Ofensivo
1610612741,2021,0,Ofensivo,2021-03-19,1,Defensivo
1610612742,2021,1,Defensivo,2021-03-19,1,Defensivo
1610612743,2021,0,Ofensivo,2021-03-19,0,Ofensivo
1610612744,2021,3,Elite,2021-03-19,3,Elite
1610612745,2021,2,Reconstrução,2021-03-19,2,Reconstrução
1610612746,2021,1,Defensivo,2021-03-19,1,Defensivo
1610612747,2021,0,Ofensivo,2021-03-19,1,Defensivo
1610612748,2021,1,Defensivo,2021-03-19,1,Defensivo
1610612749,2021,3,Elite,2021-03-19,3,Elite
1610612750,2021,2,Reconstrução,2021-03-19,0,Ofensivo
1610612751,2021,3,Elite,2021-03-19,3,Elite
1610612752,2021,1,Defensivo,2021-03-19,1,Defensivo
1610612753,2021,2,Reconstrução,2021-03-19,2,Reconstrução
1610612754,2021,1,Defensivo,2021-03-19,0,Ofensivo
1610612755,2021,0,Ofensivo,2021-03-19,1,Defensivo
1610612756,2021,1,Defensivo,2021-03-19,3,Elite
1610612757,2021,1,Defensivo,2021-03-19,3,Elite
1610612758,2021,0,Ofensivo,2021-03-19,1,Defensivo
1610612759,2021,1,Defensivo,2021-03-19,0,Ofensivo
1610612760,2021,2,Reconstrução,2021-03-19,2,Reconstrução
1610612761,2021,1,Defensivo,2021-03-19,1,Defensivo
1610612762,2021,3,Elite,2021-03-19,3,Elite
1610612763,2021,0,Ofensivo,2021-03-19,0,Ofensivo
1610612764,2021,0,Ofensivo,2021-03-19,0,Ofensivo
1610612765,2021,0,Ofensivo,2021-03-19,2,Reconstrução
1610612766,2021,1,Defensivo,2021-03-19,2,Reconstrução
1610612737,2021,0,Ofensivo,2021-03-18,1,Defensivo
1610612738,2021,0,Ofensivo,2021-03-18,0,Ofensivo
1610612739,2021,2,Reconstrução,2021-03-18,2,Reconstrução
1610612740,2021,0,Ofensivo,2021-03-18,0,Ofensivo
1610612741,2021,0,Ofensivo,2021-03-18,1,Defensivo
1610612742,2021,1,Defensivo,2021-03-18,1,Defensivo
1610612743,2021,0,Ofensivo,2021-03-18,0,Ofensivo
1610612744,2021,3,Elite,2021-03-18,3,Elite
1610612745,2021,2,Reconstrução,2021-03-18,2,Reconstrução
1610612746,2021,1,Defensivo,2021-03-18,1,Defensivo
1610612747,2021,0,Ofensivo,2021-03-18,1,Defensivo
1610612748,2021,1,Defensivo,2021-03-18,1,Defensivo
1610612749,2021,3,Elite,2021-03-18,3,Elite
1610612750,2021,2,Reconstrução,2021-03-18,0,Ofensivo
1610612751,2021,3,Elite,2021-03-18,3,Elite
1610612752,2021,1,Defensivo,2021-03-18,1,Defensivo
1610612753,2021,2,Reconstrução,2021-03-18,2,Reconstrução
1610612754,2021,1,Defensivo,2021-03-18,0,Ofensivo
1610612755,2021,0,Ofensivo,2021-03-18,1,Defensivo
1610612756,2021,1,Defensivo,2021-03-18,3,Elite
1610612757,2021,1,Defensivo,2021-03-18,3,Elite
1610612758,2021,0,Ofensivo,2021-03-18,1,Defensivo
1610612759,2021,1,Defensivo,2021-03-18,0,Ofensivo
1610612760,2021,2,Reconstrução,2021-03-18,2,Reconstrução
1610612761,2021,1,Defensivo,2021-03-18,1,Defensivo
1610612762,2021,3,Elite,2021-03-18,3,Elite
1610612763,2021,0,Ofensivo,2021-03-18,0,Ofensivo
1610612764,2021,0,Ofensivo,2021-03-18,0,Ofensivo
1610612765,2021,0,Ofensivo,2021-03-18,2,Reconstrução
1610612766,2021,1,Defensivo,2021-03-18,2,Reconstrução
1610612737,2021,0,Ofensivo,2021-03-17,1,Defensivo
1610612738,2021,0,Ofensivo,2021-03-17,0,Ofensivo
1610612739,2021,2,Reconstrução,2021-03-17,2,Reconstrução
1610612740,2021,0,Ofensivo,2021-03-17,0,Ofensivo
1610612741,2021,0,Ofensivo,2021-03-17,2,Reconstrução
1610612742,2021,1,Defensivo,2021-03-17,1,Defensivo
1610612743,2021,0,Ofensivo,2021-03-17,0,Ofensivo
1610612744,2021,3,Elite,2021-03-17,3,Elite
1610612745,2021,2,Reconstrução,2021-03-17,2,Reconstrução
1610612746,2021,1,Defensivo,2021-03-17,1,Defensivo
1610612747,2021,0,Ofensivo,2021-03-17,1,Defensivo
1610612748,2021,1,Defensivo,2021-03-17,1,Defensivo
1610612749,2021,3,Elite,2021-03-17,3,Elite
1610612750,2021,2,Reconstrução,2021-03-17,0,Ofensivo
1610612751,2021,3,Elite,2021-03-17,3,Elite
1610612752,2021,1,Defensivo,2021-03-17,1,Defensivo
1610612753,2021,2,Reconstrução,2021-03-17,2,Reconstrução
1610612754,2021,1,Defensivo,2021-03-17,0,Ofensivo
1610612755,2021,0,Ofensivo,2021-03-17,1,Defensivo
1610612756,2021,1,Defensivo,2021-03-17,3,Elite
1610612757,2021,1,Defensivo,2021-03-17,3,Elite
1610612758,2021,2,Reconstrução,2021-03-17,1,Defensivo
1610612759,2021,1,Defensivo,2021-03-17,0,Ofensivo
1610612760,2021,2,Reconstrução,2021-03-17,2,Reconstrução
1610612761,2021,1,Defensivo,2021-03-17,1,Defensivo
1610612762,2021,3,Elite,2021-03-17,3,Elite
1610612763,2021,0,Ofensivo,2021-03-17,0,Ofensivo
1610612764,2021,0,Ofensivo,2021-03-17,0,Ofensivo
1610612765,2021,2,Reconstrução,2021-03-17,2,Reconstrução
1610612766,2021,1,Defensivo,2021-03-17,2,Reconstrução
1610612737,2021,0,Ofensivo,2021-03-12,1,Defensivo
1610612738,2021,1,Defensivo,2021-03-12,0,Ofensivo
1610612739,2021,2,Reconstrução,2021-03-12,2,Reconstrução
1610612740,2021,0,Ofensivo,2021-03-12,0,Ofensivo
1610612741,2021,0,Ofensivo,2021-03-12,1,Defensivo
1610612742,2021,1,Defensivo,2021-03-12,1,Defensivo
1610612743,2021,0,Ofensivo,2021-03-12,0,Ofensivo
1610612744,2021,3,Elite,2021-03-12,3,Elite
1610612745,2021,2,Reconstrução,2021-03-12,2,Reconstrução
1610612746,2021,1,Defensivo,2021-03-12,1,Defensivo
1610612747,2021,0,Ofensivo,2021-03-12,1,Defensivo
1610612748,2021,1,Defensivo,2021-03-12,1,Defensivo
1610612749,2021,3,Elite,2021-03-12,3,Elite
1610612750,2021,2,Reconstrução,2021-03-12,0,Ofensivo
1610612751,2021,3,Elite,2021-03-12,3,Elite
1610612752,2021,1,Defensivo,2021-03-12,1,Defensivo
1610612753,2021,2,Reconstrução,2021-03-12,2,Reconstrução
1610612754,2021,1,Defensivo,2021-03-12,0,Ofensivo
1610612755,2021,0,Ofensivo,2021-03-12,3,Elite
1610612756,2021,1,Defensivo,2021-03-12,3,Elite
1610612757,2021,1,Defensivo,2021-03-12,3,Elite
1610612758,2021,0,Ofensivo,2021-03-12,1,Defensivo
1610612759,2021,1,Defensivo,2021-03-12,0,Ofensivo
1610612760,2021,2,Reconstrução,2021-03-12,2,Reconstrução
1610612761,2021,1,Defensivo,2021-03-12,2,Reconstrução
1610612762,2021,3,Elite,2021-03-12,3,Elite
1610612763,2021,0,Ofensivo,2021-03-12,0,Ofensivo
1610612764,2021,0,Ofensivo,2021-03-12,0,Ofensivo
1610612765,2021,0,Ofensivo,2021-03-12,2,Reconstrução
1610612766,2021,1,Defensivo,2021-03-12,2,Reconstrução
1610612737,2021,0,Ofensivo,2021-02-07,1,Defensivo
1610612738,2021,1,Defensivo,2021-02-07,0,Ofensivo
1610612739,2021,0,Ofensivo,2021-02-07,2,Reconstrução
1610612740,2021,0,Ofensivo,2021-02-07,0,Ofensivo
1610612741,2021,0,Ofensivo,2021-02-07,1,Defensivo
1610612742,2021,2,Reconstrução,2021-02-07,1,Defensivo
1610612743,2021,0,Ofensivo,2021-02-07,1,Defensivo
1610612744,2021,3,Elite,2021-02-07,3,Elite
1610612745,2021,3,Elite,2021-02-07,2,Reconstrução
1610612746,2021,1,Defensivo,2021-02-07,1,Defensivo
1610612747,2021,1,Defensivo,2021-02-07,1,Defensivo
1610612748,2021,2,Reconstrução,2021-02-07,1,Defensivo
1610612749,2021,3,Elite,2021-02-07,3,Elite
1610612750,2021,2,Reconstrução,2021-02-07,0,Ofensivo
1610612751,2021,0,Ofensivo,2021-02-07,3,Elite
1610612752,2021,1,Defensivo,2021-02-07,1,Defensivo
1610612753,2021,2,Reconstrução,2021-02-07,2,Reconstrução
1610612754,2021,1,Defensivo,2021-02-07,0,Ofensivo
1610612755,2021,0,Ofensivo,2021-02-07,0,Ofensivo
1610612756,2021,1,Defensivo,2021-02-07,3,Elite
1610612757,2021,1,Defensivo,2021-02-07,1,Defensivo
1610612758,2021,0,Ofensivo,2021-02-07,2,Reconstrução
1610612759,2021,1,Defensivo,2021-02-07,0,Ofensivo
1610612760,2021,2,Reconstrução,2021-02-07,2,Reconstrução
1610612761,2021,1,Defensivo,2021-02-07,1,Defensivo
1610612762,2021,3,Elite,2021-02-07,3,Elite
1610612763,2021,0,Ofensivo,2021-02-07,0,Ofensivo
1610612764,2021,0,Ofensivo,2021-02-07,0,Ofensivo
1610612765,2021,0,Ofensivo,2021-02-07,2,Reconstrução
1610612766,2021,1,Defensivo,2021-02-07,2,Reconstrução
1610612737,2021,0,Ofensivo,2021-01-22,0,Ofensivo
1610612738,2021,0,Ofensivo,2021-01-22,0,Ofensivo
1610612739,2021,0,Ofensivo,2021-01-22,2,Reconstrução
1610612740,2021,0,Ofensivo,2021-01-22,0,Ofensivo
1610612741,2021,0,Ofensivo,2021-01-22,1,Defensivo
1610612742,2021,1,Defensivo,2021-01-22,1,Defensivo
1610612743,2021,0,Ofensivo,2021-01-22,0,Ofensivo
1610612744,2021,3,Elite,2021-01-22,3,Elite
1610612745,2021,1,Defensivo,2021-01-22,2,Reconstrução
1610612746,2021,3,Elite,2021-01-22,1,Defensivo
1610612747,2021,1,Defensivo,2021-01-22,1,Defensivo
1610612748,2021,2,Reconstrução,2021-01-22,1,Defensivo
1610612749,2021,3,Elite,2021-01-22,3,Elite
1610612750,2021,2,Reconstrução,2021-01-22,0,Ofensivo
1610612751,2021,0,Ofensivo,2021-01-22,3,Elite
1610612752,2021,1,Defensivo,2021-01-22,1,Defensivo
1610612753,2021,2,Reconstrução,2021-01-22,2,Reconstrução
1610612754,2021,1,Defensivo,2021-01-22,0,Ofensivo
1610612755,2021,0,Ofensivo,2021-01-22,0,Ofensivo
1610612756,2021,1,Defensivo,2021-01-22,3,Elite
1610612757,2021,0,Ofensivo,2021-01-22,1,Defensivo
1610612758,2021,2,Reconstrução,2021-01-22,1,Defensivo
1610612759,2021,1,Defensivo,2021-01-22,0,Ofensivo
1610612760,2021,2,Reconstrução,2021-01-22,2,Reconstrução
1610612761,2021,1,Defensivo,2021-01-22,1,Defensivo
1610612762,2021,3,Elite,2021-01-22,3,Elite
1610612763,2021,0,Ofensivo,2021-01-22,0,Ofensivo
1610612764,2021,0,Ofensivo,2021-01-22,0,Ofensivo
1610612765,2021,0,Ofensivo,2021-01-22,2,Reconstrução
1610612766,2021,1,Defensivo,2021-01-22,2,Reconstrução
1610612737,2021,0,Ofensivo,2021-01-14,0,Ofensivo
1610612738,2021,0,Ofensivo,2021-01-14,0,Ofensivo
1610612739,2021,1,Defensivo,2021-01-14,2,Reconstrução
1610612740,2021,0,Ofensivo,2021-01-14,0,Ofensivo
1610612741,2021,2,Reconstrução,2021-01-14,1,Defensivo
1610612742,2021,1,Defensivo,2021-01-14,1,Defensivo
1610612743,2021,0,Ofensivo,2021-01-14,0,Ofensivo
1610612744,2021,3,Elite,2021-01-14,3,Elite
1610612746,2021,1,Defensivo,2021-01-14,1,Defensivo
1610612747,2021,3,Elite,2021-01-14,1,Defensivo
1610612749,2021,3,Elite,2021-01-14,3,Elite
1610612750,2021,2,Reconstrução,2021-01-14,0,Ofensivo
1610612751,2021,3,Elite,2021-01-14,3,Elite
1610612752,2021,1,Defensivo,2021-01-14,1,Defensivo
1610612753,2021,2,Reconstrução,2021-01-14,2,Reconstrução
1610612754,2021,1,Defensivo,2021-01-14,0,Ofensivo
1610612755,2021,0,Ofensivo,2021-01-14,0,Ofensivo
1610612756,2021,1,Defensivo,2021-01-14,3,Elite
1610612757,2021,3,Elite,2021-01-14,1,Defensivo
1610612758,2021,0,Ofensivo,2021-01-14,2,Reconstrução
1610612759,2021,1,Defensivo,2021-01-14,0,Ofensivo
1610612760,2021,2,Reconstrução,2021-01-14,2,Reconstrução
1610612761,2021,1,Defensivo,2021-01-14,1,Defensivo
1610612762,2021,3,Elite,2021-01-14,3,Elite
1610612763,2021,0,Ofensivo,2021-01-14,0,Ofensivo
1610612764,2021,0,Ofensivo,2021-01-14,0,Ofensivo
1610612765,2021,0,Ofensivo,2021-01-14,2,Reconstrução
1610612766,2021,1,Defensivo,2021-01-14,2,Reconstrução
1610612737,2022,1,Defensivo,2022-02-10,1,Defensivo
1610612738,2022,0,Ofensivo,2022-02-10,3,Elite
1610612739,2022,1,Defensivo,2022-02-10,1,Defensivo
1610612740,2022,2,Reconstrução,2022-02-10,0,Ofensivo
1610612741,2022,1,Defensivo,2022-02-10,2,Reconstrução
1610612742,2022,1,Defensivo,2022-02-10,1,Defensivo
1610612743,2022,1,Defensivo,2022-02-10,0,Ofensivo
1610612744,2022,3,Elite,2022-02-10,1,Defensivo
1610612745,2022,2,Reconstrução,2022-02-10,2,Reconstrução
1610612746,2022,1,Defensivo,2022-02-10,3,Elite
1610612747,2022,0,Ofensivo,2022-02-10,0,Ofensivo
1610612748,2022,1,Defensivo,2022-02-10,3,Elite
1610612749,2022,3,Elite,2022-02-10,3,Elite
1610612750,2022,0,Ofensivo,2022-02-10,3,Elite
1610612751,2022,1,Defensivo,2022-02-10,0,Ofensivo
1610612752,2022,2,Reconstrução,2022-02-10,0,Ofensivo
1610612753,2022,2,Reconstrução,2022-02-10,2,Reconstrução
1610612754,2022,2,Reconstrução,2022-02-10,2,Reconstrução
1610612755,2022,1,Defensivo,2022-02-10,3,Elite
1610612756,2022,3,Elite,2022-02-10,3,Elite
1610612757,2022,2,Reconstrução,2022-02-10,2,Reconstrução
1610612758,2022,2,Reconstrução,2022-02-10,2,Reconstrução
1610612759,2022,0,Ofensivo,2022-02-10,0,Ofensivo
1610612760,2022,2,Reconstrução,2022-02-10,2,Reconstrução
1610612761,2022,1,Defensivo,2022-02-10,1,Defensivo
1610612762,2022,3,Elite,2022-02-10,3,Elite
1610612763,2022,0,Ofensivo,2022-02-10,3,Elite
1610612764,2022,2,Reconstrução,2022-02-10,0,Ofensivo
1610612765,2022,2,Reconstrução,2022-02-10,2,Reconstrução
1610612766,2022,0,Ofensivo,2022-02-10,0,Ofensivo
1610612737,2022,1,Defensivo,2022-02-09,1,Defensivo
1610612738,2022,0,Ofensivo,2022-02-09,3,Elite
1610612739,2022,1,Defensivo,2022-02-09,1,Defensivo
1610612740,2022,2,Reconstrução,2022-02-09,0,Ofensivo
1610612741,2022,1,Defensivo,2022-02-09,1,Defensivo
1610612742,2022,1,Defensivo,2022-02-09,1,Defensivo
1610612743,2022,1,Defensivo,2022-02-09,0,Ofensivo
1610612744,2022,3,Elite,2022-02-09,1,Defensivo
1610612745,2022,2,Reconstrução,2022-02-09,2,Reconstrução
1610612746,2022,1,Defensivo,2022-02-09,3,Elite
1610612747,2022,0,Ofensivo,2022-02-09,0,Ofensivo
1610612748,2022,1,Defensivo,2022-02-09,3,Elite
1610612749,2022,3,Elite,2022-02-09,3,Elite
1610612750,2022,0,Ofensivo,2022-02-09,3,Elite
1610612751,2022,1,Defensivo,2022-02-09,0,Ofensivo
1610612752,2022,2,Reconstrução,2022-02-09,0,Ofensivo
1610612753,2022,2,Reconstrução,2022-02-09,2,Reconstrução
1610612754,2022,2,Reconstrução,2022-02-09,2,Reconstrução
1610612755,2022,1,Defensivo,2022-02-09,3,Elite
1610612756,2022,3,Elite,2022-02-09,3,Elite
1610612757,2022,2,Reconstrução,2022-02-09,2,Reconstrução
1610612758,2022,2,Reconstrução,2022-02-09,2,Reconstrução
1610612759,2022,0,Ofensivo,2022-02-09,0,Ofensivo
1610612760,2022,2,Reconstrução,2022-02-09,2,Reconstrução
1610612761,2022,1,Defensivo,2022-02-09,1,Defensivo
1610612762,2022,3,Elite,2022-02-09,3,Elite
1610612763,2022,0,Ofensivo,2022-02-09,3,Elite
1610612764,2022,2,Reconstrução,2022-02-09,0,Ofensivo
1610612765,2022,2,Reconstrução,2022-02-09,2,Reconstrução
1610612766,2022,0,Ofensivo,2022-02-09,0,Ofensivo
1610612737,2022,1,Defensivo,2022-02-08,1,Defensivo
1610612738,2022,0,Ofensivo,2022-02-08,3,Elite
1610612739,2022,1,Defensivo,2022-02-08,1,Defensivo
1610612740,2022,2,Reconstrução,2022-02-08,0,Ofensivo
1610612741,2022,1,Defensivo,2022-02-08,1,Defensivo
1610612742,2022,1,Defensivo,2022-02-08,1,Defensivo
1610612743,2022,1,Defensivo,2022-02-08,0,Ofensivo
1610612744,2022,3,Elite,2022-02-08,1,Defensivo
1610612745,2022,2,Reconstrução,2022-02-08,2,Reconstrução
1610612746,2022,1,Defensivo,2022-02-08,3,Elite
1610612747,2022,0,Ofensivo,2022-02-08,0,Ofensivo
1610612748,2022,1,Defensivo,2022-02-08,3,Elite
1610612749,2022,3,Elite,2022-02-08,3,Elite
1610612750,2022,0,Ofensivo,2022-02-08,3,Elite
1610612751,2022,1,Defensivo,2022-02-08,0,Ofensivo
1610612752,2022,2,Reconstrução,2022-02-08,0,Ofensivo
1610612753,2022,2,Reconstrução,2022-02-08,2,Reconstrução
1610612754,2022,2,Reconstrução,2022-02-08,2,Reconstrução
1610612755,2022,1,Defensivo,2022-02-08,3,Elite
1610612756,2022,3,Elite,2022-02-08,3,Elite
1610612757,2022,2,Reconstrução,2022-02-08,2,Reconstrução
1610612758,2022,2,Reconstrução,2022-02-08,2,Reconstrução
1610612759,2022,0,Ofensivo,2022-02-08,0,Ofensivo
1610612760,2022,2,Reconstrução,2022-02-08,2,Reconstrução
1610612761,2022,1,Defensivo,2022-02-08,1,Defensivo
1610612762,2022,3,Elite,2022-02-08,3,Elite
1610612763,2022,0,Ofensivo,2022-02-08,3,Elite
1610612764,2022,2,Reconstrução,2022-02-08,0,Ofensivo
1610612765,2022,2,Reconstrução,2022-02-08,2,Reconstrução
1610612766,2022,0,Ofensivo,2022-02-08,0,Ofensivo
1610612737,2022,1,Defensivo,2022-02-07,1,Defensivo
1610612738,2022,0,Ofensivo,2022-02-07,3,Elite
1610612739,2022,1,Defensivo,2022-02-07,1,Defensivo
1610612740,2022,2,Reconstrução,2022-02-07,0,Ofensivo
1610612741,2022,1,Defensivo,2022-02-07,1,Defensivo
1610612742,2022,1,Defensivo,2022-02-07,1,Defensivo
1610612743,2022,1,Defensivo,2022-02-07,0,Ofensivo
1610612744,2022,3,Elite,2022-02-07,1,Defensivo
1610612745,2022,2,Reconstrução,2022-02-07,2,Reconstrução
1610612746,2022,1,Defensivo,2022-02-07,3,Elite
1610612747,2022,0,Ofensivo,2022-02-07,0,Ofensivo
1610612748,2022,1,Defensivo,2022-02-07,3,Elite
1610612749,2022,3,Elite,2022-02-07,3,Elite
1610612750,2022,0,Ofensivo,2022-02-07,3,Elite
1610612751,2022,1,Defensivo,2022-02-07,0,Ofensivo
1610612752,2022,1,Defensivo,2022-02-07,0,Ofensivo
1610612753,2022,2,Reconstrução,2022-02-07,2,Reconstrução
1610612754,2022,2,Reconstrução,2022-02-07,2,Reconstrução
1610612755,2022,1,Defensivo,2022-02-07,3,Elite
1610612756,2022,3,Elite,2022-02-07,3,Elite
1610612757,2022,2,Reconstrução,2022-02-07,2,Reconstrução
1610612758,2022,2,Reconstrução,2022-02-07,2,Reconstrução
1610612759,2022,0,Ofensivo,2022-02-07,0,Ofensivo
1610612760,2022,2,Reconstrução,2022-02-07,2,Reconstrução
1610612761,2022,1,Defensivo,2022-02-07,1,Defensivo
1610612762,2022,3,Elite,2022-02-07,3,Elite
1610612763,2022,0,Ofensivo,2022-02-07,3,Elite
1610612764,2022,1,Defensivo,2022-02-07,0,Ofensivo
1610612765,2022,2,Reconstrução,2022-02-07,2,Reconstrução
1610612766,2022,0,Ofensivo,2022-02-07,0,Ofensivo
1610612737,2022,1,Defensivo,2022-02-04,1,Defensivo
1610612738,2022,0,Ofensivo,2022-02-04,3,Elite
1610612739,2022,1,Defensivo,2022-02-04,1,Defensivo
1610612740,2022,2,Reconstrução,2022-02-04,0,Ofensivo
1610612741,2022,1,Defensivo,2022-02-04,1,Defensivo
1610612742,2022,1,Defensivo,2022-02-04,1,Defensivo
1610612743,2022,1,Defensivo,2022-02-04,0,Ofensivo
1610612744,2022,3,Elite,2022-02-04,1,Defensivo
1610612745,2022,2,Reconstrução,2022-02-04,2,Reconstrução
1610612746,2022,1,Defensivo,2022-02-04,3,Elite
1610612747,2022,0,Ofensivo,2022-02-04,0,Ofensivo
1610612748,2022,1,Defensivo,2022-02-04,3,Elite
1610612749,2022,1,Defensivo,2022-02-04,3,Elite
1610612750,2022,0,Ofensivo,2022-02-04,3,Elite
1610612751,2022,1,Defensivo,2022-02-04,0,Ofensivo
1610612752,2022,1,Defensivo,2022-02-04,0,Ofensivo
1610612753,2022,2,Reconstrução,2022-02-04,2,Reconstrução
1610612754,2022,0,Ofensivo,2022-02-04,2,Reconstrução
1610612755,2022,1,Defensivo,2022-02-04,3,Elite
1610612756,2022,3,Elite,2022-02-04,3,Elite
1610612757,2022,2,Reconstrução,2022-02-04,2,Reconstrução
1610612758,2022,2,Reconstrução,2022-02-04,2,Reconstrução
1610612759,2022,0,Ofensivo,2022-02-04,0,Ofensivo
1610612760,2022,2,Reconstrução,2022-02-04,2,Reconstrução
1610612761,2022,1,Defensivo,2022-02-04,1,Defensivo
1610612762,2022,3,Elite,2022-02-04,3,Elite
1610612763,2022,0,Ofensivo,2022-02-04,3,Elite
1610612764,2022,1,Defensivo,2022-02-04,0,Ofensivo
1610612765,2022,2,Reconstrução,2022-02-04,2,Reconstrução
1610612766,2022,0,Ofensivo,2022-02-04,0,Ofensivo
1610612737,2022,1,Defensivo,2022-01-19,1,Defensivo
1610612738,2022,0,Ofensivo,2022-01-19,3,Elite
1610612739,2022,1,Defensivo,2022-01-19,1,Defensivo
1610612740,2022,2,Reconstrução,2022-01-19,0,Ofensivo
1610612741,2022,1,Defensivo,2022-01-19,1,Defensivo
1610612742,2022,1,Defensivo,2022-01-19,1,Defensivo
1610612743,2022,1,Defensivo,2022-01-19,0,Ofensivo
1610612744,2022,3,Elite,2022-01-19,1,Defensivo
1610612745,2022,2,Reconstrução,2022-01-19,2,Reconstrução
1610612746,2022,1,Defensivo,2022-01-19,3,Elite
1610612747,2022,0,Ofensivo,2022-01-19,0,Ofensivo
1610612748,2022,1,Defensivo,2022-01-19,0,Ofensivo
1610612749,2022,1,Defensivo,2022-01-19,3,Elite
1610612750,2022,0,Ofensivo,2022-01-19,3,Elite
1610612751,2022,1,Defensivo,2022-01-19,0,Ofensivo
1610612752,2022,1,Defensivo,2022-01-19,0,Ofensivo
1610612753,2022,2,Reconstrução,2022-01-19,2,Reconstrução
1610612754,2022,1,Defensivo,2022-01-19,0,Ofensivo
1610612755,2022,1,Defensivo,2022-01-19,3,Elite
1610612756,2022,3,Elite,2022-01-19,3,Elite
1610612757,2022,2,Reconstrução,2022-01-19,2,Reconstrução
1610612758,2022,0,Ofensivo,2022-01-19,2,Reconstrução
1610612759,2022,0,Ofensivo,2022-01-19,0,Ofensivo
1610612760,2022,2,Reconstrução,2022-01-19,2,Reconstrução
1610612761,2022,1,Defensivo,2022-01-19,0,Ofensivo
1610612762,2022,3,Elite,2022-01-19,3,Elite
1610612763,2022,3,Elite,2022-01-19,0,Ofensivo
1610612764,2022,1,Defensivo,2022-01-19,2,Reconstrução
1610612765,2022,2,Reconstrução,2022-01-19,2,Reconstrução
1610612766,2022,0,Ofensivo,2022-01-19,3,Elite
1610612737,2022,1,Defensivo,2022-01-13,1,Defensivo
1610612738,2022,0,Ofensivo,2022-01-13,3,Elite
1610612739,2022,1,Defensivo,2022-01-13,1,Defensivo
1610612740,2022,2,Reconstrução,2022-01-13,0,Ofensivo
1610612741,2022,1,Defensivo,2022-01-13,1,Defensivo
1610612742,2022,1,Defensivo,2022-01-13,1,Defensivo
1610612743,2022,1,Defensivo,2022-01-13,3,Elite
1610612744,2022,3,Elite,2022-01-13,3,Elite
1610612745,2022,2,Reconstrução,2022-01-13,2,Reconstrução
1610612746,2022,1,Defensivo,2022-01-13,3,Elite
1610612747,2022,0,Ofensivo,2022-01-13,2,Reconstrução
1610612748,2022,1,Defensivo,2022-01-13,0,Ofensivo
1610612749,2022,1,Defensivo,2022-01-13,3,Elite
1610612750,2022,0,Ofensivo,2022-01-13,3,Elite
1610612751,2022,1,Defensivo,2022-01-13,0,Ofensivo
1610612752,2022,1,Defensivo,2022-01-13,0,Ofensivo
1610612753,2022,2,Reconstrução,2022-01-13,2,Reconstrução
1610612754,2022,1,Defensivo,2022-01-13,2,Reconstrução
1610612755,2022,1,Defensivo,2022-01-13,1,Defensivo
1610612756,2022,1,Defensivo,2022-01-13,3,Elite
1610612757,2022,2,Reconstrução,2022-01-13,2,Reconstrução
1610612758,2022,0,Ofensivo,2022-01-13,2,Reconstrução
1610612759,2022,0,Ofensivo,2022-01-13,0,Ofensivo
1610612760,2022,2,Reconstrução,2022-01-13,2,Reconstrução
1610612761,2022,1,Defensivo,2022-01-13,0,Ofensivo
1610612762,2022,3,Elite,2022-01-13,3,Elite
1610612763,2022,3,Elite,2022-01-13,0,Ofensivo
1610612764,2022,1,Defensivo,2022-01-13,2,Reconstrução
1610612765,2022,2,Reconstrução,2022-01-13,2,Reconstrução
1610612766,2022,0,Ofensivo,2022-01-13,0,Ofensivo
1610612737,2022,1,Defensivo,2022-01-04,1,Defensivo
1610612738,2022,0,Ofensivo,2022-01-04,3,Elite
1610612739,2022,1,Defensivo,2022-01-04,1,Defensivo
1610612740,2022,2,Reconstrução,2022-01-04,0,Ofensivo
1610612741,2022,1,Defensivo,2022-01-04,1,Defensivo
1610612742,2022,1,Defensivo,2022-01-04,1,Defensivo
1610612743,2022,1,Defensivo,2022-01-04,3,Elite
1610612744,2022,3,Elite,2022-01-04,1,Defensivo
1610612745,2022,2,Reconstrução,2022-01-04,2,Reconstrução
1610612746,2022,1,Defensivo,2022-01-04,3,Elite
1610612747,2022,0,Ofensivo,2022-01-04,0,Ofensivo
1610612748,2022,1,Defensivo,2022-01-04,3,Elite
1610612749,2022,3,Elite,2022-01-04,3,Elite
1610612750,2022,0,Ofensivo,2022-01-04,3,Elite
1610612751,2022,1,Defensivo,2022-01-04,0,Ofensivo
1610612752,2022,1,Defensivo,2022-01-04,1,Defensivo
1610612753,2022,2,Reconstrução,2022-01-04,2,Reconstrução
1610612754,2022,1,Defensivo,2022-01-04,2,Reconstrução
1610612755,2022,1,Defensivo,2022-01-04,1,Defensivo
1610612756,2022,3,Elite,2022-01-04,3,Elite
1610612757,2022,2,Reconstrução,2022-01-04,2,Reconstrução
1610612758,2022,0,Ofensivo,2022-01-04,2,Reconstrução
1610612759,2022,0,Ofensivo,2022-01-04,0,Ofensivo
1610612760,2022,2,Reconstrução,2022-01-04,2,Reconstrução
1610612761,2022,1,Defensivo,2022-01-04,0,Ofensivo
1610612762,2022,3,Elite,2022-01-04,1,Defensivo
1610612763,2022,0,Ofensivo,2022-01-04,0,Ofensivo
1610612764,2022,0,Ofensivo,2022-01-04,1,Defensivo
1610612765,2022,2,Reconstrução,2022-01-04,2,Reconstrução
1610612766,2022,0,Ofensivo,2022-01-04,3,Elite
1610612737,2022,1,Defensivo,2022-01-03,1,Defensivo
1610612738,2022,0,Ofensivo,2022-01-03,3,Elite
1610612739,2022,1,Defensivo,2022-01-03,1,Defensivo
1610612740,2022,2,Reconstrução,2022-01-03,0,Ofensivo
1610612741,2022,1,Defensivo,2022-01-03,1,Defensivo
1610612742,2022,1,Defensivo,2022-01-03,1,Defensivo
1610612743,2022,1,Defensivo,2022-01-03,3,Elite
1610612744,2022,3,Elite,2022-01-03,3,Elite
1610612745,2022,2,Reconstrução,2022-01-03,2,Reconstrução
1610612746,2022,1,Defensivo,2022-01-03,3,Elite
1610612747,2022,0,Ofensivo,2022-01-03,0,Ofensivo
1610612748,2022,1,Defensivo,2022-01-03,3,Elite
1610612749,2022,3,Elite,2022-01-03,3,Elite
1610612750,2022,2,Reconstrução,2022-01-03,3,Elite
1610612751,2022,1,Defensivo,2022-01-03,0,Ofensivo
1610612752,2022,1,Defensivo,2022-01-03,1,Defensivo
1610612753,2022,2,Reconstrução,2022-01-03,2,Reconstrução
1610612754,2022,1,Defensivo,2022-01-03,2,Reconstrução
1610612755,2022,1,Defensivo,2022-01-03,1,Defensivo
1610612756,2022,3,Elite,2022-01-03,3,Elite
1610612757,2022,2,Reconstrução,2022-01-03,2,Reconstrução
1610612758,2022,0,Ofensivo,2022-01-03,2,Reconstrução
1610612759,2022,0,Ofensivo,2022-01-03,0,Ofensivo
1610612760,2022,2,Reconstrução,2022-01-03,2,Reconstrução
1610612761,2022,1,Defensivo,2022-01-03,0,Ofensivo
1610612762,2022,3,Elite,2022-01-03,1,Defensivo
1610612763,2022,3,Elite,2022-01-03,0,Ofensivo
1610612764,2022,1,Defensivo,2022-01-03,1,Defensivo
1610612765,2022,2,Reconstrução,2022-01-03,2,Reconstrução
1610612766,2022,0,Ofensivo,2022-01-03,3,Elite
1610612737,2023,0,Ofensivo,2023-02-09,0,Ofensivo
1610612738,2023,3,Elite,2023-02-09,3,Elite
1610612739,2023,1,Defensivo,2023-02-09,1,Defensivo
1610612740,2023,0,Ofensivo,2023-02-09,1,Defensivo
1610612741,2023,1,Defensivo,2023-02-09,1,Defensivo
1610612742,2023,1,Defensivo,2023-02-09,1,Defensivo
1610612743,2023,3,Elite,2023-02-09,1,Defensivo
1610612744,2023,3,Elite,2023-02-09,3,Elite
1610612745,2023,2,Reconstrução,2023-02-09,2,Reconstrução
1610612746,2023,1,Defensivo,2023-02-09,0,Ofensivo
1610612747,2023,0,Ofensivo,2023-02-09,1,Defensivo
1610612748,2023,1,Defensivo,2023-02-09,1,Defensivo
1610612749,2023,3,Elite,2023-02-09,3,Elite
1610612750,2023,0,Ofensivo,2023-02-09,0,Ofensivo
1610612751,2023,1,Defensivo,2023-02-09,1,Defensivo
1610612752,2023,0,Ofensivo,2023-02-09,3,Elite
1610612753,2023,2,Reconstrução,2023-02-09,1,Defensivo
1610612754,2023,2,Reconstrução,2023-02-09,0,Ofensivo
1610612755,2023,1,Defensivo,2023-02-09,3,Elite
1610612756,2023,1,Defensivo,2023-02-09,1,Defensivo
1610612757,2023,1,Defensivo,2023-02-09,2,Reconstrução
1610612758,2023,3,Elite,2023-02-09,0,Ofensivo
1610612759,2023,2,Reconstrução,2023-02-09,2,Reconstrução
1610612760,2023,0,Ofensivo,2023-02-09,1,Defensivo
1610612761,2023,0,Ofensivo,2023-02-09,1,Defensivo
1610612762,2023,0,Ofensivo,2023-02-09,2,Reconstrução
1610612763,2023,0,Ofensivo,2023-02-09,3,Elite
1610612764,2023,1,Defensivo,2023-02-09,1,Defensivo
1610612765,2023,2,Reconstrução,2023-02-09,2,Reconstrução
1610612766,2023,2,Reconstrução,2023-02-09,2,Reconstrução
1610612737,2023,0,Ofensivo,2023-02-07,0,Ofensivo
1610612738,2023,3,Elite,2023-02-07,3,Elite
1610612739,2023,1,Defensivo,2023-02-07,1,Defensivo
1610612740,2023,0,Ofensivo,2023-02-07,1,Defensivo
1610612741,2023,1,Defensivo,2023-02-07,1,Defensivo
1610612742,2023,1,Defensivo,2023-02-07,1,Defensivo
1610612743,2023,1,Defensivo,2023-02-07,1,Defensivo
1610612744,2023,3,Elite,2023-02-07,3,Elite
1610612745,2023,2,Reconstrução,2023-02-07,2,Reconstrução
1610612746,2023,1,Defensivo,2023-02-07,0,Ofensivo
1610612747,2023,0,Ofensivo,2023-02-07,1,Defensivo
1610612748,2023,1,Defensivo,2023-02-07,1,Defensivo
1610612749,2023,3,Elite,2023-02-07,3,Elite
1610612750,2023,0,Ofensivo,2023-02-07,3,Elite
1610612751,2023,1,Defensivo,2023-02-07,1,Defensivo
1610612752,2023,0,Ofensivo,2023-02-07,3,Elite
1610612753,2023,2,Reconstrução,2023-02-07,1,Defensivo
1610612754,2023,2,Reconstrução,2023-02-07,0,Ofensivo
1610612755,2023,1,Defensivo,2023-02-07,1,Defensivo
1610612756,2023,1,Defensivo,2023-02-07,1,Defensivo
1610612757,2023,1,Defensivo,2023-02-07,2,Reconstrução
1610612758,2023,3,Elite,2023-02-07,0,Ofensivo
1610612759,2023,2,Reconstrução,2023-02-07,2,Reconstrução
1610612760,2023,0,Ofensivo,2023-02-07,1,Defensivo
1610612761,2023,0,Ofensivo,2023-02-07,1,Defensivo
1610612762,2023,0,Ofensivo,2023-02-07,2,Reconstrução
1610612763,2023,0,Ofensivo,2023-02-07,3,Elite
1610612764,2023,1,Defensivo,2023-02-07,1,Defensivo
1610612765,2023,2,Reconstrução,2023-02-07,2,Reconstrução
1610612766,2023,2,Reconstrução,2023-02-07,2,Reconstrução
1610612737,2023,0,Ofensivo,2023-02-06,0,Ofensivo
1610612738,2023,3,Elite,2023-02-06,3,Elite
1610612739,2023,1,Defensivo,2023-02-06,1,Defensivo
1610612740,2023,0,Ofensivo,2023-02-06,1,Defensivo
1610612741,2023,1,Defensivo,2023-02-06,1,Defensivo
1610612742,2023,1,Defensivo,2023-02-06,1,Defensivo
1610612743,2023,1,Defensivo,2023-02-06,1,Defensivo
1610612744,2023,0,Ofensivo,2023-02-06,3,Elite
1610612745,2023,2,Reconstrução,2023-02-06,2,Reconstrução
1610612746,2023,1,Defensivo,2023-02-06,0,Ofensivo
1610612747,2023,0,Ofensivo,2023-02-06,1,Defensivo
1610612748,2023,1,Defensivo,2023-02-06,1,Defensivo
1610612749,2023,3,Elite,2023-02-06,3,Elite
1610612750,2023,0,Ofensivo,2023-02-06,3,Elite
1610612751,2023,1,Defensivo,2023-02-06,1,Defensivo
1610612752,2023,0,Ofensivo,2023-02-06,3,Elite
1610612753,2023,2,Reconstrução,2023-02-06,1,Defensivo
1610612754,2023,2,Reconstrução,2023-02-06,0,Ofensivo
1610612755,2023,1,Defensivo,2023-02-06,1,Defensivo
1610612756,2023,1,Defensivo,2023-02-06,1,Defensivo
1610612757,2023,1,Defensivo,2023-02-06,2,Reconstrução
1610612758,2023,3,Elite,2023-02-06,3,Elite
1610612759,2023,2,Reconstrução,2023-02-06,2,Reconstrução
1610612760,2023,0,Ofensivo,2023-02-06,1,Defensivo
1610612761,2023,0,Ofensivo,2023-02-06,1,Defensivo
1610612762,2023,0,Ofensivo,2023-02-06,2,Reconstrução
1610612763,2023,0,Ofensivo,2023-02-06,3,Elite
1610612764,2023,1,Defensivo,2023-02-06,1,Defensivo
1610612765,2023,2,Reconstrução,2023-02-06,2,Reconstrução
1610612766,2023,2,Reconstrução,2023-02-06,2,Reconstrução
1610612737,2023,0,Ofensivo,2023-01-23,0,Ofensivo
1610612738,2023,3,Elite,2023-01-23,3,Elite
1610612739,2023,1,Defensivo,2023-01-23,1,Defensivo
1610612740,2023,0,Ofensivo,2023-01-23,1,Defensivo
1610612741,2023,1,Defensivo,2023-01-23,1,Defensivo
1610612742,2023,1,Defensivo,2023-01-23,1,Defensivo
1610612743,2023,1,Defensivo,2023-01-23,1,Defensivo
1610612744,2023,0,Ofensivo,2023-01-23,3,Elite
1610612745,2023,2,Reconstrução,2023-01-23,2,Reconstrução
1610612746,2023,1,Defensivo,2023-01-23,3,Elite
1610612747,2023,0,Ofensivo,2023-01-23,0,Ofensivo
1610612748,2023,1,Defensivo,2023-01-23,1,Defensivo
1610612749,2023,0,Ofensivo,2023-01-23,3,Elite
1610612750,2023,0,Ofensivo,2023-01-23,3,Elite
1610612751,2023,1,Defensivo,2023-01-23,1,Defensivo
1610612752,2023,0,Ofensivo,2023-01-23,0,Ofensivo
1610612753,2023,2,Reconstrução,2023-01-23,1,Defensivo
1610612754,2023,2,Reconstrução,2023-01-23,0,Ofensivo
1610612755,2023,1,Defensivo,2023-01-23,1,Defensivo
1610612756,2023,1,Defensivo,2023-01-23,1,Defensivo
1610612757,2023,1,Defensivo,2023-01-23,2,Reconstrução
1610612758,2023,3,Elite,2023-01-23,3,Elite
1610612759,2023,2,Reconstrução,2023-01-23,2,Reconstrução
1610612760,2023,0,Ofensivo,2023-01-23,0,Ofensivo
1610612761,2023,0,Ofensivo,2023-01-23,1,Defensivo
1610612762,2023,0,Ofensivo,2023-01-23,2,Reconstrução
1610612763,2023,3,Elite,2023-01-23,3,Elite
1610612764,2023,1,Defensivo,2023-01-23,1,Defensivo
1610612765,2023,2,Reconstrução,2023-01-23,2,Reconstrução
1610612766,2023,2,Reconstrução,2023-01-23,2,Reconstrução
1610612737,2023,0,Ofensivo,2023-01-05,0,Ofensivo
1610612738,2023,3,Elite,2023-01-05,3,Elite
1610612739,2023,1,Defensivo,2023-01-05,1,Defensivo
1610612740,2023,0,Ofensivo,2023-01-05,1,Defensivo
1610612741,2023,1,Defensivo,2023-01-05,1,Defensivo
1610612742,2023,1,Defensivo,2023-01-05,1,Defensivo
1610612743,2023,1,Defensivo,2023-01-05,1,Defensivo
1610612744,2023,0,Ofensivo,2023-01-05,3,Elite
1610612745,2023,2,Reconstrução,2023-01-05,2,Reconstrução
1610612746,2023,1,Defensivo,2023-01-05,0,Ofensivo
1610612747,2023,0,Ofensivo,2023-01-05,0,Ofensivo
1610612748,2023,1,Defensivo,2023-01-05,1,Defensivo
1610612749,2023,0,Ofensivo,2023-01-05,3,Elite
1610612750,2023,0,Ofensivo,2023-01-05,3,Elite
1610612751,2023,1,Defensivo,2023-01-05,1,Defensivo
1610612752,2023,0,Ofensivo,2023-01-05,0,Ofensivo
1610612753,2023,2,Reconstrução,2023-01-05,1,Defensivo
1610612754,2023,0,Ofensivo,2023-01-05,2,Reconstrução
1610612755,2023,1,Defensivo,2023-01-05,3,Elite
1610612756,2023,1,Defensivo,2023-01-05,1,Defensivo
1610612757,2023,1,Defensivo,2023-01-05,2,Reconstrução
1610612758,2023,1,Defensivo,2023-01-05,3,Elite
1610612759,2023,2,Reconstrução,2023-01-05,2,Reconstrução
1610612760,2023,0,Ofensivo,2023-01-05,3,Elite
1610612761,2023,0,Ofensivo,2023-01-05,1,Defensivo
1610612762,2023,0,Ofensivo,2023-01-05,0,Ofensivo
1610612763,2023,3,Elite,2023-01-05,3,Elite
1610612764,2023,1,Defensivo,2023-01-05,1,Defensivo
1610612765,2023,2,Reconstrução,2023-01-05,2,Reconstrução
1610612766,2023,2,Reconstrução,2023-01-05,2,Reconstrução
1610612737,2024,0,Ofensivo,2024-02-08,1,Defensivo
1610612738,2024,3,Elite,2024-02-08,3,Elite
1610612739,2024,3,Elite,2024-02-08,1,Defensivo
1610612740,2024,3,Elite,2024-02-08,1,Defensivo
1610612741,2024,0,Ofensivo,2024-02-08,0,Ofensivo
1610612742,2024,3,Elite,2024-02-08,3,Elite
1610612743,2024,1,Defensivo,2024-02-08,1,Defensivo
1610612744,2024,0,Ofensivo,2024-02-08,3,Elite
1610612745,2024,0,Ofensivo,2024-02-08,0,Ofensivo
1610612746,2024,1,Defensivo,2024-02-08,1,Defensivo
1610612747,2024,0,Ofensivo,2024-02-08,0,Ofensivo
1610612748,2024,1,Defensivo,2024-02-08,1,Defensivo
1610612749,2024,3,Elite,2024-02-08,1,Defensivo
1610612750,2024,1,Defensivo,2024-02-08,1,Defensivo
1610612751,2024,0,Ofensivo,2024-02-08,2,Reconstrução
1610612752,2024,1,Defensivo,2024-02-08,1,Defensivo
1610612753,2024,1,Defensivo,2024-02-08,1,Defensivo
1610612754,2024,3,Elite,2024-02-08,3,Elite
1610612755,2024,0,Ofensivo,2024-02-08,1,Defensivo
1610612756,2024,0,Ofensivo,2024-02-08,3,Elite
1610612757,2024,2,Reconstrução,2024-02-08,2,Reconstrução
1610612758,2024,0,Ofensivo,2024-02-08,1,Defensivo
1610612759,2024,2,Reconstrução,2024-02-08,0,Ofensivo
1610612760,2024,3,Elite,2024-02-08,3,Elite
1610612761,2024,2,Reconstrução,2024-02-08,2,Reconstrução
1610612762,2024,0,Ofensivo,2024-02-08,2,Reconstrução
1610612763,2024,2,Reconstrução,2024-02-08,2,Reconstrução
1610612764,2024,2,Reconstrução,2024-02-08,2,Reconstrução
1610612765,2024,2,Reconstrução,2024-02-08,2,Reconstrução
1610612766,2024,2,Reconstrução,2024-02-08,2,Reconstrução
1610612737,2024,0,Ofensivo,2024-02-07,1,Defensivo
1610612738,2024,3,Elite,2024-02-07,3,Elite
1610612739,2024,3,Elite,2024-02-07,1,Defensivo
1610612740,2024,3,Elite,2024-02-07,1,Defensivo
1610612741,2024,0,Ofensivo,2024-02-07,0,Ofensivo
1610612742,2024,3,Elite,2024-02-07,3,Elite
1610612743,2024,1,Defensivo,2024-02-07,1,Defensivo
1610612744,2024,0,Ofensivo,2024-02-07,3,Elite
1610612745,2024,0,Ofensivo,2024-02-07,0,Ofensivo
1610612746,2024,1,Defensivo,2024-02-07,1,Defensivo
1610612747,2024,0,Ofensivo,2024-02-07,0,Ofensivo
1610612748,2024,1,Defensivo,2024-02-07,1,Defensivo
1610612749,2024,3,Elite,2024-02-07,1,Defensivo
1610612750,2024,1,Defensivo,2024-02-07,1,Defensivo
1610612751,2024,0,Ofensivo,2024-02-07,2,Reconstrução
1610612752,2024,1,Defensivo,2024-02-07,1,Defensivo
1610612753,2024,1,Defensivo,2024-02-07,1,Defensivo
1610612754,2024,3,Elite,2024-02-07,3,Elite
1610612755,2024,0,Ofensivo,2024-02-07,1,Defensivo
1610612756,2024,0,Ofensivo,2024-02-07,3,Elite
1610612757,2024,2,Reconstrução,2024-02-07,2,Reconstrução
1610612758,2024,0,Ofensivo,2024-02-07,1,Defensivo
1610612759,2024,2,Reconstrução,2024-02-07,0,Ofensivo
1610612760,2024,3,Elite,2024-02-07,3,Elite
1610612761,2024,2,Reconstrução,2024-02-07,2,Reconstrução
1610612762,2024,0,Ofensivo,2024-02-07,2,Reconstrução
1610612763,2024,2,Reconstrução,2024-02-07,2,Reconstrução
1610612764,2024,2,Reconstrução,2024-02-07,2,Reconstrução
1610612765,2024,2,Reconstrução,2024-02-07,2,Reconstrução
1610612766,2024,2,Reconstrução,2024-02-07,2,Reconstrução
1610612737,2024,0,Ofensivo,2024-02-02,0,Ofensivo
1610612738,2024,3,Elite,2024-02-02,3,Elite
1610612739,2024,3,Elite,2024-02-02,1,Defensivo
1610612740,2024,3,Elite,2024-02-02,1,Defensivo
1610612741,2024,1,Defensivo,2024-02-02,0,Ofensivo
1610612742,2024,3,Elite,2024-02-02,3,Elite
1610612743,2024,1,Defensivo,2024-02-02,1,Defensivo
1610612744,2024,0,Ofensivo,2024-02-02,3,Elite
1610612745,2024,0,Ofensivo,2024-02-02,0,Ofensivo
1610612746,2024,1,Defensivo,2024-02-02,1,Defensivo
1610612747,2024,0,Ofensivo,2024-02-02,0,Ofensivo
1610612748,2024,1,Defensivo,2024-02-02,1,Defensivo
1610612749,2024,3,Elite,2024-02-02,1,Defensivo
1610612750,2024,1,Defensivo,2024-02-02,1,Defensivo
1610612751,2024,0,Ofensivo,2024-02-02,2,Reconstrução
1610612752,2024,1,Defensivo,2024-02-02,1,Defensivo
1610612753,2024,1,Defensivo,2024-02-02,1,Defensivo
1610612754,2024,3,Elite,2024-02-02,3,Elite
1610612755,2024,3,Elite,2024-02-02,1,Defensivo
1610612756,2024,0,Ofensivo,2024-02-02,3,Elite
1610612757,2024,2,Reconstrução,2024-02-02,2,Reconstrução
1610612758,2024,0,Ofensivo,2024-02-02,1,Defensivo
1610612759,2024,2,Reconstrução,2024-02-02,0,Ofensivo
1610612760,2024,3,Elite,2024-02-02,3,Elite
1610612761,2024,2,Reconstrução,2024-02-02,2,Reconstrução
1610612762,2024,0,Ofensivo,2024-02-02,2,Reconstrução
1610612763,2024,2,Reconstrução,2024-02-02,2,Reconstrução
1610612764,2024,2,Reconstrução,2024-02-02,2,Reconstrução
1610612765,2024,2,Reconstrução,2024-02-02,2,Reconstrução
1610612766,2024,2,Reconstrução,2024-02-02,2,Reconstrução
1610612737,2024,0,Ofensivo,2024-01-23,0,Ofensivo
1610612738,2024,3,Elite,2024-01-23,3,Elite
1610612739,2024,3,Elite,2024-01-23,1,Defensivo
1610612740,2024,3,Elite,2024-01-23,3,Elite
1610612741,2024,1,Defensivo,2024-01-23,0,Ofensivo
1610612742,2024,3,Elite,2024-01-23,3,Elite
1610612743,2024,1,Defensivo,2024-01-23,1,Defensivo
1610612744,2024,0,Ofensivo,2024-01-23,3,Elite
1610612745,2024,0,Ofensivo,2024-01-23,0,Ofensivo
1610612746,2024,1,Defensivo,2024-01-23,1,Defensivo
1610612747,2024,1,Defensivo,2024-01-23,0,Ofensivo
1610612748,2024,1,Defensivo,2024-01-23,1,Defensivo
1610612749,2024,3,Elite,2024-01-23,1,Defensivo
1610612750,2024,1,Defensivo,2024-01-23,1,Defensivo
1610612751,2024,0,Ofensivo,2024-01-23,2,Reconstrução
1610612752,2024,1,Defensivo,2024-01-23,1,Defensivo
1610612753,2024,0,Ofensivo,2024-01-23,1,Defensivo
1610612754,2024,3,Elite,2024-01-23,0,Ofensivo
1610612755,2024,3,Elite,2024-01-23,1,Defensivo
1610612756,2024,0,Ofensivo,2024-01-23,3,Elite
1610612757,2024,2,Reconstrução,2024-01-23,2,Reconstrução
1610612758,2024,0,Ofensivo,2024-01-23,1,Defensivo
1610612759,2024,2,Reconstrução,2024-01-23,0,Ofensivo
1610612760,2024,3,Elite,2024-01-23,3,Elite
1610612761,2024,0,Ofensivo,2024-01-23,2,Reconstrução
1610612762,2024,0,Ofensivo,2024-01-23,2,Reconstrução
1610612763,2024,2,Reconstrução,2024-01-23,2,Reconstrução
1610612764,2024,2,Reconstrução,2024-01-23,2,Reconstrução
1610612765,2024,2,Reconstrução,2024-01-23,2,Reconstrução
1610612766,2024,2,Reconstrução,2024-01-23,2,Reconstrução
1610612737,2024,0,Ofensivo,2024-01-17,0,Ofensivo
1610612738,2024,3,Elite,2024-01-17,3,Elite
1610612739,2024,0,Ofensivo,2024-01-17,1,Defensivo
1610612740,2024,1,Defensivo,2024-01-17,3,Elite
1610612741,2024,2,Reconstrução,2024-01-17,0,Ofensivo
1610612742,2024,3,Elite,2024-01-17,3,Elite
1610612743,2024,1,Defensivo,2024-01-17,1,Defensivo
1610612744,2024,0,Ofensivo,2024-01-17,3,Elite
1610612745,2024,0,Ofensivo,2024-01-17,0,Ofensivo
1610612746,2024,1,Defensivo,2024-01-17,1,Defensivo
1610612747,2024,1,Defensivo,2024-01-17,0,Ofensivo
1610612748,2024,1,Defensivo,2024-01-17,1,Defensivo
1610612749,2024,3,Elite,2024-01-17,1,Defensivo
1610612750,2024,1,Defensivo,2024-01-17,1,Defensivo
1610612751,2024,0,Ofensivo,2024-01-17,1,Defensivo
1610612752,2024,1,Defensivo,2024-01-17,1,Defensivo
1610612753,2024,0,Ofensivo,2024-01-17,1,Defensivo
1610612754,2024,3,Elite,2024-01-17,0,Ofensivo
1610612755,2024,3,Elite,2024-01-17,0,Ofensivo
1610612756,2024,0,Ofensivo,2024-01-17,3,Elite
1610612757,2024,2,Reconstrução,2024-01-17,2,Reconstrução
1610612758,2024,0,Ofensivo,2024-01-17,1,Defensivo
1610612759,2024,2,Reconstrução,2024-01-17,0,Ofensivo
1610612760,2024,3,Elite,2024-01-17,3,Elite
1610612761,2024,0,Ofensivo,2024-01-17,2,Reconstrução
1610612762,2024,0,Ofensivo,2024-01-17,2,Reconstrução
1610612763,2024,2,Reconstrução,2024-01-17,2,Reconstrução
1610612764,2024,2,Reconstrução,2024-01-17,2,Reconstrução
1610612765,2024,2,Reconstrução,2024-01-17,2,Reconstrução
1610612766,2024,2,Reconstrução,2024-01-17,2,Reconstrução
1610612737,2024,0,Ofensivo,2024-01-14,0,Ofensivo
1610612738,2024,3,Elite,2024-01-14,3,Elite
1610612739,2024,0,Ofensivo,2024-01-14,1,Defensivo
1610612740,2024,1,Defensivo,2024-01-14,3,Elite
1610612741,2024,0,Ofensivo,2024-01-14,0,Ofensivo
1610612742,2024,3,Elite,2024-01-14,3,Elite
1610612743,2024,1,Defensivo,2024-01-14,1,Defensivo
1610612744,2024,0,Ofensivo,2024-01-14,3,Elite
1610612745,2024,0,Ofensivo,2024-01-14,0,Ofensivo
1610612746,2024,1,Defensivo,2024-01-14,1,Defensivo
1610612747,2024,1,Defensivo,2024-01-14,0,Ofensivo
1610612748,2024,1,Defensivo,2024-01-14,1,Defensivo
1610612749,2024,3,Elite,2024-01-14,0,Ofensivo
1610612750,2024,1,Defensivo,2024-01-14,1,Defensivo
1610612751,2024,0,Ofensivo,2024-01-14,1,Defensivo
1610612752,2024,1,Defensivo,2024-01-14,1,Defensivo
1610612753,2024,0,Ofensivo,2024-01-14,1,Defensivo
1610612754,2024,3,Elite,2024-01-14,0,Ofensivo
1610612755,2024,3,Elite,2024-01-14,1,Defensivo
1610612756,2024,0,Ofensivo,2024-01-14,3,Elite
1610612757,2024,2,Reconstrução,2024-01-14,2,Reconstrução
1610612758,2024,0,Ofensivo,2024-01-14,1,Defensivo
1610612759,2024,2,Reconstrução,2024-01-14,0,Ofensivo
1610612760,2024,3,Elite,2024-01-14,3,Elite
1610612761,2024,0,Ofensivo,2024-01-14,2,Reconstrução
1610612762,2024,0,Ofensivo,2024-01-14,2,Reconstrução
1610612763,2024,2,Reconstrução,2024-01-14,2,Reconstrução
1610612764,2024,2,Reconstrução,2024-01-14,2,Reconstrução
1610612765,2024,2,Reconstrução,2024-01-14,2,Reconstrução
1610612766,2024,2,Reconstrução,2024-01-14,2,Reconstrução
1610612737,2024,0,Ofensivo,2023-12-30,0,Ofensivo
1610612738,2024,3,Elite,2023-12-30,3,Elite
1610612739,2024,0,Ofensivo,2023-12-30,3,Elite
1610612740,2024,1,Defensivo,2023-12-30,3,Elite
1610612741,2024,2,Reconstrução,2023-12-30,0,Ofensivo
1610612742,2024,1,Defensivo,2023-12-30,3,Elite
1610612743,2024,1,Defensivo,2023-12-30,1,Defensivo
1610612744,2024,0,Ofensivo,2023-12-30,3,Elite
1610612745,2024,1,Defensivo,2023-12-30,0,Ofensivo
1610612746,2024,1,Defensivo,2023-12-30,1,Defensivo
1610612747,2024,1,Defensivo,2023-12-30,0,Ofensivo
1610612748,2024,1,Defensivo,2023-12-30,1,Defensivo
1610612749,2024,3,Elite,2023-12-30,0,Ofensivo
1610612750,2024,1,Defensivo,2023-12-30,1,Defensivo
1610612751,2024,0,Ofensivo,2023-12-30,2,Reconstrução
1610612752,2024,1,Defensivo,2023-12-30,1,Defensivo
1610612753,2024,1,Defensivo,2023-12-30,1,Defensivo
1610612754,2024,3,Elite,2023-12-30,3,Elite
1610612755,2024,3,Elite,2023-12-30,0,Ofensivo
1610612756,2024,0,Ofensivo,2023-12-30,3,Elite
1610612757,2024,2,Reconstrução,2023-12-30,2,Reconstrução
1610612758,2024,0,Ofensivo,2023-12-30,0,Ofensivo
1610612759,2024,2,Reconstrução,2023-12-30,2,Reconstrução
1610612760,2024,3,Elite,2023-12-30,3,Elite
1610612761,2024,0,Ofensivo,2023-12-30,2,Reconstrução
1610612762,2024,2,Reconstrução,2023-12-30,0,Ofensivo
1610612763,2024,2,Reconstrução,2023-12-30,2,Reconstrução
1610612764,2024,2,Reconstrução,2023-12-30,2,Reconstrução
1610612765,2024,2,Reconstrução,2023-12-30,2,Reconstrução
1610612766,2024,2,Reconstrução,2023-12-30,2,Reconstrução
1610612737,2025,0,Ofensivo,2025-02-06,0,Ofensivo
1610612738,2025,3,Elite,2025-02-06,3,Elite
1610612739,2025,3,Elite,2025-02-06,3,Elite
1610612740,2025,2,Reconstrução,2025-02-06,2,Reconstrução
1610612741,2025,3,Elite,2025-02-06,0,Ofensivo
1610612742,2025,1,Defensivo,2025-02-06,2,Reconstrução
1610612743,2025,0,Ofensivo,2025-02-06,0,Ofensivo
1610612744,2025,3,Elite,2025-02-06,3,Elite
1610612745,2025,0,Ofensivo,2025-02-06,0,Ofensivo
1610612746,2025,1,Defensivo,2025-02-06,1,Defensivo
1610612747,2025,1,Defensivo,2025-02-06,1,Defensivo
1610612748,2025,1,Defensivo,2025-02-06,1,Defensivo
1610612749,2025,1,Defensivo,2025-02-06,1,Defensivo
1610612750,2025,1,Defensivo,2025-02-06,0,Ofensivo
1610612751,2025,2,Reconstrução,2025-02-06,2,Reconstrução
1610612752,2025,3,Elite,2025-02-06,1,Defensivo
1610612753,2025,1,Defensivo,2025-02-06,1,Defensivo
1610612754,2025,1,Defensivo,2025-02-06,0,Ofensivo
1610612755,2025,2,Reconstrução,2025-02-06,2,Reconstrução
1610612756,2025,1,Defensivo,2025-02-06,2,Reconstrução
1610612757,2025,1,Defensivo,2025-02-06,0,Ofensivo
1610612758,2025,0,Ofensivo,2025-02-06,1,Defensivo
1610612759,2025,0,Ofensivo,2025-02-06,2,Reconstrução
1610612760,2025,3,Elite,2025-02-06,3,Elite
1610612761,2025,0,Ofensivo,2025-02-06,0,Ofensivo
1610612762,2025,2,Reconstrução,2025-02-06,2,Reconstrução
1610612763,2025,3,Elite,2025-02-06,0,Ofensivo
1610612764,2025,2,Reconstrução,2025-02-06,2,Reconstrução
1610612765,2025,0,Ofensivo,2025-02-06,3,Elite
1610612766,2025,2,Reconstrução,2025-02-06,2,Reconstrução
1610612737,2025,0,Ofensivo,2025-02-05,0,Ofensivo
1610612738,2025,3,Elite,2025-02-05,3,Elite
1610612739,2025,3,Elite,2025-02-05,3,Elite
1610612740,2025,2,Reconstrução,2025-02-05,2,Reconstrução
1610612741,2025,3,Elite,2025-02-05,0,Ofensivo
1610612742,2025,1,Defensivo,2025-02-05,2,Reconstrução
1610612743,2025,0,Ofensivo,2025-02-05,3,Elite
1610612744,2025,3,Elite,2025-02-05,3,Elite
1610612745,2025,0,Ofensivo,2025-02-05,0,Ofensivo
1610612746,2025,1,Defensivo,2025-02-05,1,Defensivo
1610612747,2025,1,Defensivo,2025-02-05,1,Defensivo
1610612748,2025,1,Defensivo,2025-02-05,1,Defensivo
1610612749,2025,1,Defensivo,2025-02-05,1,Defensivo
1610612750,2025,1,Defensivo,2025-02-05,0,Ofensivo
1610612751,2025,2,Reconstrução,2025-02-05,2,Reconstrução
1610612752,2025,3,Elite,2025-02-05,1,Defensivo
1610612753,2025,1,Defensivo,2025-02-05,1,Defensivo
1610612754,2025,1,Defensivo,2025-02-05,0,Ofensivo
1610612755,2025,2,Reconstrução,2025-02-05,2,Reconstrução
1610612756,2025,1,Defensivo,2025-02-05,2,Reconstrução
1610612757,2025,1,Defensivo,2025-02-05,0,Ofensivo
1610612758,2025,0,Ofensivo,2025-02-05,1,Defensivo
1610612759,2025,0,Ofensivo,2025-02-05,2,Reconstrução
1610612760,2025,3,Elite,2025-02-05,3,Elite
1610612761,2025,0,Ofensivo,2025-02-05,2,Reconstrução
1610612762,2025,2,Reconstrução,2025-02-05,2,Reconstrução
1610612763,2025,3,Elite,2025-02-05,0,Ofensivo
1610612764,2025,2,Reconstrução,2025-02-05,2,Reconstrução
1610612765,2025,0,Ofensivo,2025-02-05,0,Ofensivo
1610612766,2025,2,Reconstrução,2025-02-05,2,Reconstrução
1610612737,2025,0,Ofensivo,2025-02-04,0,Ofensivo
1610612738,2025,3,Elite,2025-02-04,3,Elite
1610612739,2025,3,Elite,2025-02-04,3,Elite
1610612740,2025,2,Reconstrução,2025-02-04,2,Reconstrução
1610612741,2025,3,Elite,2025-02-04,0,Ofensivo
1610612742,2025,1,Defensivo,2025-02-04,2,Reconstrução
1610612743,2025,0,Ofensivo,2025-02-04,3,Elite
1610612744,2025,3,Elite,2025-02-04,3,Elite
1610612745,2025,0,Ofensivo,2025-02-04,0,Ofensivo
1610612746,2025,1,Defensivo,2025-02-04,1,Defensivo
1610612747,2025,1,Defensivo,2025-02-04,1,Defensivo
1610612748,2025,1,Defensivo,2025-02-04,1,Defensivo
1610612749,2025,1,Defensivo,2025-02-04,1,Defensivo
1610612750,2025,1,Defensivo,2025-02-04,0,Ofensivo
1610612751,2025,2,Reconstrução,2025-02-04,2,Reconstrução
1610612752,2025,3,Elite,2025-02-04,1,Defensivo
1610612753,2025,1,Defensivo,2025-02-04,1,Defensivo
1610612754,2025,1,Defensivo,2025-02-04,0,Ofensivo
1610612755,2025,2,Reconstrução,2025-02-04,2,Reconstrução
1610612756,2025,1,Defensivo,2025-02-04,2,Reconstrução
1610612757,2025,2,Reconstrução,2025-02-04,0,Ofensivo
1610612758,2025,0,Ofensivo,2025-02-04,1,Defensivo
1610612759,2025,0,Ofensivo,2025-02-04,2,Reconstrução
1610612760,2025,3,Elite,2025-02-04,3,Elite
1610612761,2025,0,Ofensivo,2025-02-04,2,Reconstrução
1610612762,2025,2,Reconstrução,2025-02-04,2,Reconstrução
1610612763,2025,3,Elite,2025-02-04,0,Ofensivo
1610612764,2025,2,Reconstrução,2025-02-04,2,Reconstrução
1610612765,2025,0,Ofensivo,2025-02-04,0,Ofensivo
1610612766,2025,2,Reconstrução,2025-02-04,2,Reconstrução
1610612737,2025,0,Ofensivo,2025-02-03,0,Ofensivo
1610612738,2025,3,Elite,2025-02-03,3,Elite
1610612739,2025,3,Elite,2025-02-03,3,Elite
1610612740,2025,2,Reconstrução,2025-02-03,2,Reconstrução
1610612741,2025,3,Elite,2025-02-03,0,Ofensivo
1610612742,2025,1,Defensivo,2025-02-03,2,Reconstrução
1610612743,2025,0,Ofensivo,2025-02-03,3,Elite
1610612744,2025,3,Elite,2025-02-03,3,Elite
1610612745,2025,0,Ofensivo,2025-02-03,0,Ofensivo
1610612746,2025,1,Defensivo,2025-02-03,1,Defensivo
1610612747,2025,1,Defensivo,2025-02-03,1,Defensivo
1610612748,2025,1,Defensivo,2025-02-03,1,Defensivo
1610612749,2025,1,Defensivo,2025-02-03,1,Defensivo
1610612750,2025,1,Defensivo,2025-02-03,0,Ofensivo
1610612751,2025,2,Reconstrução,2025-02-03,2,Reconstrução
1610612752,2025,3,Elite,2025-02-03,1,Defensivo
1610612753,2025,1,Defensivo,2025-02-03,1,Defensivo
1610612754,2025,1,Defensivo,2025-02-03,0,Ofensivo
1610612755,2025,2,Reconstrução,2025-02-03,2,Reconstrução
1610612756,2025,1,Defensivo,2025-02-03,2,Reconstrução
1610612757,2025,2,Reconstrução,2025-02-03,0,Ofensivo
1610612758,2025,0,Ofensivo,2025-02-03,1,Defensivo
1610612759,2025,1,Defensivo,2025-02-03,2,Reconstrução
1610612760,2025,3,Elite,2025-02-03,3,Elite
1610612761,2025,0,Ofensivo,2025-02-03,2,Reconstrução
1610612762,2025,2,Reconstrução,2025-02-03,2,Reconstrução
1610612763,2025,3,Elite,2025-02-03,0,Ofensivo
1610612764,2025,2,Reconstrução,2025-02-03,2,Reconstrução
1610612765,2025,1,Defensivo,2025-02-03,0,Ofensivo
1610612766,2025,2,Reconstrução,2025-02-03,2,Reconstrução
1610612737,2025,0,Ofensivo,2025-02-02,0,Ofensivo
1610612738,2025,3,Elite,2025-02-02,3,Elite
1610612739,2025,3,Elite,2025-02-02,3,Elite
1610612740,2025,2,Reconstrução,2025-02-02,2,Reconstrução
1610612741,2025,3,Elite,2025-02-02,0,Ofensivo
1610612742,2025,1,Defensivo,2025-02-02,2,Reconstrução
1610612743,2025,0,Ofensivo,2025-02-02,3,Elite
1610612744,2025,3,Elite,2025-02-02,3,Elite
1610612745,2025,0,Ofensivo,2025-02-02,0,Ofensivo
1610612746,2025,1,Defensivo,2025-02-02,1,Defensivo
1610612747,2025,1,Defensivo,2025-02-02,1,Defensivo
1610612748,2025,1,Defensivo,2025-02-02,1,Defensivo
1610612749,2025,1,Defensivo,2025-02-02,1,Defensivo
1610612750,2025,1,Defensivo,2025-02-02,0,Ofensivo
1610612751,2025,2,Reconstrução,2025-02-02,2,Reconstrução
1610612752,2025,3,Elite,2025-02-02,1,Defensivo
1610612753,2025,1,Defensivo,2025-02-02,1,Defensivo
1610612754,2025,1,Defensivo,2025-02-02,0,Ofensivo
1610612755,2025,2,Reconstrução,2025-02-02,2,Reconstrução
1610612756,2025,1,Defensivo,2025-02-02,2,Reconstrução
1610612757,2025,2,Reconstrução,2025-02-02,0,Ofensivo
1610612758,2025,0,Ofensivo,2025-02-02,1,Defensivo
1610612759,2025,1,Defensivo,2025-02-02,2,Reconstrução
1610612760,2025,3,Elite,2025-02-02,3,Elite
1610612761,2025,0,Ofensivo,2025-02-02,2,Reconstrução
1610612762,2025,2,Reconstrução,2025-02-02,2,Reconstrução
1610612763,2025,3,Elite,2025-02-02,0,Ofensivo
1610612764,2025,2,Reconstrução,2025-02-02,2,Reconstrução
1610612765,2025,1,Defensivo,2025-02-02,0,Ofensivo
1610612766,2025,2,Reconstrução,2025-02-02,2,Reconstrução
1610612737,2025,0,Ofensivo,2025-02-01,0,Ofensivo
1610612738,2025,3,Elite,2025-02-01,3,Elite
1610612739,2025,3,Elite,2025-02-01,3,Elite
1610612740,2025,2,Reconstrução,2025-02-01,2,Reconstrução
1610612741,2025,3,Elite,2025-02-01,0,Ofensivo
1610612742,2025,1,Defensivo,2025-02-01,2,Reconstrução
1610612743,2025,0,Ofensivo,2025-02-01,3,Elite
1610612744,2025,3,Elite,2025-02-01,3,Elite
1610612745,2025,0,Ofensivo,2025-02-01,0,Ofensivo
1610612746,2025,1,Defensivo,2025-02-01,1,Defensivo
1610612747,2025,1,Defensivo,2025-02-01,1,Defensivo
1610612748,2025,0,Ofensivo,2025-02-01,1,Defensivo
1610612749,2025,1,Defensivo,2025-02-01,1,Defensivo
1610612750,2025,1,Defensivo,2025-02-01,0,Ofensivo
1610612751,2025,2,Reconstrução,2025-02-01,2,Reconstrução
1610612752,2025,3,Elite,2025-02-01,1,Defensivo
1610612753,2025,1,Defensivo,2025-02-01,1,Defensivo
1610612754,2025,1,Defensivo,2025-02-01,0,Ofensivo
1610612755,2025,2,Reconstrução,2025-02-01,2,Reconstrução
1610612756,2025,1,Defensivo,2025-02-01,2,Reconstrução
1610612757,2025,2,Reconstrução,2025-02-01,0,Ofensivo
1610612758,2025,0,Ofensivo,2025-02-01,1,Defensivo
1610612759,2025,3,Elite,2025-02-01,2,Reconstrução
1610612760,2025,3,Elite,2025-02-01,3,Elite
1610612761,2025,0,Ofensivo,2025-02-01,2,Reconstrução
1610612762,2025,2,Reconstrução,2025-02-01,2,Reconstrução
1610612763,2025,3,Elite,2025-02-01,0,Ofensivo
1610612764,2025,2,Reconstrução,2025-02-01,2,Reconstrução
1610612765,2025,1,Defensivo,2025-02-01,0,Ofensivo
1610612766,2025,2,Reconstrução,2025-02-01,2,Reconstrução
1610612737,2025,0,Ofensivo,2025-01-15,0,Ofensivo
1610612738,2025,3,Elite,2025-01-15,3,Elite
1610612739,2025,3,Elite,2025-01-15,3,Elite
1610612740,2025,2,Reconstrução,2025-01-15,2,Reconstrução
1610612741,2025,3,Elite,2025-01-15,3,Elite
1610612742,2025,1,Defensivo,2025-01-15,2,Reconstrução
1610612743,2025,0,Ofensivo,2025-01-15,0,Ofensivo
1610612744,2025,3,Elite,2025-01-15,3,Elite
1610612745,2025,0,Ofensivo,2025-01-15,0,Ofensivo
1610612746,2025,1,Defensivo,2025-01-15,1,Defensivo
1610612747,2025,1,Defensivo,2025-01-15,1,Defensivo
1610612748,2025,0,Ofensivo,2025-01-15,1,Defensivo
1610612749,2025,1,Defensivo,2025-01-15,3,Elite
1610612750,2025,1,Defensivo,2025-01-15,0,Ofensivo
1610612751,2025,2,Reconstrução,2025-01-15,2,Reconstrução
1610612752,2025,3,Elite,2025-01-15,1,Defensivo
1610612753,2025,1,Defensivo,2025-01-15,1,Defensivo
1610612754,2025,1,Defensivo,2025-01-15,0,Ofensivo
1610612755,2025,2,Reconstrução,2025-01-15,2,Reconstrução
1610612756,2025,1,Defensivo,2025-01-15,0,Ofensivo
1610612757,2025,2,Reconstrução,2025-01-15,0,Ofensivo
1610612758,2025,0,Ofensivo,2025-01-15,1,Defensivo
1610612759,2025,1,Defensivo,2025-01-15,2,Reconstrução
1610612760,2025,3,Elite,2025-01-15,3,Elite
1610612761,2025,0,Ofensivo,2025-01-15,0,Ofensivo
1610612762,2025,2,Reconstrução,2025-01-15,2,Reconstrução
1610612763,2025,3,Elite,2025-01-15,3,Elite
1610612764,2025,2,Reconstrução,2025-01-15,2,Reconstrução
1610612765,2025,1,Defensivo,2025-01-15,0,Ofensivo
1610612766,2025,2,Reconstrução,2025-01-15,2,Reconstrução
1610612737,2025,0,Ofensivo,2024-12-29,0,Ofensivo
1610612738,2025,3,Elite,2024-12-29,3,Elite
1610612739,2025,3,Elite,2024-12-29,3,Elite
1610612740,2025,2,Reconstrução,2024-12-29,2,Reconstrução
1610612741,2025,3,Elite,2024-12-29,3,Elite
1610612742,2025,1,Defensivo,2024-12-29,2,Reconstrução
1610612743,2025,0,Ofensivo,2024-12-29,3,Elite
1610612744,2025,3,Elite,2024-12-29,3,Elite
1610612745,2025,0,Ofensivo,2024-12-29,0,Ofensivo
1610612746,2025,1,Defensivo,2024-12-29,1,Defensivo
1610612747,2025,1,Defensivo,2024-12-29,1,Defensivo
1610612748,2025,0,Ofensivo,2024-12-29,1,Defensivo
1610612749,2025,1,Defensivo,2024-12-29,3,Elite
1610612750,2025,1,Defensivo,2024-12-29,0,Ofensivo
1610612751,2025,2,Reconstrução,2024-12-29,2,Reconstrução
1610612752,2025,3,Elite,2024-12-29,1,Defensivo
1610612753,2025,1,Defensivo,2024-12-29,1,Defensivo
1610612754,2025,1,Defensivo,2024-12-29,3,Elite
1610612755,2025,2,Reconstrução,2024-12-29,2,Reconstrução
1610612756,2025,1,Defensivo,2024-12-29,1,Defensivo
1610612757,2025,2,Reconstrução,2024-12-29,0,Ofensivo
1610612758,2025,0,Ofensivo,2024-12-29,0,Ofensivo
1610612759,2025,1,Defensivo,2024-12-29,2,Reconstrução
1610612760,2025,3,Elite,2024-12-29,3,Elite
1610612761,2025,0,Ofensivo,2024-12-29,2,Reconstrução
1610612762,2025,2,Reconstrução,2024-12-29,2,Reconstrução
1610612763,2025,3,Elite,2024-12-29,0,Ofensivo
1610612764,2025,2,Reconstrução,2024-12-29,2,Reconstrução
1610612765,2025,0,Ofensivo,2024-12-29,0,Ofensivo
1610612766,2025,2,Reconstrução,2024-12-29,2,Reconstrução
1610612737,2025,0,Ofensivo,2024-12-15,0,Ofensivo
1610612738,2025,3,Elite,2024-12-15,3,Elite
1610612739,2025,3,Elite,2024-12-15,3,Elite
1610612740,2025,2,Reconstrução,2024-12-15,2,Reconstrução
1610612741,2025,3,Elite,2024-12-15,3,Elite
1610612742,2025,0,Ofensivo,2024-12-15,1,Defensivo
1610612743,2025,0,Ofensivo,2024-12-15,0,Ofensivo
1610612744,2025,3,Elite,2024-12-15,3,Elite
1610612745,2025,0,Ofensivo,2024-12-15,0,Ofensivo
1610612746,2025,1,Defensivo,2024-12-15,1,Defensivo
1610612747,2025,1,Defensivo,2024-12-15,1,Defensivo
1610612748,2025,1,Defensivo,2024-12-15,1,Defensivo
1610612749,2025,1,Defensivo,2024-12-15,3,Elite
1610612750,2025,1,Defensivo,2024-12-15,0,Ofensivo
1610612751,2025,2,Reconstrução,2024-12-15,2,Reconstrução
1610612752,2025,3,Elite,2024-12-15,1,Defensivo
1610612753,2025,1,Defensivo,2024-12-15,1,Defensivo
1610612754,2025,0,Ofensivo,2024-12-15,3,Elite
1610612755,2025,2,Reconstrução,2024-12-15,2,Reconstrução
1610612756,2025,0,Ofensivo,2024-12-15,1,Defensivo
1610612757,2025,2,Reconstrução,2024-12-15,0,Ofensivo
1610612758,2025,0,Ofensivo,2024-12-15,0,Ofensivo
1610612759,2025,1,Defensivo,2024-12-15,1,Defensivo
1610612760,2025,3,Elite,2024-12-15,3,Elite
1610612761,2025,0,Ofensivo,2024-12-15,2,Reconstrução
1610612762,2025,2,Reconstrução,2024-12-15,2,Reconstrução
1610612763,2025,3,Elite,2024-12-15,3,Elite
1610612764,2025,2,Reconstrução,2024-12-15,2,Reconstrução
1610612765,2025,2,Reconstrução,2024-12-15,0,Ofensivo
1610612766,2025,2,Reconstrução,2024-12-15,2,Reconstrução
