trade_id,team_id,team_abbreviation,season_end_year,trade_date,player_id,player_name,posicao,RCP_pos_bar_pre_trade,muP_asof,deltaP,preenche_lacuna,RCP_pos_bar_post_trade,deltaP_post_trade,gap_fechada,cluster,cluster_name,cluster_post_trade,cluster_name_post_trade
19,1610612737,ATL,2013,2013-02-21,202719,Jeremy Tyler,Forwards,-0.0005927291886195997,0.004358154000123997,-0.004950883188743597,Preenche Lacuna,0.008433734939759036,-0.0023572981935721608,Melhorou,1,Defensivo,1,Defensivo
21,1610612737,ATL,2013,2013-02-21,2563,Dahntay Jones,Forwards,-0.0005927291886195997,0.004358154000123997,-0.004950883188743597,Preenche Lacuna,0.008433734939759036,-0.0023572981935721608,Melhorou,1,Defensivo,1,Defensivo
24,1610612737,ATL,2014,2014-02-19,1712,Antawn Jamison,Forwards,0.01998491704374057,0.0047321121816437635,0.015252804862096809,Redundante,0.00950661853188929,0.001582494726052144,N/A (nao era lacuna),3,Elite,1,Defensivo
16,1610612737,ATL,2016,2016-02-18,2550,Kirk Hinrich,Guards,0.002757432141318397,0.00615987844042962,-0.0034024462991112236,Preenche Lacuna,0.030891153161895522,0.017358210153509426,Sim,1,Defensivo,3,Elite
37,1610612737,ATL,2017,2017-01-07,2399,Mike Dunleavy,Forwards,0.01158161418747738,0.017563698438218155,-0.005982084250740776,Preenche Lacuna,0.010116694899303594,0.0015075725642857106,Sim,1,Defensivo,0,Ofensivo
37,1610612737,ATL,2017,2017-01-07,2590,Mo Williams,Guards,0.00886717336228737,0.005352515921958898,0.0035146574403284716,Redundante,0.008375682288725768,-0.001028742723427161,N/A (nao era lacuna),1,Defensivo,0,Ofensivo
30,1610612737,ATL,2017,2017-02-22,101141,Ersan Ilyasova,Forwards,0.005595238095238096,0.008553016691870679,-0.002957778596632583,Preenche Lacuna,,,Sem dado pos-troca,0,Ofensivo,0,Ofensivo
88,1610612737,ATL,2018,2018-02-08,1627855,Okaro White,Forwards,0.008583534224559866,0.01018195016531534,-0.0015984159407554741,Preenche Lacuna,,,Sem dado pos-troca,2,Reconstrução,2,Reconstrução
19,1610612737,ATL,2019,2019-02-07,202714,Shelvin Mack,Guards,-0.012472440673981415,0.023834054632124888,-0.0363064953061063,Preenche Lacuna,-0.058611122255930986,-0.06366018143480248,Nao,2,Reconstrução,0,Ofensivo
28,1610612737,ATL,2019,2019-02-07,1628444,Jabari Bird,Guards,-0.012472440673981415,0.023834054632124888,-0.0363064953061063,Preenche Lacuna,-0.058611122255930986,-0.06366018143480248,Nao,2,Reconstrução,0,Ofensivo
33,1610612737,ATL,2020,2020-01-16,201952,Jeff Teague,Guards,-0.009759074998291118,0.00047497890102898247,-0.010234053899320101,Preenche Lacuna,-0.1148118909966178,-0.11634978859640542,Nao,2,Reconstrução,0,Ofensivo
33,1610612737,ATL,2020,2020-01-16,1626203,Treveon Graham,Forwards,0.015010267965164819,0.010614426337607175,0.004395841627557644,Redundante,0.06245985124644948,0.03683607080012884,N/A (nao era lacuna),2,Reconstrução,0,Ofensivo
28,1610612737,ATL,2020,2020-02-05,203473,Dewayne Dedmon,Centers,0.019225908185056196,0.008186752504185504,0.011039155680870692,Redundante,0.1402304609218437,0.12223301682941723,N/A (nao era lacuna),2,Reconstrução,0,Ofensivo
29,1610612737,ATL,2020,2020-02-05,203991,Clint Capela,Centers,0.019225908185056196,0.008186752504185504,0.011039155680870692,Redundante,0.1402304609218437,0.12223301682941723,N/A (nao era lacuna),2,Reconstrução,0,Ofensivo
24,1610612737,ATL,2020,2020-02-06,1627746,Skal Labissiere,Forwards,0.010976927008244817,0.009267634004295509,0.0017092930039493085,Redundante,0.08363909833956736,0.027986649967200038,N/A (nao era lacuna),2,Reconstrução,0,Ofensivo
25,1610612737,ATL,2020,2020-02-06,1628476,Derrick Walton Jr.,Guards,-0.01134395778404927,0.0016111065230566101,-0.01295506430710588,Preenche Lacuna,-0.12695283896376333,-0.13162507765606365,Nao,2,Reconstrução,0,Ofensivo
33,1610612737,ATL,2022,2022-01-13,1628995,Kevin Knox,Forwards,0.012658227848101267,0.011513883416042304,0.0011443444320589635,Redundante,0.0062761506276150635,-0.0040445334984332,N/A (nao era lacuna),1,Defensivo,1,Defensivo
18,1610612737,ATL,2023,2023-02-09,1628981,Bruno Fernando,Centers,0.0049438609199565385,0.004294915566791056,0.0006489453531654827,Redundante,0.012970311581422691,0.0044695897495674874,N/A (nao era lacuna),0,Ofensivo,0,Ofensivo
18,1610612737,ATL,2023,2023-02-09,1629726,Garrison Mathews,Guards,0.005496197030061573,0.00593329390702691,-0.0004370968769653368,Preenche Lacuna,0.013227513227513229,0.0018896545351513704,Sim,0,Ofensivo,0,Ofensivo
19,1610612737,ATL,2023,2023-02-09,1630180,Saddiq Bey,Forwards,0.007741760231800073,0.00787367852485575,-0.00013191829305567605,Preenche Lacuna,0.010839212228101117,-0.006800217530289808,Nao,0,Ofensivo,0,Ofensivo
19,1610612737,ATL,2025,2025-02-06,1629611,Terance Mann,Guards,0.002385569612460369,0.007431980635328803,-0.0050464110228684335,Preenche Lacuna,0.006249095906263562,-0.005699296037756199,Nao,0,Ofensivo,0,Ofensivo
20,1610612737,ATL,2025,2025-02-06,1627747,Caris LeVert,Guards,0.002385569612460369,0.007431980635328803,-0.0050464110228684335,Preenche Lacuna,0.006249095906263562,-0.005699296037756199,Nao,0,Ofensivo,0,Ofensivo
20,1610612737,ATL,2025,2025-02-06,1627777,Georges Niang,Forwards,0.010096346230800014,0.007991086840182368,0.002105259390617646,Redundante,0.01845797772313033,0.005509452129158474,N/A (nao era lacuna),0,Ofensivo,0,Ofensivo
32,1610612738,BOS,2014,2014-01-07,201573,Jerryd Bayless,Guards,0.024458204334365324,0.01929412926954087,0.0051640750648244554,Redundante,0.0389030612244898,0.026028768290578038,N/A (nao era lacuna),2,Reconstrução,2,Reconstrução
32,1610612738,BOS,2014,2014-01-07,101155,Ryan Gomes,Forwards,0.00495356037151703,0.008769533492072275,-0.003815973120555245,Preenche Lacuna,-0.018441751700680274,-0.026232795458529114,Nao,2,Reconstrução,2,Reconstrução
31,1610612738,BOS,2014,2014-01-15,201202,Joel Anthony,Centers,,0.0010571360149438532,,Redundante,0.0005184417123389127,0.0007197149772792385,N/A (nao era lacuna),2,Reconstrução,2,Reconstrução
34,1610612738,BOS,2015,2015-01-12,2419,Tayshaun Prince,Forwards,-0.03002070393374742,0.011213019010237099,-0.041233722943984516,Preenche Lacuna,0.01463642740238485,0.008376442450463324,Sim,0,Ofensivo,0,Ofensivo
34,1610612738,BOS,2015,2015-01-12,203085,Austin Rivers,Guards,0.09068322981366461,0.015778289514516056,0.07490494029914856,Redundante,-0.0007481879822305352,-0.011448685594139984,N/A (nao era lacuna),0,Ofensivo,0,Ofensivo
33,1610612738,BOS,2015,2015-01-13,101126,Nate Robinson,Guards,0.11029411764705886,0.016357176446423063,0.0939369412006358,Redundante,-0.0025422849434471313,-0.015002321497271041,N/A (nao era lacuna),0,Ofensivo,0,Ofensivo
32,1610612738,BOS,2015,2015-01-15,101183,Shavlik Randolph,Forwards,-0.03687585890975723,0.01131619392472591,-0.04819205283448314,Preenche Lacuna,0.015172413793103447,0.009399447483924723,Sim,0,Ofensivo,0,Ofensivo
32,1610612738,BOS,2015,2015-01-15,201604,Chris Douglas-Roberts,Guards,0.09482363719651858,0.01390834050848347,0.08091529668803511,Redundante,-0.0020434227330779053,-0.014232254820017417,N/A (nao era lacuna),0,Ofensivo,0,Ofensivo
21,1610612738,BOS,2015,2015-02-19,202738,Isaiah Thomas,Guards,0.07636738906088754,0.01141861394242564,0.0649487751184619,Redundante,-0.0007484469725319951,-0.016471689273733794,N/A (nao era lacuna),0,Ofensivo,0,Ofensivo
23,1610612738,BOS,2015,2015-02-19,201973,Jonas Jerebko,Forwards,-0.02923976608187136,0.008234618931003725,-0.03747438501287509,Preenche Lacuna,0.021555272808921482,0.011444497631390925,Sim,0,Ofensivo,0,Ofensivo
32,1610612738,BOS,2022,2022-01-19,1629626,Bol Bol,Forwards,0.010124610591900311,0.010547337061482323,-0.00042272646958201217,Preenche Lacuna,0.009380905758327831,-0.0020367477975067813,Nao,0,Ofensivo,3,Elite
32,1610612738,BOS,2022,2022-01-19,1628408,P.J. Dozier,Guards,0.0037642782969885768,0.005741651610645639,-0.001977373313657062,Preenche Lacuna,0.008697830096313669,0.001050616145540223,Sim,0,Ofensivo,3,Elite
18,1610612738,BOS,2022,2022-02-10,1628464,Daniel Theis,Centers,0.005419031517932617,0.005231101299159905,0.00018793021877271197,Redundante,0.01587656529516995,0.004790048147840474,N/A (nao era lacuna),0,Ofensivo,3,Elite
22,1610612738,BOS,2022,2022-02-10,1628401,Derrick White,Guards,0.003562371694239826,0.004185131673950914,-0.0006227599797110879,Preenche Lacuna,0.008542039355992846,-0.0021685547636696393,Nao,0,Ofensivo,3,Elite
22,1610612738,BOS,2023,2023-02-09,203488,Mike Muscala,Centers,0.0034036641486498223,0.004294915566791056,-0.0008912514181412335,Preenche Lacuna,0.009040005397018148,0.000539283565162944,Sim,3,Elite,3,Elite
34,1610612738,BOS,2024,2024-02-07,1630214,Xavier Tillman,Centers,0.007032854209445586,0.0038985981282814953,0.0031342560811640904,Redundante,0.0067579505300353355,0.0012554052410633744,N/A (nao era lacuna),3,Elite,3,Elite
21,1610612738,BOS,2024,2024-02-08,1630531,Jaden Springer,Guards,0.005501902253438689,0.007232158104264437,-0.0017302558508257484,Preenche Lacuna,0.0092268078106001,-0.0011762107911470233,Melhorou,3,Elite,3,Elite
33,1610612739,CLE,2014,2014-01-06,2736,Luol Deng,Forwards,0.0014919011082693947,0.00856664207088498,-0.007074740962615585,Preenche Lacuna,-0.009171195652173914,-0.014985658033904461,Nao,2,Reconstrução,1,Defensivo
20,1610612739,CLE,2014,2014-02-20,201150,Spencer Hawes,Forwards,0.0026268349214524853,0.010037615596983159,-0.0074107806755306736,Preenche Lacuna,-0.015356820234869017,-0.0256823759318177,Nao,0,Ofensivo,1,Defensivo
29,1610612739,CLE,2015,2015-01-05,2747,J.R. Smith,Guards,0.003354954148959963,0.017869682592416395,-0.014514728443456432,Preenche Lacuna,0.012061403508771931,0.0033092978529698103,Sim,1,Defensivo,3,Elite
29,1610612739,CLE,2015,2015-01-05,202697,Iman Shumpert,Guards,0.003354954148959963,0.017869682592416395,-0.014514728443456432,Preenche Lacuna,0.012061403508771931,0.0033092978529698103,Sim,1,Defensivo,3,Elite
36,1610612739,CLE,2015,2015-01-07,202389,Timofey Mozgov,Centers,0.0026522001205545507,0.00029261832037121694,0.0023595818001833336,Redundante,0.0031452358926919513,-0.0013032915018927824,N/A (nao era lacuna),1,Defensivo,3,Elite
19,1610612739,CLE,2016,2016-02-18,101112,Channing Frye,Forwards,0.011543342444357672,0.00938198537646029,0.0021613570678973813,Redundante,0.01866151866151866,0.0021515074046588867,N/A (nao era lacuna),3,Elite,3,Elite
37,1610612739,CLE,2017,2017-01-07,2594,Kyle Korver,Guards,0.0063067367415193505,0.005352515921958898,0.0009542208195604529,Redundante,0.009159909772602573,-0.00024451523955035595,N/A (nao era lacuna),3,Elite,3,Elite
81,1610612739,CLE,2018,2018-02-08,201588,George Hill,Guards,0.002898014551732643,0.00701361136774414,-0.004115596816011497,Preenche Lacuna,0.01536588575941037,0.004640486312649189,Sim,1,Defensivo,3,Elite
81,1610612739,CLE,2018,2018-02-08,203918,Rodney Hood,Forwards,0.01526698729806388,0.01018195016531534,0.00508503713274854,Redundante,0.017636220057909976,-0.0007821752308942026,N/A (nao era lacuna),1,Defensivo,3,Elite
82,1610612739,CLE,2018,2018-02-08,203903,Jordan Clarkson,Guards,0.002898014551732643,0.00701361136774414,-0.004115596816011497,Preenche Lacuna,0.01536588575941037,0.004640486312649189,Sim,1,Defensivo,3,Elite
82,1610612739,CLE,2018,2018-02-08,1626204,Larry Nance Jr.,Forwards,0.01526698729806388,0.01018195016531534,0.00508503713274854,Redundante,0.017636220057909976,-0.0007821752308942026,N/A (nao era lacuna),1,Defensivo,3,Elite
45,1610612739,CLE,2019,2018-11-28,202692,Alec Burks,Guards,-0.006857922616854378,0.027996362940711925,-0.034854285557566304,Preenche Lacuna,-0.0003272786777941416,-0.02132153459863546,Melhorou,2,Reconstrução,2,Reconstrução
44,1610612739,CLE,2019,2018-12-07,203521,Matthew Dellavedova,Guards,-0.001791044776119401,0.03856374527709422,-0.04035479005321362,Preenche Lacuna,-0.00032912693061041035,-0.01914553660418698,Melhorou,2,Reconstrução,2,Reconstrução
44,1610612739,CLE,2019,2018-12-07,203089,John Henson,Forwards,0.018707296849087895,0.025380075596655376,-0.006672778747567481,Preenche Lacuna,0.005253574445798967,-0.001847805508642348,Melhorou,2,Reconstrução,2,Reconstrução
37,1610612739,CLE,2019,2019-02-04,1627735,Wade Baldwin,Guards,0.001335944219753674,0.018671150743154268,-0.017335206523400593,Preenche Lacuna,-0.012510709646512573,-0.010960211029285022,Melhorou,2,Reconstrução,2,Reconstrução
37,1610612739,CLE,2019,2019-02-04,203917,Nik Stauskas,Guards,0.001335944219753674,0.018671150743154268,-0.017335206523400593,Preenche Lacuna,-0.012510709646512573,-0.010960211029285022,Melhorou,2,Reconstrução,2,Reconstrução
26,1610612739,CLE,2019,2019-02-07,202688,Brandon Knight,Guards,0.0010750123486863025,0.023834054632124888,-0.022759042283438585,Preenche Lacuna,-0.012616790168914257,-0.017665849347785752,Melhorou,2,Reconstrução,2,Reconstrução
26,1610612739,CLE,2019,2019-02-07,1627737,Marquese Chriss,Forwards,0.004463006944585411,0.0028857874399276636,0.0015772195046577474,Redundante,0.005458152792115144,-0.01218195852370538,N/A (nao era lacuna),2,Reconstrução,2,Reconstrução
34,1610612739,CLE,2020,2019-12-23,203957,Dante Exum,Guards,-0.002243522512745213,-0.006547896592457294,0.004304374079712081,Redundante,-0.002017684542241059,-0.009758437943687262,N/A (nao era lacuna),2,Reconstrução,2,Reconstrução
21,1610612739,CLE,2020,2020-02-06,203083,Andre Drummond,Centers,0.013609760379406801,0.008815473778158885,0.004794286601247916,Redundante,0.11889892978718193,0.10728629491452764,N/A (nao era lacuna),2,Reconstrução,0,Ofensivo
26,1610612739,CLE,2021,2021-03-25,1628392,Isaiah Hartenstein,Centers,0.01917926558550524,0.002263604744997538,0.0169156608405077,Redundante,0.020321787887928742,0.022112298855184842,N/A (nao era lacuna),2,Reconstrução,2,Reconstrução
35,1610612739,CLE,2022,2022-01-03,200765,Rajon Rondo,Guards,-0.007532122286220647,0.006540755470102847,-0.014072877756323494,Preenche Lacuna,0.0019469026548672565,-0.004145811777301934,Melhorou,1,Defensivo,1,Defensivo
30,1610612739,CLE,2022,2022-02-07,1627747,Caris LeVert,Guards,-0.0035118019573978122,0.004208423605654664,-0.007720225563052476,Preenche Lacuna,0.0064525810324129644,-0.003969134581575508,Melhorou,1,Defensivo,1,Defensivo
20,1610612739,CLE,2025,2025-02-06,1629631,De'Andre Hunter,Forwards,0.002998635351576528,0.007991086840182368,-0.00499245148860584,Preenche Lacuna,0.01058379778190621,-0.002364727812065646,Melhorou,3,Elite,3,Elite
30,1610612740,NOH,2014,2014-01-21,203116,Tyshawn Taylor,Guards,-0.04233870967741937,0.014370429853284376,-0.05670913953070375,Preenche Lacuna,0.009836798569192935,-0.00516481348432383,Melhorou,0,Ofensivo,1,Defensivo
34,1610612740,NOH,2015,2015-01-12,202347,Quincy Pondexter,Guards,-0.03403403403403403,0.015778289514516056,-0.049812323548550086,Preenche Lacuna,-0.0032573289902280145,-0.013957826602137463,Melhorou,1,Defensivo,1,Defensivo
18,1610612740,NOH,2015,2015-02-19,203120,Justin Hamilton,Centers,0.00018461765683270006,-0.0008343786452009373,0.0010189963020336373,Redundante,0.0068807339449541306,-0.002111160603560357,N/A (nao era lacuna),1,Defensivo,1,Defensivo
18,1610612740,NOH,2015,2015-02-19,196294141,Norris Cole,Guards,-0.017944836244138392,0.01141861394242564,-0.029363450186564034,Preenche Lacuna,-0.0011072445428661826,-0.01683048684406798,Melhorou,1,Defensivo,1,Defensivo
18,1610612740,NOH,2015,2015-02-19,200761,Shawne Williams,Forwards,0.03662814311560758,0.008234618931003725,0.028393524184603856,Redundante,0.02870926921860171,0.018598494041071154,N/A (nao era lacuna),1,Defensivo,1,Defensivo
22,1610612740,NOH,2015,2015-02-19,202397,Ishmael Smith,Guards,-0.017944836244138392,0.01141861394242564,-0.029363450186564034,Preenche Lacuna,-0.0011072445428661826,-0.01683048684406798,Melhorou,1,Defensivo,1,Defensivo
17,1610612740,NOH,2016,2016-02-18,203950,Jarnell Stokes,Forwards,0.019283517579586067,0.00938198537646029,0.009901532203125776,Redundante,0.08128078817733991,0.06477077692048014,N/A (nao era lacuna),2,Reconstrução,0,Ofensivo
31,1610612740,NOH,2017,2017-02-20,202326,DeMarcus Cousins,Centers,-0.002070393374741201,0.0025511637789883143,-0.004621557153729515,Preenche Lacuna,0.0015770609318996422,-0.005734172934346227,Nao,0,Ofensivo,0,Ofensivo
31,1610612740,NOH,2017,2017-02-20,201956,Omri Casspi,Forwards,0.012694780429334205,0.008553016691870679,0.004141763737463526,Redundante,0.046164874551971324,0.029757988438271706,N/A (nao era lacuna),0,Ofensivo,0,Ofensivo
92,1610612740,NOH,2018,2018-02-01,202703,Nikola Mirotic,Forwards,0.015502508937589175,0.01052077046800069,0.004981738469588484,Redundante,0.02308863328822734,0.005390643112825885,N/A (nao era lacuna),0,Ofensivo,0,Ofensivo
89,1610612740,NOH,2018,2018-02-08,1626173,Rashad Vaughn,Guards,0.003720672347379479,0.00701361136774414,-0.0032929390203646613,Preenche Lacuna,0.008645533141210374,-0.0020798663055508083,Melhorou,0,Ofensivo,0,Ofensivo
25,1610612740,NOH,2019,2019-02-07,202693,Markieff Morris,Forwards,0.011213257339064461,0.0028857874399276636,0.008327469899136797,Redundante,0.006843184831912212,-0.010796926483908315,N/A (nao era lacuna),0,Ofensivo,0,Ofensivo
30,1610612740,NOH,2019,2019-02-07,201160,Jason Smith,Forwards,0.011213257339064461,0.0028857874399276636,0.008327469899136797,Redundante,0.006843184831912212,-0.010796926483908315,N/A (nao era lacuna),0,Ofensivo,0,Ofensivo
30,1610612740,NOH,2019,2019-02-07,1626169,Stanley Johnson,Forwards,0.011213257339064461,0.0028857874399276636,0.008327469899136797,Redundante,0.006843184831912212,-0.010796926483908315,N/A (nao era lacuna),0,Ofensivo,0,Ofensivo
17,1610612740,NOH,2021,2021-03-25,201949,James Johnson,Forwards,-0.04528473694930688,0.014414560851604113,-0.059699297800910996,Preenche Lacuna,-0.029098995578081228,-0.05000482827011969,Melhorou,0,Ofensivo,0,Ofensivo
17,1610612740,NOH,2021,2021-03-25,1628411,Wesley Iwundu,Forwards,-0.04528473694930688,0.014414560851604113,-0.059699297800910996,Preenche Lacuna,-0.029098995578081228,-0.05000482827011969,Melhorou,0,Ofensivo,0,Ofensivo
29,1610612740,NOH,2022,2022-02-08,203468,C.J. McCollum,Guards,0.006961447981180085,0.004135135421651489,0.0028263125595285963,Redundante,0.011767113475902998,0.0011015437870450038,N/A (nao era lacuna),2,Reconstrução,0,Ofensivo
29,1610612740,NOH,2022,2022-02-08,1626204,Larry Nance Jr.,Forwards,0.0019444044361227133,0.009078156652257585,-0.007133752216134872,Preenche Lacuna,0.015194924792796478,0.0006124630592185404,Sim,2,Reconstrução,0,Ofensivo
29,1610612740,NOH,2022,2022-02-08,203503,Tony Snell,Guards,0.006961447981180085,0.004135135421651489,0.0028263125595285963,Redundante,0.011767113475902998,0.0011015437870450038,N/A (nao era lacuna),2,Reconstrução,0,Ofensivo
15,1610612740,NOH,2023,2023-02-09,1626196,Josh Richardson,Guards,0.0016455826391031574,0.00593329390702691,-0.004287711267923753,Preenche Lacuna,0.008527671423599026,-0.002810187268762832,Melhorou,0,Ofensivo,1,Defensivo
24,1610612740,NOH,2025,2025-02-06,1628971,Bruce Brown Jr.,Guards,0.004270706692852022,0.007431980635328803,-0.0031612739424767807,Preenche Lacuna,0.008407024536056793,-0.0035413674079629674,Nao,2,Reconstrução,2,Reconstrução
24,1610612740,NOH,2025,2025-02-06,203482,Kelly Olynyk,Forwards,0.01228217837214377,0.007991086840182368,0.004291091531961402,Redundante,0.019367293560841947,0.00641876796687009,N/A (nao era lacuna),2,Reconstrução,2,Reconstrução
33,1610612741,CHI,2014,2014-01-06,101115,Andrew Bynum,Centers,0.0035511363636363635,0.0014672103372125856,0.002083926026423778,Redundante,-0.01757281553398058,-0.018049301129343776,N/A (nao era lacuna),1,Defensivo,1,Defensivo
29,1610612741,CHI,2014,2014-01-21,203129,Tornike Shengelia,Forwards,0.014325396825396824,0.00947745686589088,0.004847939959505944,Redundante,0.006168831168831169,-0.0027481472398694484,N/A (nao era lacuna),0,Ofensivo,1,Defensivo
22,1610612741,CHI,2017,2017-02-23,201627,Anthony Morrow,Guards,-0.016872216512504284,0.006583177855775884,-0.023455394368280168,Preenche Lacuna,-0.008000000000000002,-0.024024069996352065,Nao,1,Defensivo,3,Elite
22,1610612741,CHI,2017,2017-02-23,1626166,Cameron Payne,Guards,-0.016872216512504284,0.006583177855775884,-0.023455394368280168,Preenche Lacuna,-0.008000000000000002,-0.024024069996352065,Nao,1,Defensivo,3,Elite
22,1610612741,CHI,2017,2017-02-23,203530,Joffrey Lauvergne,Forwards,0.03464371360054813,0.008553016691870679,0.026090696908677453,Redundante,0.050434782608695654,0.03402789649499603,N/A (nao era lacuna),1,Defensivo,3,Elite
92,1610612741,CHI,2018,2018-02-01,201600,Omer Asik,Centers,-0.00494458653026428,0.0020185893808247505,-0.006963175911089031,Preenche Lacuna,-0.0009426057813154588,-0.006313188296832212,Melhorou,2,Reconstrução,2,Reconstrução
92,1610612741,CHI,2018,2018-02-01,2754,Tony Allen,Guards,-0.00784313725490196,0.00735683190122508,-0.01519996915612704,Preenche Lacuna,0.012044407205697528,0.0029848530614337287,Sim,2,Reconstrução,2,Reconstrução
92,1610612741,CHI,2018,2018-02-01,2749,Jameer Nelson,Guards,-0.00784313725490196,0.00735683190122508,-0.01519996915612704,Preenche Lacuna,0.012044407205697528,0.0029848530614337287,Sim,2,Reconstrução,2,Reconstrução
85,1610612741,CHI,2018,2018-02-08,203943,Noah Vonleh,Forwards,0.030966847884020893,0.01018195016531534,0.020784897718705553,Redundante,0.022027447814554263,0.003609052525750084,N/A (nao era lacuna),2,Reconstrução,2,Reconstrução
86,1610612741,CHI,2018,2018-02-08,203186,Willie Reed,Centers,-0.005170024517642042,0.0014255316144857583,-0.0065955561321278,Preenche Lacuna,0.00011532695190866101,-0.006647644941116774,Nao,2,Reconstrução,2,Reconstrução
42,1610612741,CHI,2019,2019-01-03,202705,MarShon Brooks,Guards,-4.074732253239275e-05,0.038882363777334505,-0.038923111099866896,Preenche Lacuna,0.002551983034187397,-0.002246244883471833,Melhorou,2,Reconstrução,2,Reconstrução
42,1610612741,CHI,2019,2019-01-03,1627782,Wayne Selden,Guards,-4.074732253239275e-05,0.038882363777334505,-0.038923111099866896,Preenche Lacuna,0.002551983034187397,-0.002246244883471833,Melhorou,2,Reconstrução,2,Reconstrução
41,1610612741,CHI,2019,2019-01-07,203487,Michael Carter-Williams,Guards,0.0001694215331711715,0.03347186108005137,-0.0333024395468802,Preenche Lacuna,0.0030047167956972487,-0.005985671289005373,Melhorou,2,Reconstrução,2,Reconstrução
40,1610612741,CHI,2019,2019-01-22,2546,Carmelo Anthony,Forwards,0.005417246599844802,0.004875725917944788,0.0005415206819000141,Redundante,-0.0009546603632878432,-0.012631855636984601,N/A (nao era lacuna),2,Reconstrução,0,Ofensivo
38,1610612741,CHI,2019,2019-02-01,1627789,Timothe Luwawu-Cabarrot,Guards,0.0018976561106598489,0.022295121261489116,-0.020397465150829266,Preenche Lacuna,-0.006017488487608011,-0.00968550632146538,Melhorou,2,Reconstrução,0,Ofensivo
35,1610612741,CHI,2019,2019-02-06,203490,Otto Porter Jr.,Forwards,0.0047144337262251396,0.001290178777678038,0.003424254948547102,Redundante,-0.0036571876591339537,-0.018090143980277206,N/A (nao era lacuna),2,Reconstrução,0,Ofensivo
14,1610612741,CHI,2021,2021-03-25,202696,Nikola Vucevic,Centers,0.043511640961040154,0.002263604744997538,0.041248036216042616,Redundante,0.004079786630137192,0.005870297597393293,N/A (nao era lacuna),0,Ofensivo,1,Defensivo
14,1610612741,CHI,2021,2021-03-25,202329,Al-Farouq Aminu,Forwards,0.01548048743872749,0.014414560851604113,0.001065926587123376,Redundante,0.03831128101949996,0.017405448327461492,N/A (nao era lacuna),0,Ofensivo,1,Defensivo
15,1610612741,CHI,2021,2021-03-25,1628464,Daniel Theis,Centers,0.043511640961040154,0.002263604744997538,0.041248036216042616,Redundante,0.004079786630137192,0.005870297597393293,N/A (nao era lacuna),0,Ofensivo,1,Defensivo
15,1610612741,CHI,2021,2021-03-25,1628972,Troy Brown Jr.,Guards,-0.035736314446279276,0.006395762686680525,-0.0421320771329598,Preenche Lacuna,-0.007908309028947503,-0.023868419652360875,Melhorou,0,Ofensivo,1,Defensivo
15,1610612741,CHI,2021,2021-03-25,1629750,Javonte Green,Guards,-0.035736314446279276,0.006395762686680525,-0.0421320771329598,Preenche Lacuna,-0.007908309028947503,-0.023868419652360875,Melhorou,0,Ofensivo,1,Defensivo
30,1610612741,CHI,2025,2025-02-03,1628989,Kevin Huerter,Guards,0.01178752107925801,0.006829489540582538,0.004958031538675472,Redundante,0.020413064361191162,0.00886684152781734,N/A (nao era lacuna),3,Elite,0,Ofensivo
30,1610612741,CHI,2025,2025-02-03,1628380,Zach Collins,Centers,0.008988195615514333,0.005116465549330131,0.0038717300661842025,Redundante,0.004562920268972142,-0.001641535645399819,N/A (nao era lacuna),3,Elite,0,Ofensivo
30,1610612741,CHI,2025,2025-02-03,1630200,Tre Jones,Guards,0.01178752107925801,0.006829489540582538,0.004958031538675472,Redundante,0.020413064361191162,0.00886684152781734,N/A (nao era lacuna),3,Elite,0,Ofensivo
21,1610612742,DAL,2013,2013-02-21,201627,Anthony Morrow,Guards,0.010842653461965336,0.01022073999890532,0.0006219134630600157,Redundante,0.015382643250865273,-0.005794768788154275,N/A (nao era lacuna),0,Ofensivo,1,Defensivo
40,1610612742,DAL,2015,2014-12-18,200765,Rajon Rondo,Guards,0.018945675662093573,0.02052501763505312,-0.0015793419729595477,Preenche Lacuna,-0.013207721437147872,-0.02133920230851221,Nao,3,Elite,0,Ofensivo
40,1610612742,DAL,2015,2014-12-18,203939,Dwight Powell,Centers,0.005125885722900648,0.002799170837350892,0.0023267148855497565,Redundante,0.006372956497644778,0.003171424522410085,N/A (nao era lacuna),3,Elite,0,Ofensivo
23,1610612742,DAL,2017,2017-02-23,203457,Nerlens Noel,Centers,-0.002527969018932874,0.0025511637789883143,-0.005079132797921188,Preenche Lacuna,0.005805515239477504,-0.001505718626768366,Melhorou,1,Defensivo,2,Reconstrução
78,1610612742,DAL,2018,2018-02-08,203926,Doug McDermott,Forwards,0.020253820253820255,0.01018195016531534,0.010071870088504915,Redundante,0.06807580174927115,0.04965740646046697,N/A (nao era lacuna),1,Defensivo,2,Reconstrução
39,1610612742,DAL,2019,2019-01-31,203501,Tim Hardaway Jr.,Guards,-0.04007316904811207,0.028873930938496398,-0.06894709998660847,Preenche Lacuna,-0.023016177702368933,-0.03132253553342733,Melhorou,1,Defensivo,2,Reconstrução
39,1610612742,DAL,2019,2019-01-31,201584,Courtney Lee,Guards,-0.04007316904811207,0.028873930938496398,-0.06894709998660847,Preenche Lacuna,-0.023016177702368933,-0.03132253553342733,Melhorou,1,Defensivo,2,Reconstrução
39,1610612742,DAL,2019,2019-01-31,204001,Kristaps Porzingis,Forwards,-0.07870918754745629,0.002332135394315436,-0.08104132294177173,Preenche Lacuna,0.04240673525053156,0.027640880256871586,Sim,1,Defensivo,2,Reconstrução
39,1610612742,DAL,2019,2019-01-31,203504,Trey Burke,Guards,-0.04007316904811207,0.028873930938496398,-0.06894709998660847,Preenche Lacuna,-0.023016177702368933,-0.03132253553342733,Melhorou,1,Defensivo,2,Reconstrução
31,1610612742,DAL,2020,2020-01-24,1628383,Justin Patton,Centers,-0.021048633281271746,0.011150985114481293,-0.03219961839575304,Preenche Lacuna,,,Sem dado pos-troca,3,Elite,0,Ofensivo
30,1610612742,DAL,2020,2020-01-25,1626161,Willie Cauley-Stein,Centers,-0.021048633281271746,0.013619151317530276,-0.03466778459880202,Preenche Lacuna,,,Sem dado pos-troca,3,Elite,0,Ofensivo
17,1610612742,DAL,2022,2022-02-10,203915,Spencer Dinwiddie,Guards,0.007536153167221128,0.004185131673950914,0.0033510214932702138,Redundante,0.01658713928652579,0.005876545166863305,N/A (nao era lacuna),1,Defensivo,1,Defensivo
17,1610612742,DAL,2022,2022-02-10,202722,Davis Bertans,Forwards,0.004277276121936316,0.0087936678509906,-0.004516391729054285,Preenche Lacuna,0.014801830752750999,-0.000397100252161383,Melhorou,1,Defensivo,1,Defensivo
27,1610612742,DAL,2023,2023-02-06,202681,Kyrie Irving,Guards,0.006055818852027383,0.006029061088840613,2.6757763186769506e-05,Redundante,0.013714511933039247,0.0028182950886536627,N/A (nao era lacuna),1,Defensivo,1,Defensivo
27,1610612742,DAL,2023,2023-02-06,202693,Markieff Morris,Forwards,0.008045169972500146,0.008100688777076646,-5.55188045765001e-05,Preenche Lacuna,0.013346906458545412,-0.003042479876997666,Nao,1,Defensivo,1,Defensivo
24,1610612742,DAL,2024,2024-02-08,1629023,PJ Washington,Forwards,0.0083819023012678,0.008636324064943307,-0.000254421763675506,Preenche Lacuna,0.010603223168833909,-0.005085929007361498,Nao,3,Elite,3,Elite
28,1610612742,DAL,2024,2024-02-08,1629655,Daniel Gafford,Centers,0.002643754130865829,0.0038742585168102532,-0.0012305043859444243,Preenche Lacuna,0.006884182206630972,0.0010373831151007876,Sim,3,Elite,3,Elite
31,1610612742,DAL,2025,2025-02-02,203076,Anthony Davis,Centers,0.007030563421540865,0.0051788086558692634,0.0018517547656716014,Redundante,0.007333117653402351,0.0012118347394765826,N/A (nao era lacuna),1,Defensivo,2,Reconstrução
31,1610612742,DAL,2025,2025-02-02,1631108,Max Christie,Guards,0.009388034092652781,0.0069134926642379375,0.0024745414284148438,Redundante,0.015996261547862975,0.004656766661842976,N/A (nao era lacuna),1,Defensivo,2,Reconstrução
28,1610612742,DAL,2025,2025-02-04,1628997,Caleb Martin,Forwards,0.003891213389121339,0.008257177413850979,-0.00436596402472964,Preenche Lacuna,0.0070599197247706415,-0.00511645670540132,Nao,1,Defensivo,2,Reconstrução
19,1610612743,DEN,2015,2015-02-19,203115,Will Barton,Guards,0.01876538146021329,0.01141861394242564,0.007346767517787648,Redundante,,,Sem dado pos-troca,0,Ofensivo,0,Ofensivo
19,1610612743,DEN,2015,2015-02-19,201964,Victor Claver,Forwards,-0.01025430680885972,0.008234618931003725,-0.018488925739863445,Preenche Lacuna,,,Sem dado pos-troca,0,Ofensivo,0,Ofensivo
19,1610612743,DEN,2015,2015-02-19,203080,Thomas Robinson,Forwards,-0.01025430680885972,0.008234618931003725,-0.018488925739863445,Preenche Lacuna,,,Sem dado pos-troca,0,Ofensivo,0,Ofensivo
36,1610612743,DEN,2017,2017-01-17,2590,Mo Williams,Guards,-0.010405053883314752,0.007276346981567967,-0.01768140086488272,Preenche Lacuna,0.008495583198125113,-0.0009204216272635634,Melhorou,0,Ofensivo,3,Elite
34,1610612743,DEN,2017,2017-02-13,203486,Mason Plumlee,Centers,0.0016284177838370064,0.002635052505106653,-0.0010066347212696464,Preenche Lacuna,0.004333333333333333,-0.0022290322334410683,Nao,0,Ofensivo,3,Elite
27,1610612743,DEN,2017,2017-02-23,201579,Roy Hibbert,Centers,0.0010295370633342802,0.0025511637789883143,-0.0015216267156540342,Preenche Lacuna,0.005487040133779264,-0.0018241937324666056,Nao,0,Ofensivo,3,Elite
78,1610612743,DEN,2018,2018-02-08,2734,Devin Harris,Guards,0.011433704928743516,0.00701361136774414,0.004420093560999375,Redundante,0.01917150108774474,0.008446101640983557,N/A (nao era lacuna),0,Ofensivo,0,Ofensivo
29,1610612743,DEN,2020,2020-02-05,203943,Noah Vonleh,Forwards,0.007845197357863737,0.008603353483624215,-0.0007581561257604778,Preenche Lacuna,,,Sem dado pos-troca,1,Defensivo,0,Ofensivo
29,1610612743,DEN,2020,2020-02-05,203894,Shabazz Napier,Guards,0.011609041611188456,0.0031336619278446057,0.00847537968334385,Redundante,,,Sem dado pos-troca,1,Defensivo,0,Ofensivo
29,1610612743,DEN,2020,2020-02-05,101123,Gerald Green,Guards,0.011609041611188456,0.0031336619278446057,0.00847537968334385,Redundante,,,Sem dado pos-troca,1,Defensivo,0,Ofensivo
29,1610612743,DEN,2020,2020-02-05,1628966,Keita Bates-Diop,Forwards,0.007845197357863737,0.008603353483624215,-0.0007581561257604778,Preenche Lacuna,,,Sem dado pos-troca,1,Defensivo,0,Ofensivo
20,1610612743,DEN,2020,2020-02-06,203895,Jordan McRae,Guards,0.01135569130154317,0.0016111065230566101,0.00974458477848656,Redundante,,,Sem dado pos-troca,1,Defensivo,0,Ofensivo
25,1610612743,DEN,2021,2021-03-25,203932,Aaron Gordon,Forwards,-0.0027327968642532584,0.014414560851604113,-0.017147357715857372,Preenche Lacuna,0.008520453008348864,-0.012385379683689603,Melhorou,0,Ofensivo,0,Ofensivo
25,1610612743,DEN,2021,2021-03-25,1629109,Gary Clark,Forwards,-0.0027327968642532584,0.014414560851604113,-0.017147357715857372,Preenche Lacuna,0.008520453008348864,-0.012385379683689603,Melhorou,0,Ofensivo,0,Ofensivo
26,1610612743,DEN,2021,2021-03-25,201580,JaVale McGee,Centers,0.01558757078976617,0.002263604744997538,0.013323966044768631,Redundante,0.01564370282401602,0.01743421379127212,N/A (nao era lacuna),0,Ofensivo,0,Ofensivo
32,1610612743,DEN,2022,2022-01-19,1627854,Bryn Forbes,Guards,0.0027109853842527108,0.005741651610645639,-0.003030666226392928,Preenche Lacuna,0.007876049063912201,0.00022883511313875546,Sim,1,Defensivo,0,Ofensivo
16,1610612743,DEN,2023,2023-02-09,1628418,Thomas Bryant,Centers,0.005308621268030863,0.004294915566791056,0.0010137057012398068,Redundante,0.008947926756145934,0.0004472049242907304,N/A (nao era lacuna),3,Elite,1,Defensivo
31,1610612744,GSW,2014,2014-01-15,202705,MarShon Brooks,Guards,0.014267990074441687,0.015437930413195545,-0.0011699403387538578,Preenche Lacuna,0.02178946285243877,0.008143984071146543,Sim,3,Elite,3,Elite
31,1610612744,GSW,2014,2014-01-15,202348,Jordan Crawford,Guards,0.014267990074441687,0.015437930413195545,-0.0011699403387538578,Preenche Lacuna,0.02178946285243877,0.008143984071146543,Sim,3,Elite,3,Elite
28,1610612744,GSW,2014,2014-02-19,2581,Steve Blake,Guards,0.012206128852022177,0.012333025660423188,-0.00012689680840101067,Preenche Lacuna,0.03390240363689123,0.008022225799627854,Sim,3,Elite,3,Elite
22,1610612744,GSW,2020,2020-02-06,203952,Andrew Wiggins,Forwards,0.009366698755164759,0.009267634004295509,9.906475086924986e-05,Redundante,0.022600689658133975,-0.03305175871423334,N/A (nao era lacuna),2,Reconstrução,2,Reconstrução
19,1610612744,GSW,2023,2023-02-09,1627780,Gary Payton II,Guards,0.009429632867132868,0.00593329390702691,0.0034963389601059573,Redundante,0.02067805679776784,0.009340198105405983,N/A (nao era lacuna),3,Elite,3,Elite
36,1610612744,GSW,2025,2024-12-15,203471,Dennis Schröder,Guards,0.03488095238095238,0.01286407555717511,0.02201687682377727,Redundante,0.008641387589518566,0.0019531341158610287,N/A (nao era lacuna),3,Elite,3,Elite
14,1610612744,GSW,2025,2025-02-06,202710,Jimmy Butler,Forwards,0.01045045045045045,0.007991086840182368,0.0024593636102680817,Redundante,0.009617748279252703,-0.0033307773147191536,N/A (nao era lacuna),3,Elite,3,Elite
27,1610612745,HOU,2013,2013-02-20,203080,Thomas Robinson,Forwards,0.011022311022311021,0.003972286470875233,0.007050024551435788,Redundante,0.013595874355368028,0.0020297701890695935,N/A (nao era lacuna),3,Elite,3,Elite
27,1610612745,HOU,2013,2013-02-20,202715,Tyler Honeycutt,Forwards,0.011022311022311021,0.003972286470875233,0.007050024551435788,Redundante,0.013595874355368028,0.0020297701890695935,N/A (nao era lacuna),3,Elite,3,Elite
27,1610612745,HOU,2013,2013-02-20,101128,Francisco Garcia,Guards,0.005094905094905094,0.010436793494982758,-0.005341888400077664,Preenche Lacuna,0.019690576652601967,-0.0005778161746183459,Melhorou,3,Elite,3,Elite
19,1610612745,HOU,2014,2014-02-20,202706,Jordan Hamilton,Forwards,0.005640411300788659,0.010037615596983159,-0.0043972042961944995,Preenche Lacuna,-0.0043197858359698225,-0.014645341532918505,Nao,3,Elite,3,Elite
27,1610612745,HOU,2015,2015-02-19,203143,Pablo Prigioni,Guards,0.016311295188423582,0.01141861394242564,0.004892681245997942,Redundante,0.021697016660209224,0.005973774359007426,N/A (nao era lacuna),3,Elite,3,Elite
28,1610612745,HOU,2015,2015-02-19,203909,K.J. McDaniels,Guards,0.016311295188423582,0.01141861394242564,0.004892681245997942,Redundante,0.021697016660209224,0.005973774359007426,N/A (nao era lacuna),3,Elite,3,Elite
23,1610612745,HOU,2016,2016-01-22,2746,Josh Smith,Forwards,-0.00020995171110644572,0.010627888513872218,-0.010837840224978664,Preenche Lacuna,0.004162679425837319,-0.006735455549138304,Melhorou,0,Ofensivo,3,Elite
26,1610612745,HOU,2017,2017-02-23,1626273,Marcelo Huertas,Guards,0.006137525619946395,0.006583177855775884,-0.0004456522358294891,Preenche Lacuna,0.021952104499274313,0.005928034502922251,Sim,3,Elite,3,Elite
26,1610612745,HOU,2019,2019-02-07,202697,Iman Shumpert,Guards,0.041828833255783286,0.023834054632124888,0.0179947786236584,Redundante,0.05093336110486861,0.045884301925997115,N/A (nao era lacuna),3,Elite,3,Elite
26,1610612745,HOU,2019,2019-02-07,203917,Nik Stauskas,Guards,0.041828833255783286,0.023834054632124888,0.0179947786236584,Redundante,0.05093336110486861,0.045884301925997115,N/A (nao era lacuna),3,Elite,3,Elite
26,1610612745,HOU,2019,2019-02-07,1627735,Wade Baldwin,Guards,0.041828833255783286,0.023834054632124888,0.0179947786236584,Redundante,0.05093336110486861,0.045884301925997115,N/A (nao era lacuna),3,Elite,3,Elite
29,1610612745,HOU,2020,2020-02-05,203496,Robert Covington,Forwards,-0.006155707946752723,0.008603353483624215,-0.014759061430376938,Preenche Lacuna,,,Sem dado pos-troca,3,Elite,3,Elite
29,1610612745,HOU,2020,2020-02-05,1628395,Jordan Bell,Centers,-0.016609675117137804,0.008186752504185504,-0.024796427621323308,Preenche Lacuna,,,Sem dado pos-troca,3,Elite,3,Elite
26,1610612745,HOU,2020,2020-02-06,196294585,Bruno Caboclo,Forwards,-0.006155707946752723,0.009267634004295509,-0.015423341951048232,Preenche Lacuna,,,Sem dado pos-troca,3,Elite,3,Elite
36,1610612745,HOU,2021,2021-01-22,1629645,Kevin Porter Jr.,Guards,-0.007044159902236423,0.005619525242439772,-0.012663685144676196,Preenche Lacuna,-0.0001484891324594367,0.0006103707105299621,Sim,1,Defensivo,2,Reconstrução
31,1610612745,HOU,2021,2021-03-19,201571,D.J. Augustin,Guards,-0.003348246622372798,0.0014530444008107708,-0.004801291023183569,Preenche Lacuna,0.0024510450381880736,-0.01436295251492034,Nao,2,Reconstrução,2,Reconstrução
31,1610612745,HOU,2021,2021-03-19,1628391,DJ Wilson,Forwards,0.019150928930901763,0.019916705639050875,-0.0007657767081491115,Preenche Lacuna,0.01710613408089265,0.00424502110784461,Sim,2,Reconstrução,2,Reconstrução
18,1610612745,HOU,2021,2021-03-25,203482,Kelly Olynyk,Forwards,0.017642945168915132,0.014414560851604113,0.0032283843173110185,Redundante,0.018887990292003744,-0.002017842400034723,N/A (nao era lacuna),2,Reconstrução,2,Reconstrução
18,1610612745,HOU,2021,2021-03-25,202340,Avery Bradley,Guards,-0.0032330018120827974,0.006395762686680525,-0.009628764498763322,Preenche Lacuna,0.0033542513038623315,-0.01260585931955104,Nao,2,Reconstrução,2,Reconstrução
18,1610612745,HOU,2022,2022-02-10,203471,Dennis Schröder,Guards,0.013251783893985729,0.004185131673950914,0.009066652220034815,Redundante,0.001461988304093567,-0.009248605815568918,N/A (nao era lacuna),2,Reconstrução,2,Reconstrução
18,1610612745,HOU,2022,2022-02-10,1628981,Bruno Fernando,Centers,0.0026940439784476477,0.005231101299159905,-0.0025370573207122576,Preenche Lacuna,0.013575605680868838,0.0024890885335393624,Sim,2,Reconstrução,2,Reconstrução
17,1610612745,HOU,2023,2023-02-09,201980,Danny Green,Forwards,0.014796238244514107,0.00787367852485575,0.006922559719658357,Redundante,0.03552016180002529,0.017880732041634366,N/A (nao era lacuna),2,Reconstrução,2,Reconstrução
17,1610612745,HOU,2023,2023-02-09,202322,John Wall,Guards,0.0002507836990595613,0.00593329390702691,-0.005682510207967349,Preenche Lacuna,0.0026545316647705727,-0.008683327027591285,Nao,2,Reconstrução,2,Reconstrução
18,1610612745,HOU,2023,2023-02-09,203200,Justin Holiday,Guards,0.0002507836990595613,0.00593329390702691,-0.005682510207967349,Preenche Lacuna,0.0026545316647705727,-0.008683327027591285,Nao,2,Reconstrução,2,Reconstrução
18,1610612745,HOU,2023,2023-02-09,1626163,Frank Kaminsky,Centers,0.003134796238244514,0.004294915566791056,-0.0011601193285465418,Preenche Lacuna,-0.0011376564277588163,-0.00963837825961402,Nao,2,Reconstrução,2,Reconstrução
35,1610612745,HOU,2024,2024-02-02,203500,Steven Adams,Centers,0.0038225062697192784,0.004061592074107993,-0.00023908580438871492,Preenche Lacuna,0.0017876744550729185,-0.0045658004339982,Nao,0,Ofensivo,0,Ofensivo
27,1610612745,HOU,2025,2025-02-05,1630531,Jaden Springer,Guards,0.00867065868263473,0.007398038804584705,0.0012726198780500242,Redundante,0.01262922932330827,0.0005381653588089463,N/A (nao era lacuna),0,Ofensivo,0,Ofensivo
12,1610612745,HOU,2025,2025-02-06,203469,Cody Zeller,Centers,0.0017964071856287423,0.004534923686038011,-0.0027385165004092686,Preenche Lacuna,0.003994360902255639,-0.0026642452253824098,Melhorou,0,Ofensivo,0,Ofensivo
32,1610612746,LAC,2015,2015-01-15,203085,Austin Rivers,Guards,0.014716846575253654,0.01390834050848347,0.0008085060667701836,Redundante,0.015076536499064127,0.0028877044121246153,N/A (nao era lacuna),3,Elite,3,Elite
15,1610612746,LAC,2016,2016-02-18,201145,Jeff Green,Forwards,0.004094305503428981,0.00938198537646029,-0.0052876798730313096,Preenche Lacuna,-0.0054972513743128445,-0.02200726263117262,Nao,3,Elite,3,Elite
93,1610612746,LAC,2018,2018-01-29,202699,Tobias Harris,Forwards,0.006222644096398251,0.010783405404686251,-0.004560761308288,Preenche Lacuna,0.019815059445178335,0.0027175851908687217,Sim,0,Ofensivo,0,Ofensivo
93,1610612746,LAC,2018,2018-01-29,202340,Avery Bradley,Guards,0.010467752992669934,0.007691656870918438,0.0027760961217514965,Redundante,0.007405628277490892,-0.000465990580382861,N/A (nao era lacuna),0,Ofensivo,0,Ofensivo
93,1610612746,LAC,2018,2018-01-29,1626246,Boban Marjanovic,Centers,0.003717766176237937,0.0020408311356002826,0.0016769350406376543,Redundante,0.0030823425803610744,-0.002607718434522506,N/A (nao era lacuna),0,Ofensivo,0,Ofensivo
32,1610612746,LAC,2019,2019-02-06,201163,Wilson Chandler,Forwards,-0.039121510156279495,0.001290178777678038,-0.04041168893395753,Preenche Lacuna,0.023867386202542203,0.00943442988139895,Sim,1,Defensivo,0,Ofensivo
32,1610612746,LAC,2019,2019-02-06,203488,Mike Muscala,Centers,0.066565502650833,-0.0008286317718814609,0.06739413442271446,Redundante,-0.031048846637996414,-0.04005889964668313,N/A (nao era lacuna),1,Defensivo,0,Ofensivo
32,1610612746,LAC,2019,2019-02-06,1629013,Landry Shamet,Guards,-0.009262174312735325,0.018216109163124442,-0.027478283475859767,Preenche Lacuna,0.04421849747249125,0.03256316708329184,Sim,1,Defensivo,0,Ofensivo
22,1610612746,LAC,2019,2019-02-07,201563,Michael Beasley,Forwards,-0.039121510156279495,0.0028857874399276636,-0.04200729759620716,Preenche Lacuna,0.023867386202542203,0.006227274886721677,Sim,1,Defensivo,0,Ofensivo
22,1610612746,LAC,2019,2019-02-07,1627826,Ivica Zubac,Centers,0.066565502650833,-0.00822287782037132,0.07478838047120431,Redundante,-0.031048846637996414,-0.04421365708029938,N/A (nao era lacuna),1,Defensivo,0,Ofensivo
24,1610612746,LAC,2019,2019-02-07,202066,Garrett Temple,Guards,-0.009262174312735325,0.023834054632124888,-0.03309622894486021,Preenche Lacuna,0.04421849747249125,0.039169438293619754,Sim,1,Defensivo,0,Ofensivo
24,1610612746,LAC,2019,2019-02-07,203210,JaMychal Green,Forwards,-0.039121510156279495,0.0028857874399276636,-0.04200729759620716,Preenche Lacuna,0.023867386202542203,0.006227274886721677,Sim,1,Defensivo,0,Ofensivo
19,1610612746,LAC,2020,2020-02-06,202694,Marcus Morris,Forwards,0.01938464690907147,0.009267634004295509,0.01011701290477596,Redundante,,,Sem dado pos-troca,3,Elite,3,Elite
19,1610612746,LAC,2020,2020-02-06,202738,Isaiah Thomas,Guards,0.012213119247391437,0.0016111065230566101,0.010602012724334827,Redundante,,,Sem dado pos-troca,3,Elite,3,Elite
20,1610612746,LAC,2021,2021-03-25,200765,Rajon Rondo,Guards,0.017256986518135113,0.006395762686680525,0.010861223831454589,Redundante,0.03190991753866005,0.015949806915246677,N/A (nao era lacuna),1,Defensivo,1,Defensivo
31,1610612746,LAC,2022,2022-02-04,1626181,Norman Powell,Guards,0.004123607653818109,0.004586173191746429,-0.00046256553792832066,Preenche Lacuna,0.015838509316770187,0.006457572842499357,Sim,1,Defensivo,3,Elite
31,1610612746,LAC,2022,2022-02-04,203496,Robert Covington,Forwards,0.009064393653667244,0.00919659459999108,-0.00013220094632383599,Preenche Lacuna,0.013975155279503106,0.00022418131357890107,Sim,1,Defensivo,3,Elite
24,1610612746,LAC,2022,2022-02-10,1628400,Semi Ojeleye,Forwards,0.008769132653061226,0.0087936678509906,-2.4535197929375155e-05,Preenche Lacuna,0.01468828201501469,-0.0005106489898976923,Nao,1,Defensivo,3,Elite
24,1610612746,LAC,2022,2022-02-10,203918,Rodney Hood,Forwards,0.008769132653061226,0.0087936678509906,-2.4535197929375155e-05,Preenche Lacuna,0.01468828201501469,-0.0005106489898976923,Nao,1,Defensivo,3,Elite
14,1610612746,LAC,2023,2023-02-09,203486,Mason Plumlee,Centers,0.002204936608072518,0.004294915566791056,-0.002089978958718538,Preenche Lacuna,0.007554945054945055,-0.0009457767769101488,Melhorou,1,Defensivo,0,Ofensivo
17,1610612746,LAC,2023,2023-02-09,201569,Eric Gordon,Guards,0.006043159592495049,0.00593329390702691,0.00010986568546813864,Redundante,0.01240079365079365,0.001062934958431792,N/A (nao era lacuna),1,Defensivo,0,Ofensivo
32,1610612746,LAC,2025,2025-02-01,1629234,Drew Eubanks,Centers,0.004477428851815506,0.005182023239195075,-0.0007045943873795696,Preenche Lacuna,0.006552494415487714,0.00048492749734467457,Sim,1,Defensivo,1,Defensivo
32,1610612746,LAC,2025,2025-02-01,201988,Patty Mills,Guards,0.007421491658488714,0.0070350590346836914,0.0003864326238050223,Redundante,0.006527674360883594,-0.0046014867480229675,N/A (nao era lacuna),1,Defensivo,1,Defensivo
18,1610612746,LAC,2025,2025-02-06,1630699,MarJon Beauchamp,Guards,0.0070916334661354575,0.007431980635328803,-0.0003403471691933455,Preenche Lacuna,0.0071875,-0.0047608919440197605,Nao,1,Defensivo,1,Defensivo
19,1610612746,LAC,2025,2025-02-06,1962937117,Bogdan Bogdanovic,Guards,0.0070916334661354575,0.007431980635328803,-0.0003403471691933455,Preenche Lacuna,0.0071875,-0.0047608919440197605,Nao,1,Defensivo,1,Defensivo
24,1610612747,LAL,2017,2017-02-23,201147,Corey Brewer,Guards,0.026991965182457316,0.006583177855775884,0.020408787326681433,Redundante,0.03401360544217687,0.017989535445824805,N/A (nao era lacuna),2,Reconstrução,2,Reconstrução
26,1610612747,LAL,2017,2017-02-23,203898,Tyler Ennis,Guards,0.026991965182457316,0.006583177855775884,0.020408787326681433,Redundante,0.03401360544217687,0.017989535445824805,N/A (nao era lacuna),2,Reconstrução,2,Reconstrução
26,1610612747,LAL,2017,2017-02-23,1962937734,Brad Newley,Forwards,-0.00874623367927687,0.008553016691870679,-0.01729925037114755,Preenche Lacuna,0.00510204081632653,-0.011304845297373089,Melhorou,2,Reconstrução,2,Reconstrução
82,1610612747,LAL,2018,2018-02-08,101112,Channing Frye,Forwards,0.017454596848279273,0.01018195016531534,0.007272646682963933,Redundante,0.01663286004056795,-0.001785535248236228,N/A (nao era lacuna),0,Ofensivo,3,Elite
82,1610612747,LAL,2018,2018-02-08,202738,Isaiah Thomas,Guards,0.0012013285280192212,0.00701361136774414,-0.005812282839724919,Preenche Lacuna,0.0003245436105476694,-0.010400855836213512,Nao,0,Ofensivo,3,Elite
34,1610612747,LAL,2019,2019-02-06,203493,Reggie Bullock,Forwards,-0.03677368523015823,0.001290178777678038,-0.03806386400783627,Preenche Lacuna,-0.01490327288259268,-0.029336229203735933,Melhorou,0,Ofensivo,2,Reconstrução
22,1610612747,LAL,2019,2019-02-07,203488,Mike Muscala,Centers,0.04653153994644747,-0.00822287782037132,0.05475441776681879,Redundante,0.05323372902169464,0.040068918579391676,N/A (nao era lacuna),0,Ofensivo,2,Reconstrução
28,1610612747,LAL,2023,2023-01-23,1629060,Rui Hachimura,Forwards,0.009322607322757687,0.009509681108445118,-0.0001870737856874312,Preenche Lacuna,0.0094437775110044,-0.0034160455009329925,Nao,0,Ofensivo,0,Ofensivo
16,1610612747,LAL,2023,2023-02-09,1628432,Davon Reed,Guards,0.0010057611561370954,0.00593329390702691,-0.004927532750889815,Preenche Lacuna,0.022009881987831274,0.010672023295469416,Sim,0,Ofensivo,1,Defensivo
24,1610612747,LAL,2023,2023-02-09,1626156,D'Angelo Russell,Guards,0.0010057611561370954,0.00593329390702691,-0.004927532750889815,Preenche Lacuna,0.022009881987831274,0.010672023295469416,Sim,0,Ofensivo,1,Defensivo
24,1610612747,LAL,2023,2023-02-09,1627736,Malik Beasley,Guards,0.0010057611561370954,0.00593329390702691,-0.004927532750889815,Preenche Lacuna,0.022009881987831274,0.010672023295469416,Sim,0,Ofensivo,1,Defensivo
24,1610612747,LAL,2023,2023-02-09,1629020,Jarred Vanderbilt,Forwards,0.008651498877062788,0.00787367852485575,0.0007778203522070381,Redundante,0.00853444403609784,-0.009104985722293084,N/A (nao era lacuna),0,Ofensivo,1,Defensivo
35,1610612747,LAL,2025,2024-12-29,1627827,Dorian Finney-Smith,Forwards,0.010630291627469425,0.014173237238731052,-0.003542945611261627,Preenche Lacuna,0.008604806752097164,0.0005411981762866707,Sim,1,Defensivo,1,Defensivo
35,1610612747,LAL,2025,2024-12-29,1629003,Shake Milton,Guards,0.013891502038256507,0.010419049165286309,0.0034724528729701987,Redundante,0.008326900313931346,0.0018810989040311905,N/A (nao era lacuna),1,Defensivo,1,Defensivo
31,1610612747,LAL,2025,2025-02-02,1962937441,Luka Doncic,Guards,0.007942894224529526,0.0069134926642379375,0.0010294015602915884,Redundante,0.012661584355319853,0.0013220894692998544,N/A (nao era lacuna),1,Defensivo,1,Defensivo
31,1610612747,LAL,2025,2025-02-02,1628467,Maxi Kleber,Forwards,0.008449059052563272,0.008781709134500493,-0.0003326500819372212,Preenche Lacuna,0.010496077781460611,-0.0015390781107747793,Nao,1,Defensivo,1,Defensivo
31,1610612747,LAL,2025,2025-02-02,202693,Markieff Morris,Forwards,0.008449059052563272,0.008781709134500493,-0.0003326500819372212,Preenche Lacuna,0.010496077781460611,-0.0015390781107747793,Nao,1,Defensivo,1,Defensivo
23,1610612747,LAL,2025,2025-02-06,1631109,Mark Williams,Centers,0.0051331647076327935,0.004534923686038011,0.0005982410215947826,Redundante,0.005497087013719227,-0.001161519113918822,N/A (nao era lacuna),1,Defensivo,1,Defensivo
31,1610612748,MIA,2014,2014-01-15,201962,Toney Douglas,Guards,0.011174879275908274,0.015437930413195545,-0.0042630511372872704,Preenche Lacuna,0.006204424669385738,-0.00744105411190649,Nao,1,Defensivo,1,Defensivo
21,1610612748,MIA,2016,2016-02-16,203148,Brian Roberts,Guards,0.011978649453823239,0.00615987844042962,0.005818771013393618,Redundante,0.014823380992430614,0.0012904379840445162,N/A (nao era lacuna),1,Defensivo,0,Ofensivo
80,1610612748,MIA,2018,2018-02-08,2548,Dwyane Wade,Guards,0.013419409461318659,0.00701361136774414,0.006405798093574519,Redundante,0.02111255224095691,0.010387152794195728,N/A (nao era lacuna),1,Defensivo,0,Ofensivo
88,1610612748,MIA,2018,2018-02-08,202337,Luke Babbitt,Forwards,0.0024552862736797547,0.01018195016531534,-0.007726663891635585,Preenche Lacuna,0.013258394581351782,-0.005160000707452397,Melhorou,1,Defensivo,0,Ofensivo
18,1610612748,MIA,2020,2020-02-06,2738,Andre Iguodala,Forwards,-0.0013703120075638188,0.009267634004295509,-0.010637946011859328,Preenche Lacuna,,,Sem dado pos-troca,3,Elite,3,Elite
18,1610612748,MIA,2020,2020-02-06,203524,Solomon Hill,Forwards,-0.0013703120075638188,0.009267634004295509,-0.010637946011859328,Preenche Lacuna,,,Sem dado pos-troca,3,Elite,3,Elite
18,1610612748,MIA,2020,2020-02-06,203109,Jae Crowder,Forwards,-0.0013703120075638188,0.009267634004295509,-0.010637946011859328,Preenche Lacuna,,,Sem dado pos-troca,3,Elite,3,Elite
18,1610612748,MIA,2021,2021-03-25,203506,Victor Oladipo,Guards,-0.059698862207454725,0.006395762686680525,-0.06609462489413526,Preenche Lacuna,0.05040400447653013,0.03444389385311676,Sim,1,Defensivo,1,Defensivo
24,1610612748,MIA,2021,2021-03-25,202357,Nemanja Bjelica,Forwards,0.04328450910310245,0.014414560851604113,0.028869948251498335,Redundante,0.0032502969579172205,-0.017655535734121246,N/A (nao era lacuna),1,Defensivo,1,Defensivo
36,1610612748,MIA,2024,2024-01-23,1626179,Terry Rozier,Guards,0.010174418604651164,0.008836147266446112,0.001338271338205051,Redundante,0.009118988086483306,0.0033880758566943343,N/A (nao era lacuna),1,Defensivo,1,Defensivo
14,1610612748,MIA,2025,2025-02-06,203952,Andrew Wiggins,Forwards,0.009297650458600325,0.007991086840182368,0.0013065636184179576,Redundante,0.004914004914004913,-0.008034520679966944,N/A (nao era lacuna),1,Defensivo,1,Defensivo
14,1610612748,MIA,2025,2025-02-06,203937,Kyle Anderson,Forwards,0.009297650458600325,0.007991086840182368,0.0013065636184179576,Redundante,0.004914004914004913,-0.008034520679966944,N/A (nao era lacuna),1,Defensivo,1,Defensivo
14,1610612748,MIA,2025,2025-02-06,1630558,Davion Mitchell,Guards,0.008848922154613824,0.007431980635328803,0.001416941519285021,Redundante,0.016664886230103624,0.004716494286083863,N/A (nao era lacuna),1,Defensivo,1,Defensivo
20,1610612749,MIL,2013,2013-02-21,200755,J.J. Redick,Guards,0.022044342799059778,0.01022073999890532,0.011823602800154457,Redundante,0.012763098969995518,-0.00841431306902403,N/A (nao era lacuna),0,Ofensivo,0,Ofensivo
20,1610612749,MIL,2013,2013-02-21,202970,Gustavo Ayon,Forwards,-0.004574042309891366,0.004358154000123997,-0.008932196310015364,Preenche Lacuna,0.013658755038065386,0.0028677219047341888,Sim,0,Ofensivo,0,Ofensivo
20,1610612749,MIL,2013,2013-02-21,202397,Ishmael Smith,Guards,0.022044342799059778,0.01022073999890532,0.011823602800154457,Redundante,0.012763098969995518,-0.00841431306902403,N/A (nao era lacuna),0,Ofensivo,0,Ofensivo
18,1610612749,MIL,2014,2014-02-20,201196,Ramon Sessions,Guards,0.011976617080937217,0.006587583079629556,0.0053890340013076615,Redundante,,,Sem dado pos-troca,2,Reconstrução,2,Reconstrução
18,1610612749,MIL,2014,2014-02-20,196294137,Jeff Adrien,Forwards,0.003730811273228459,0.010037615596983159,-0.006306804323754699,Preenche Lacuna,,,Sem dado pos-troca,2,Reconstrução,2,Reconstrução
24,1610612749,MIL,2015,2015-02-19,203101,Miles Plumlee,Centers,-0.006190107731682638,-0.0008343786452009373,-0.005355729086481701,Preenche Lacuna,0.010630023334197563,0.001638128785683075,Sim,1,Defensivo,0,Ofensivo
24,1610612749,MIL,2015,2015-02-19,203487,Michael Carter-Williams,Guards,-0.0037497767990000604,0.01141861394242564,-0.0151683907414257,Preenche Lacuna,0.031371532278973296,0.0156482899777715,Sim,1,Defensivo,0,Ofensivo
24,1610612749,MIL,2015,2015-02-19,203898,Tyler Ennis,Guards,-0.0037497767990000604,0.01141861394242564,-0.0151683907414257,Preenche Lacuna,0.031371532278973296,0.0156482899777715,Sim,1,Defensivo,0,Ofensivo
35,1610612749,MIL,2017,2017-02-02,201150,Spencer Hawes,Forwards,0.0175981228668942,0.01003185546925994,0.00756626739763426,Redundante,0.016760380622837374,0.004310275735324137,N/A (nao era lacuna),1,Defensivo,1,Defensivo
35,1610612749,MIL,2017,2017-02-02,201579,Roy Hibbert,Centers,-0.0014576222980659844,0.003655932315851296,-0.00511355461391728,Preenche Lacuna,,,Sem dado pos-troca,1,Defensivo,1,Defensivo
91,1610612749,MIL,2018,2018-02-05,203092,Tyler Zeller,Centers,,0.0018210283210134636,,Redundante,0.004323308270676692,-0.0006246849036676454,N/A (nao era lacuna),1,Defensivo,0,Ofensivo
44,1610612749,MIL,2019,2018-12-07,201588,George Hill,Guards,0.027595589129881755,0.03856374527709422,-0.010968156147212464,Preenche Lacuna,0.011239076243458596,-0.007577333430117973,Melhorou,3,Elite,3,Elite
44,1610612749,MIL,2019,2018-12-07,201160,Jason Smith,Forwards,0.052663886830433666,0.025380075596655376,0.02728381123377829,Redundante,0.015357168459508555,0.008255788505067242,N/A (nao era lacuna),3,Elite,3,Elite
30,1610612749,MIL,2019,2019-02-07,202703,Nikola Mirotic,Forwards,0.015634180911659926,0.0028857874399276636,0.012748393471732261,Redundante,0.039789956078032346,0.02214984476221182,N/A (nao era lacuna),3,Elite,3,Elite
31,1610612749,MIL,2021,2021-03-19,200782,P.J. Tucker,Forwards,0.03890598112322052,0.019916705639050875,0.01898927548416965,Redundante,0.03429047186405289,0.02142935889100485,N/A (nao era lacuna),3,Elite,3,Elite
31,1610612749,MIL,2021,2021-03-19,1629066,Rodions Kurucs,Forwards,0.03890598112322052,0.019916705639050875,0.01898927548416965,Redundante,0.03429047186405289,0.02142935889100485,N/A (nao era lacuna),3,Elite,3,Elite
24,1610612749,MIL,2022,2022-02-10,201586,Serge Ibaka,Centers,0.003244466800804829,0.005231101299159905,-0.0019866344983550765,Preenche Lacuna,0.005358191426893717,-0.005728325720435758,Nao,3,Elite,3,Elite
13,1610612749,MIL,2023,2023-02-09,203109,Jae Crowder,Forwards,0.009780521262002743,0.00787367852485575,0.0019068427371469934,Redundante,0.013360923768649089,-0.0042785059897418355,N/A (nao era lacuna),3,Elite,3,Elite
23,1610612749,MIL,2024,2024-02-08,267633,Patrick Beverley,Guards,0.007839843203135938,0.007232158104264437,0.0006076850988715006,Redundante,0.010184569338210842,-0.00021844926353628037,N/A (nao era lacuna),3,Elite,1,Defensivo
13,1610612749,MIL,2025,2025-02-06,1628398,Kyle Kuzma,Forwards,0.0065784130593681475,0.007991086840182368,-0.0014126737808142203,Preenche Lacuna,0.010529019003595276,-0.002419506590376581,Nao,1,Defensivo,1,Defensivo
13,1610612749,MIL,2025,2025-02-06,1630579,Jericho Sims,Centers,0.004745275028715295,0.004534923686038011,0.00021035134267728423,Redundante,0.007725560691662386,0.001066954564024337,N/A (nao era lacuna),1,Defensivo,1,Defensivo
18,1610612749,MIL,2025,2025-02-06,1629645,Kevin Porter Jr.,Guards,0.009084475177222679,0.007431980635328803,0.0016524945418938761,Redundante,0.012048450607772643,0.00010005866375288261,N/A (nao era lacuna),1,Defensivo,1,Defensivo
39,1610612750,MIN,2015,2014-12-19,203584,Troy Daniels,Guards,0.028724747474747472,0.019386176755623263,0.009338570719124209,Redundante,0.01466966096783541,0.006567362935658957,N/A (nao era lacuna),2,Reconstrução,2,Reconstrução
30,1610612750,MIN,2015,2015-02-10,202390,Gary Neal,Guards,0.011227902532250358,0.011507681874505753,-0.000279779342255395,Preenche Lacuna,0.0358974358974359,0.019644789411392187,Sim,2,Reconstrução,2,Reconstrução
31,1610612750,MIN,2015,2015-02-10,203940,Adreian Payne,Forwards,0.008301481127568082,0.00806781630084038,0.00023366482672770167,Redundante,-0.0026806526806526804,-0.012343382741079743,N/A (nao era lacuna),2,Reconstrução,2,Reconstrução
25,1610612750,MIN,2015,2015-02-19,708,Kevin Garnett,Forwards,0.007202272266179753,0.008234618931003725,-0.0010323466648239719,Preenche Lacuna,-0.0037989479836353012,-0.013909723161165857,Nao,2,Reconstrução,2,Reconstrução
46,1610612750,MIN,2019,2018-11-10,203496,Robert Covington,Forwards,0.010196556257414944,0.018817274161503764,-0.00862071790408882,Preenche Lacuna,0.0177732076205364,0.010492893056509103,Sim,2,Reconstrução,0,Ofensivo
46,1610612750,MIN,2019,2018-11-10,201573,Jerryd Bayless,Guards,-0.027422394658743132,0.06581293700663103,-0.09323533166537416,Preenche Lacuna,-0.026810953981077815,-0.03910399850454936,Melhorou,2,Reconstrução,0,Ofensivo
46,1610612750,MIN,2019,2018-11-10,203967,Dario Saric,Forwards,0.010196556257414944,0.018817274161503764,-0.00862071790408882,Preenche Lacuna,0.0177732076205364,0.010492893056509103,Sim,2,Reconstrução,0,Ofensivo
33,1610612750,MIN,2020,2020-01-16,203459,Allen Crabbe,Guards,0.02227901023890785,0.00047497890102898247,0.02180403133787887,Redundante,-0.011793250311153317,-0.013331147910940937,N/A (nao era lacuna),0,Ofensivo,2,Reconstrução
29,1610612750,MIN,2020,2020-02-05,202323,Evan Turner,Forwards,0.00048359077395962067,0.008603353483624215,-0.008119762709664594,Preenche Lacuna,0.1037728687466788,0.06172831971174045,Sim,0,Ofensivo,3,Elite
29,1610612750,MIN,2020,2020-02-05,1627736,Malik Beasley,Guards,0.013191906461735705,0.0031336619278446057,0.010058244533891099,Redundante,-0.0811052911257876,-0.09024370092882568,N/A (nao era lacuna),0,Ofensivo,3,Elite
29,1610612750,MIN,2020,2020-02-05,1629020,Jarred Vanderbilt,Forwards,0.00048359077395962067,0.008603353483624215,-0.008119762709664594,Preenche Lacuna,0.1037728687466788,0.06172831971174045,Sim,0,Ofensivo,3,Elite
18,1610612750,MIN,2020,2020-02-06,201949,James Johnson,Forwards,0.0011592856570833664,0.009267634004295509,-0.008108348347212142,Preenche Lacuna,0.12988439806897148,0.07423194969660415,Sim,0,Ofensivo,3,Elite
22,1610612750,MIN,2020,2020-02-06,1626156,D'Angelo Russell,Guards,0.01230784015375991,0.0016111065230566101,0.0106967336307033,Redundante,-0.11449786764228344,-0.11917010633458376,N/A (nao era lacuna),0,Ofensivo,3,Elite
22,1610612750,MIN,2020,2020-02-06,1628980,Jacob Evans,Guards,0.01230784015375991,0.0016111065230566101,0.0106967336307033,Redundante,-0.11449786764228344,-0.11917010633458376,N/A (nao era lacuna),0,Ofensivo,3,Elite
22,1610612750,MIN,2020,2020-02-06,1629016,Omari Spellman,Forwards,0.0011592856570833664,0.009267634004295509,-0.008108348347212142,Preenche Lacuna,0.12988439806897148,0.07423194969660415,Sim,0,Ofensivo,3,Elite
24,1610612750,MIN,2023,2023-02-09,201144,Mike Conley,Guards,0.007905138339920948,0.00593329390702691,0.001971844432894038,Redundante,0.007394214162348877,-0.003943644530012981,N/A (nao era lacuna),0,Ofensivo,0,Ofensivo
24,1610612750,MIN,2023,2023-02-09,1629638,Nickeil Alexander-Walker,Guards,0.007905138339920948,0.00593329390702691,0.001971844432894038,Redundante,0.007394214162348877,-0.003943644530012981,N/A (nao era lacuna),0,Ofensivo,0,Ofensivo
31,1610612750,MIN,2024,2024-02-08,1628420,Monte Morris,Guards,0.006560658289780941,0.007232158104264437,-0.0006714998144834962,Preenche Lacuna,0.012527702536321104,0.002124683934573981,Sim,1,Defensivo,1,Defensivo
41,1610612751,BKN,2015,2014-12-11,203561,Brandon Davies,Forwards,0.03403361344537815,0.020332817754934812,0.013700795690443336,Redundante,0.020473241519548945,0.014904406527986643,N/A (nao era lacuna),2,Reconstrução,1,Defensivo
94,1610612751,BKN,2018,2017-12-07,1626143,Jahlil Okafor,Centers,0.008209990749306197,0.004990923211929077,0.00321906753737712,Redundante,0.0025247582886444592,-0.0006313637051175822,N/A (nao era lacuna),0,Ofensivo,2,Reconstrução
94,1610612751,BKN,2018,2017-12-07,203917,Nik Stauskas,Guards,0.021623496762257166,0.013161964907738664,0.008461531854518502,Redundante,0.009042157591889458,0.003169296981614669,N/A (nao era lacuna),0,Ofensivo,2,Reconstrução
91,1610612751,BKN,2018,2018-02-05,1626173,Rashad Vaughn,Guards,0.009613606951377333,0.007335105957257362,0.0022785009941199714,Redundante,0.018776465344328058,0.008025119983468392,N/A (nao era lacuna),2,Reconstrução,0,Ofensivo
89,1610612751,BKN,2018,2018-02-08,201967,Dante Cunningham,Forwards,0.004351976639712489,0.01018195016531534,-0.005829973525602851,Preenche Lacuna,0.015105356689515102,-0.0033130385992890775,Melhorou,2,Reconstrução,0,Ofensivo
37,1610612751,BKN,2021,2021-01-14,201935,James Harden,Guards,-0.13853294153187048,0.022302780515200245,-0.16083572204707072,Preenche Lacuna,0.036379398801384716,0.04092587007872179,Sim,3,Elite,3,Elite
16,1610612751,BKN,2022,2022-02-10,1627732,Ben Simmons,Guards,0.006236665025439029,0.004185131673950914,0.002051533351488115,Redundante,0.009588509316770187,-0.0011220848028922984,N/A (nao era lacuna),1,Defensivo,0,Ofensivo
16,1610612751,BKN,2022,2022-02-10,203552,Seth Curry,Guards,0.006236665025439029,0.004185131673950914,0.002051533351488115,Redundante,0.009588509316770187,-0.0011220848028922984,N/A (nao era lacuna),1,Defensivo,0,Ofensivo
16,1610612751,BKN,2022,2022-02-10,203083,Andre Drummond,Centers,0.006140926746539744,0.005231101299159905,0.0009098254473798384,Redundante,0.009122670807453414,-0.0019638463398760613,N/A (nao era lacuna),1,Defensivo,0,Ofensivo
27,1610612751,BKN,2023,2023-02-06,203915,Spencer Dinwiddie,Guards,0.009264710975651994,0.006029061088840613,0.0032356498868113806,Redundante,0.009810479375696768,-0.0010857374686888167,N/A (nao era lacuna),1,Defensivo,1,Defensivo
27,1610612751,BKN,2023,2023-02-06,1627827,Dorian Finney-Smith,Forwards,0.006970179752710145,0.008100688777076646,-0.001130509024366501,Preenche Lacuna,0.01958379784466741,0.0031944115091243307,Sim,1,Defensivo,1,Defensivo
13,1610612751,BKN,2023,2023-02-09,1628969,Mikal Bridges,Forwards,0.00649772579597141,0.00787367852485575,-0.0013759527288843398,Preenche Lacuna,0.022204227753153772,0.004564797994762847,Sim,1,Defensivo,1,Defensivo
13,1610612751,BKN,2023,2023-02-09,203109,Jae Crowder,Forwards,0.00649772579597141,0.00787367852485575,-0.0013759527288843398,Preenche Lacuna,0.022204227753153772,0.004564797994762847,Sim,1,Defensivo,1,Defensivo
13,1610612751,BKN,2023,2023-02-09,1629661,Cameron Johnson,Forwards,0.00649772579597141,0.00787367852485575,-0.0013759527288843398,Preenche Lacuna,0.022204227753153772,0.004564797994762847,Sim,1,Defensivo,1,Defensivo
16,1610612751,BKN,2024,2024-02-08,1628966,Keita Bates-Diop,Forwards,0.011619812583668005,0.008636324064943307,0.002983488518724698,Redundante,0.012511425959780623,-0.003177726216414784,N/A (nao era lacuna),0,Ofensivo,2,Reconstrução
16,1610612751,BKN,2024,2024-02-08,1630692,Jordan Goodwin,Guards,0.005153949129852745,0.007232158104264437,-0.0020782089744116918,Preenche Lacuna,0.009712065813528336,-0.000690952788218787,Melhorou,0,Ofensivo,2,Reconstrução
25,1610612751,BKN,2024,2024-02-08,203471,Dennis Schröder,Guards,0.005153949129852745,0.007232158104264437,-0.0020782089744116918,Preenche Lacuna,0.009712065813528336,-0.000690952788218787,Melhorou,0,Ofensivo,2,Reconstrução
36,1610612751,BKN,2025,2024-12-15,1629001,De'Anthony Melton,Guards,0.016064814814814813,0.01286407555717511,0.0032007392576397023,Redundante,0.0018329405603561147,-0.004855312913301423,N/A (nao era lacuna),2,Reconstrução,2,Reconstrução
36,1610612751,BKN,2025,2024-12-15,1641736,Reece Beekman,Guards,0.016064814814814813,0.01286407555717511,0.0032007392576397023,Redundante,0.0018329405603561147,-0.004855312913301423,N/A (nao era lacuna),2,Reconstrução,2,Reconstrução
35,1610612751,BKN,2025,2024-12-29,1626156,D'Angelo Russell,Guards,0.01388832815212564,0.010419049165286309,0.0034692789868393317,Redundante,0.0014705882352941176,-0.004975213174606038,N/A (nao era lacuna),2,Reconstrução,2,Reconstrução
35,1610612751,BKN,2025,2024-12-29,1641721,Maxwell Lewis,Forwards,0.017966005894464857,0.014173237238731052,0.0037927686557338042,Redundante,0.011862745098039218,0.0037991365222287254,N/A (nao era lacuna),2,Reconstrução,2,Reconstrução
29,1610612752,NYK,2015,2015-01-05,203945,Alex Kirk,Centers,6.858710562414281e-05,0.0003208212915719513,-0.0002522341859478085,Preenche Lacuna,0.0012787723785166241,-0.0030367058747104115,Nao,2,Reconstrução,2,Reconstrução
29,1610612752,NYK,2015,2015-01-05,200811,Louis Amundson,Forwards,-0.004252400548696845,0.01147752774704139,-0.015729928295738237,Preenche Lacuna,0.011737303617099015,0.004039359581987211,Sim,2,Reconstrução,2,Reconstrução
29,1610612752,NYK,2015,2015-01-05,202498,Lance Thomas,Forwards,-0.004252400548696845,0.01147752774704139,-0.015729928295738237,Preenche Lacuna,0.011737303617099015,0.004039359581987211,Sim,2,Reconstrução,2,Reconstrução
27,1610612752,NYK,2015,2015-02-19,203144,Alexey Shved,Guards,0.017846195763231387,0.01141861394242564,0.006427581820805746,Redundante,0.014025097542971635,-0.001698144758230163,N/A (nao era lacuna),2,Reconstrução,2,Reconstrução
90,1610612752,NYK,2018,2018-02-07,203948,Johnny O'Bryant,Forwards,0.006757057123805293,0.010089581940980252,-0.0033325248171749595,Preenche Lacuna,0.004232804232804233,-0.013867964322433299,Nao,1,Defensivo,2,Reconstrução
78,1610612752,NYK,2018,2018-02-08,1626144,Emmanuel Mudiay,Guards,4.445432318292681e-05,0.00701361136774414,-0.006969157044561213,Preenche Lacuna,-0.008201058201058199,-0.018926457647819382,Nao,1,Defensivo,2,Reconstrução
39,1610612752,NYK,2019,2019-01-31,201599,DeAndre Jordan,Centers,0.011150801388293101,-0.011563862221298854,0.022714663609591956,Redundante,0.015940627045730852,0.006757363607742706,N/A (nao era lacuna),2,Reconstrução,2,Reconstrução
39,1610612752,NYK,2019,2019-01-31,1962936250,Wesley Matthews,Guards,-0.0005233397028428808,0.028873930938496398,-0.02939727064133928,Preenche Lacuna,0.004262718600953895,-0.0040436392301045,Melhorou,2,Reconstrução,2,Reconstrução
39,1610612752,NYK,2019,2019-01-31,1628372,Dennis Smith Jr.,Guards,-0.0005233397028428808,0.028873930938496398,-0.02939727064133928,Preenche Lacuna,0.004262718600953895,-0.0040436392301045,Melhorou,2,Reconstrução,2,Reconstrução
19,1610612752,NYK,2020,2020-02-06,203090,Maurice Harkless,Forwards,-0.005677035725060185,0.009267634004295509,-0.014944669729355695,Preenche Lacuna,0.03103289062712186,-0.02461955774524546,Nao,2,Reconstrução,0,Ofensivo
35,1610612752,NYK,2021,2021-02-07,201565,Derrick Rose,Guards,-0.029578879724079594,-0.0028486760729832736,-0.02673020365109632,Preenche Lacuna,0.019088463750764176,0.0071632466567542845,Sim,1,Defensivo,1,Defensivo
35,1610612752,NYK,2022,2022-01-03,1627756,Denzel Valentine,Guards,0.020048406615570797,0.006540755470102847,0.01350765114546795,Redundante,0.014278531925590747,0.008185817493421557,N/A (nao era lacuna),1,Defensivo,1,Defensivo
35,1610612752,NYK,2022,2022-01-03,1962937734,Brad Newley,Forwards,0.00020169423154497754,0.012658032985776498,-0.01245633875423152,Preenche Lacuna,0.0010390480978716282,-0.008797871319928114,Melhorou,1,Defensivo,1,Defensivo
33,1610612752,NYK,2022,2022-01-13,1629629,Cam Reddish,Forwards,0.0020910003345600532,0.011513883416042304,-0.009422883081482251,Preenche Lacuna,-0.0020354906054279743,-0.012356174731476238,Nao,1,Defensivo,0,Ofensivo
33,1610612752,NYK,2022,2022-01-13,203524,Solomon Hill,Forwards,0.0020910003345600532,0.011513883416042304,-0.009422883081482251,Preenche Lacuna,-0.0020354906054279743,-0.012356174731476238,Nao,1,Defensivo,0,Ofensivo
21,1610612752,NYK,2023,2023-02-09,1628404,Josh Hart,Guards,0.008229728673078427,0.00593329390702691,0.0022964347660515165,Redundante,0.023881146786174718,0.01254328809381286,N/A (nao era lacuna),0,Ofensivo,3,Elite
40,1610612752,NYK,2024,2023-12-30,1628384,OG Anunoby,Forwards,0.007133995037220843,0.014307088861682773,-0.0071730938244619295,Preenche Lacuna,0.00445920303605313,-0.0046129587492271884,Melhorou,1,Defensivo,1,Defensivo
40,1610612752,NYK,2024,2023-12-30,1630173,Precious Achiuwa,Forwards,0.007133995037220843,0.014307088861682773,-0.0071730938244619295,Preenche Lacuna,0.00445920303605313,-0.0046129587492271884,Melhorou,1,Defensivo,1,Defensivo
40,1610612752,NYK,2024,2023-12-30,1630201,Malachi Flynn,Guards,0.023400882271850016,0.012023350669152074,0.011377531602697942,Redundante,0.013551549652118912,0.007188906259895466,N/A (nao era lacuna),1,Defensivo,1,Defensivo
27,1610612752,NYK,2024,2024-02-08,1962936525,Bojan Bogdanovic,Forwards,0.003959405953973595,0.008636324064943307,-0.004676918110969712,Preenche Lacuna,0.008453837597330366,-0.007235314578865041,Nao,1,Defensivo,1,Defensivo
27,1610612752,NYK,2024,2024-02-08,202692,Alec Burks,Guards,0.014486290725801002,0.007232158104264437,0.007254132621536564,Redundante,0.020556173526140156,0.010153154924393034,N/A (nao era lacuna),1,Defensivo,1,Defensivo
13,1610612752,NYK,2025,2025-02-06,1626153,Delon Wright,Guards,0.009536054859102111,0.007431980635328803,0.002104074223773308,Redundante,0.009088426883020636,-0.002859965060999125,N/A (nao era lacuna),3,Elite,1,Defensivo
20,1610612753,ORL,2013,2013-02-21,203117,Doron Lamb,Guards,0.013776752531077789,0.01022073999890532,0.0035560125321724683,Redundante,0.03149529042386186,0.01031787838484231,N/A (nao era lacuna),2,Reconstrução,2,Reconstrução
20,1610612753,ORL,2013,2013-02-21,202699,Tobias Harris,Forwards,0.009291298218633857,0.004358154000123997,0.004933144218509861,Redundante,-0.0015698587127158552,-0.012360891846047052,N/A (nao era lacuna),2,Reconstrução,2,Reconstrução
20,1610612753,ORL,2013,2013-02-21,2757,Beno Udrih,Guards,0.013776752531077789,0.01022073999890532,0.0035560125321724683,Redundante,0.03149529042386186,0.01031787838484231,N/A (nao era lacuna),2,Reconstrução,2,Reconstrução
25,1610612753,ORL,2013,2013-02-21,101124,Hakim Warrick,Forwards,0.009291298218633857,0.004358154000123997,0.004933144218509861,Redundante,-0.0015698587127158552,-0.012360891846047052,N/A (nao era lacuna),2,Reconstrução,2,Reconstrução
24,1610612753,ORL,2016,2016-01-12,203925,Joe Harris,Guards,0.004816729323308272,0.01693967157742354,-0.012122942254115268,Preenche Lacuna,0.008245565410199558,0.0001944753892657112,Sim,0,Ofensivo,0,Ofensivo
22,1610612753,ORL,2016,2016-02-16,201943,Brandon Jennings,Guards,0.004982517482517482,0.00615987844042962,-0.0011773609579121382,Preenche Lacuna,0.01034136546184739,-0.0031915775465387076,Nao,0,Ofensivo,0,Ofensivo
22,1610612753,ORL,2016,2016-02-16,101141,Ersan Ilyasova,Forwards,0.018444055944055942,0.00938198537646029,0.009062070567595651,Redundante,0.010943775100401605,-0.00556623615645817,N/A (nao era lacuna),0,Ofensivo,0,Ofensivo
19,1610612753,ORL,2016,2016-02-18,203099,Jared Cunningham,Guards,0.004982517482517482,0.00615987844042962,-0.0011773609579121382,Preenche Lacuna,0.01034136546184739,-0.0031915775465387076,Nao,0,Ofensivo,0,Ofensivo
32,1610612753,ORL,2017,2017-02-14,203082,Terrence Ross,Forwards,0.016453856534828195,0.008661920579633709,0.007791935955194486,Redundante,0.010726256983240224,-0.0026471409164783525,N/A (nao era lacuna),2,Reconstrução,2,Reconstrução
21,1610612753,ORL,2019,2019-02-07,1628365,Markelle Fultz,Guards,-0.047159661393254906,0.023834054632124888,-0.0709937160253798,Preenche Lacuna,0.034715154725889576,0.02966609554701808,Sim,1,Defensivo,3,Elite
14,1610612753,ORL,2021,2021-03-25,203490,Otto Porter Jr.,Forwards,0.030522484593422283,0.014414560851604113,0.01610792374181817,Redundante,0.004726193935958785,-0.01617963875607968,N/A (nao era lacuna),2,Reconstrução,2,Reconstrução
14,1610612753,ORL,2021,2021-03-25,1628976,Wendell Carter Jr.,Centers,-0.003062735172691469,0.002263604744997538,-0.005326339917689007,Preenche Lacuna,0.02454795870661225,0.02633846967386835,Sim,2,Reconstrução,2,Reconstrução
16,1610612753,ORL,2021,2021-03-25,201952,Jeff Teague,Guards,-0.004732476693458083,0.006395762686680525,-0.011128239380138608,Preenche Lacuna,0.006440133071714681,-0.009519977551698693,Melhorou,2,Reconstrução,2,Reconstrução
25,1610612753,ORL,2021,2021-03-25,203914,Gary Harris,Guards,-0.004732476693458083,0.006395762686680525,-0.011128239380138608,Preenche Lacuna,0.006440133071714681,-0.009519977551698693,Melhorou,2,Reconstrução,2,Reconstrução
25,1610612753,ORL,2021,2021-03-25,1966938183,RJ Hampton,Guards,-0.004732476693458083,0.006395762686680525,-0.011128239380138608,Preenche Lacuna,0.006440133071714681,-0.009519977551698693,Melhorou,2,Reconstrução,2,Reconstrução
25,1610612753,ORL,2022,2022-02-10,1629626,Bol Bol,Forwards,0.026571428571428572,0.0087936678509906,0.01777776072043797,Redundante,0.03727445394112061,0.02207552293620823,N/A (nao era lacuna),2,Reconstrução,2,Reconstrução
25,1610612753,ORL,2022,2022-02-10,1628408,P.J. Dozier,Guards,-0.020714285714285713,0.004185131673950914,-0.024899417388236627,Preenche Lacuna,-0.04036087369420704,-0.05107146781386952,Nao,2,Reconstrução,2,Reconstrução
16,1610612753,ORL,2023,2023-02-09,267633,Patrick Beverley,Guards,0.0046508247947096865,0.00593329390702691,-0.0012824691123172237,Preenche Lacuna,0.017283950617283952,0.005946091924922094,Sim,2,Reconstrução,1,Defensivo
21,1610612754,IND,2014,2014-02-20,202323,Evan Turner,Forwards,0.013765432098765433,0.010037615596983159,0.003727816501782274,Redundante,,,Sem dado pos-troca,1,Defensivo,1,Defensivo
21,1610612754,IND,2014,2014-02-20,202730,LaVoy Allen,Forwards,0.013765432098765433,0.010037615596983159,0.003727816501782274,Redundante,,,Sem dado pos-troca,1,Defensivo,1,Defensivo
18,1610612754,IND,2019,2019-02-07,1627735,Wade Baldwin,Guards,0.027491890529020995,0.023834054632124888,0.0036578358968961076,Redundante,-0.01270295410982072,-0.017752013288692213,N/A (nao era lacuna),1,Defensivo,1,Defensivo
18,1610612754,IND,2019,2019-02-07,203917,Nik Stauskas,Guards,0.027491890529020995,0.023834054632124888,0.0036578358968961076,Redundante,-0.01270295410982072,-0.017752013288692213,N/A (nao era lacuna),1,Defensivo,1,Defensivo
37,1610612754,IND,2021,2021-01-14,1627747,Caris LeVert,Guards,0.16822442536914364,0.022302780515200245,0.1459216448539434,Redundante,-0.03860273083695967,-0.0340562595596226,N/A (nao era lacuna),1,Defensivo,0,Ofensivo
30,1610612754,IND,2022,2022-02-07,201937,Ricky Rubio,Guards,0.002275629861836758,0.004208423605654664,-0.0019327937438179056,Preenche Lacuna,0.005313664842572767,-0.005108050771415706,Nao,2,Reconstrução,2,Reconstrução
28,1610612754,IND,2022,2022-02-08,1627741,Buddy Hield,Guards,0.002275629861836758,0.004135135421651489,-0.0018595055598147306,Preenche Lacuna,0.005313664842572767,-0.005351904846285228,Nao,2,Reconstrução,2,Reconstrução
28,1610612754,IND,2022,2022-02-08,202770,Tristan Thompson,Centers,0.0046905840009288284,0.0053560735709282685,-0.00066548956999944,Preenche Lacuna,0.02093742564834642,0.010605270973354876,Sim,2,Reconstrução,2,Reconstrução
28,1610612754,IND,2022,2022-02-08,1630169,Tyrese Haliburton,Guards,0.002275629861836758,0.004135135421651489,-0.0018595055598147306,Preenche Lacuna,0.005313664842572767,-0.005351904846285228,Nao,2,Reconstrução,2,Reconstrução
21,1610612754,IND,2022,2022-02-10,1630188,Jalen Smith,Forwards,0.011198547215496365,0.0087936678509906,0.0024048793645057645,Redundante,0.011387163561076604,-0.003811767443835778,N/A (nao era lacuna),2,Reconstrução,2,Reconstrução
13,1610612754,IND,2023,2023-02-09,201588,George Hill,Guards,0.006872612058522041,0.00593329390702691,0.0009393181514951304,Redundante,0.01999150803198642,0.00865364933962456,N/A (nao era lacuna),2,Reconstrução,0,Ofensivo
13,1610612754,IND,2023,2023-02-09,1629670,Jordan Nwora,Forwards,0.0053000652315720815,0.00787367852485575,-0.002573613293283668,Preenche Lacuna,0.009093482414549573,-0.008545947343841351,Nao,2,Reconstrução,0,Ofensivo
13,1610612754,IND,2023,2023-02-09,201586,Serge Ibaka,Centers,0.005684465567048738,0.004294915566791056,0.0013895500002576826,Redundante,0.009376548015002477,0.0008758261831472731,N/A (nao era lacuna),2,Reconstrução,0,Ofensivo
37,1610612754,IND,2024,2024-01-17,1627783,Pascal Siakam,Forwards,0.011803322615219722,0.010975898370206938,0.0008274242450127846,Redundante,0.009435523919880815,-0.001878254663122322,N/A (nao era lacuna),3,Elite,0,Ofensivo
38,1610612754,IND,2024,2024-01-17,1630184,Kira Lewis Jr.,Guards,0.006283494105037514,0.009168600939555004,-0.00288510683451749,Preenche Lacuna,0.006580036417811622,-0.0003494074011753017,Melhorou,3,Elite,0,Ofensivo
19,1610612754,IND,2024,2024-02-08,202709,Cory Joseph,Guards,0.006646848592137346,0.007232158104264437,-0.0005853095121270916,Preenche Lacuna,0.008275148694078097,-0.002127869907669026,Nao,3,Elite,3,Elite
22,1610612754,IND,2024,2024-02-08,203926,Doug McDermott,Forwards,0.0069892113965062275,0.008636324064943307,-0.0016471126684370792,Preenche Lacuna,0.014429790535298682,-0.001259361640896725,Melhorou,3,Elite,3,Elite
22,1610612754,IND,2024,2024-02-08,1627788,Furkan Korkmaz,Guards,0.006646848592137346,0.007232158104264437,-0.0005853095121270916,Preenche Lacuna,0.008275148694078097,-0.002127869907669026,Nao,3,Elite,3,Elite
37,1610612754,IND,2025,2024-12-15,1628418,Thomas Bryant,Centers,0.0006542667539022341,0.008211591423075076,-0.007557324669172842,Preenche Lacuna,0.0031092617614543665,-0.0007393316701252975,Melhorou,0,Ofensivo,3,Elite
26,1610612755,PHI,2013,2013-02-21,202724,Charles Jenkins,Guards,0.024145299145299146,0.01022073999890532,0.013924559146393825,Redundante,,,Sem dado pos-troca,1,Defensivo,1,Defensivo
20,1610612755,PHI,2014,2014-02-20,201947,Earl Clark,Forwards,-0.010170195101701952,0.010037615596983159,-0.02020781069868511,Preenche Lacuna,0.007988380537400145,-0.002337175159548538,Melhorou,2,Reconstrução,2,Reconstrução
20,1610612755,PHI,2014,2014-02-20,203156,Henry Sims,Centers,0.0006226650062266502,0.001887215372811495,-0.0012645503665848449,Preenche Lacuna,-0.007625272331154687,-0.008874356346257346,Nao,2,Reconstrução,2,Reconstrução
21,1610612755,PHI,2014,2014-02-20,101122,Danny Granger,Forwards,-0.010170195101701952,0.010037615596983159,-0.02020781069868511,Preenche Lacuna,0.007988380537400145,-0.002337175159548538,Melhorou,2,Reconstrução,2,Reconstrução
23,1610612755,PHI,2014,2014-02-20,201953,Eric Maynor,Guards,0.027729348277293484,0.006587583079629556,0.021141765197663927,Redundante,0.03667392883079158,0.012440016641720505,N/A (nao era lacuna),2,Reconstrução,2,Reconstrução
41,1610612755,PHI,2015,2014-12-11,1905,Andrei Kirilenko,Forwards,0.0015653320151590043,0.020332817754934812,-0.018767485739775807,Preenche Lacuna,0.0012800558569828506,-0.004288779134579453,Melhorou,2,Reconstrução,2,Reconstrução
41,1610612755,PHI,2015,2014-12-11,203268,Jorge Gutierrez,Guards,0.04234635030482782,0.02081075670782493,0.02153559359700289,Redundante,0.012858742926964086,0.005533358307727981,N/A (nao era lacuna),2,Reconstrução,2,Reconstrução
39,1610612755,PHI,2015,2014-12-19,101142,Ronny Turiaf,Centers,0.003395061728395062,0.003864200872808668,-0.000469139144413606,Preenche Lacuna,0.0024271844660194173,-0.000617409090715572,Nao,2,Reconstrução,2,Reconstrução
37,1610612755,PHI,2015,2015-01-07,203099,Jared Cunningham,Guards,0.027082418386766217,0.015280181471460867,0.01180223691530535,Redundante,0.015311940055383616,0.006648628024586463,N/A (nao era lacuna),2,Reconstrução,2,Reconstrução
20,1610612755,PHI,2015,2015-02-19,201580,JaVale McGee,Centers,0.0013592059375838325,-0.0008343786452009373,0.00219358458278477,Redundante,0.006578249336870027,-0.0024136452116444605,N/A (nao era lacuna),2,Reconstrução,2,Reconstrução
28,1610612755,PHI,2015,2015-02-19,203477,Isaiah Canaan,Guards,0.01740141285880354,0.01141861394242564,0.0059827989163779,Redundante,0.022546419098143235,0.006823176796941437,N/A (nao era lacuna),2,Reconstrução,2,Reconstrução
25,1610612755,PHI,2016,2015-12-24,202397,Ishmael Smith,Guards,0.01749947290744255,0.016211407437481076,0.001288065469961474,Redundante,,,Sem dado pos-troca,2,Reconstrução,2,Reconstrução
30,1610612755,PHI,2017,2017-02-22,201168,Tiago Splitter,Forwards,0.012879266750948169,0.008553016691870679,0.00432625005907749,Redundante,,,Sem dado pos-troca,2,Reconstrução,2,Reconstrução
23,1610612755,PHI,2017,2017-02-23,101106,Andrew Bogut,Centers,0.007506321112515804,0.0025511637789883143,0.0049551573335274894,Redundante,,,Sem dado pos-troca,2,Reconstrução,2,Reconstrução
23,1610612755,PHI,2017,2017-02-23,1626147,Justin Anderson,Guards,-0.0025284450063211136,0.006583177855775884,-0.009111622862096998,Preenche Lacuna,,,Sem dado pos-troca,2,Reconstrução,2,Reconstrução
94,1610612755,PHI,2018,2017-12-07,202344,Trevor Booker,Forwards,0.02180903117573046,0.023865593997615602,-0.002056562821885141,Preenche Lacuna,0.009136044575181709,0.000873783341562278,Sim,0,Ofensivo,0,Ofensivo
32,1610612755,PHI,2019,2019-02-06,202699,Tobias Harris,Forwards,-0.008553486537132358,0.001290178777678038,-0.009843665314810396,Preenche Lacuna,0.009403929627780127,-0.005029026693363126,Melhorou,0,Ofensivo,0,Ofensivo
32,1610612755,PHI,2019,2019-02-06,1626246,Boban Marjanovic,Centers,-0.0070726200013849,-0.0008286317718814609,-0.0062439882295034395,Preenche Lacuna,-0.0528415856797142,-0.06185163868840091,Nao,0,Ofensivo,0,Ofensivo
32,1610612755,PHI,2019,2019-02-06,203118,Mike Scott,Forwards,-0.008553486537132358,0.001290178777678038,-0.009843665314810396,Preenche Lacuna,0.009403929627780127,-0.005029026693363126,Melhorou,0,Ofensivo,0,Ofensivo
36,1610612755,PHI,2019,2019-02-06,1627781,Malachi Richardson,Guards,0.03414462505703578,0.018216109163124442,0.015928515893911335,Redundante,0.07915194176621979,0.06749661137702039,N/A (nao era lacuna),0,Ofensivo,0,Ofensivo
36,1610612755,PHI,2019,2019-02-06,43315,Emir Preldzic,Forwards,-0.008553486537132358,0.001290178777678038,-0.009843665314810396,Preenche Lacuna,0.009403929627780127,-0.005029026693363126,Melhorou,0,Ofensivo,0,Ofensivo
21,1610612755,PHI,2019,2019-02-07,203613,Jonathon Simmons,Forwards,-0.008553486537132358,0.0028857874399276636,-0.011439273977060023,Preenche Lacuna,0.009403929627780127,-0.0082361816880404,Melhorou,0,Ofensivo,0,Ofensivo
31,1610612755,PHI,2019,2019-02-07,203516,James Ennis,Forwards,-0.008553486537132358,0.0028857874399276636,-0.011439273977060023,Preenche Lacuna,0.009403929627780127,-0.0082361816880404,Melhorou,0,Ofensivo,0,Ofensivo
23,1610612755,PHI,2020,2020-02-06,202692,Alec Burks,Guards,0.007643934134365653,0.0016111065230566101,0.006032827611309043,Redundante,0.048534406490765035,0.043862167798464705,N/A (nao era lacuna),1,Defensivo,3,Elite
23,1610612755,PHI,2020,2020-02-06,203922,Glenn Robinson III,Forwards,0.01791220527700721,0.009267634004295509,0.0086445712727117,Redundante,0.028957712772845673,-0.026694735599521645,N/A (nao era lacuna),1,Defensivo,3,Elite
22,1610612755,PHI,2021,2021-03-25,201588,George Hill,Guards,0.009252484884038743,0.006395762686680525,0.002856722197358218,Redundante,0.02902067892073834,0.013060568297324968,N/A (nao era lacuna),0,Ofensivo,1,Defensivo
22,1610612755,PHI,2021,2021-03-25,1629649,Ignas Brazdeikis,Forwards,0.009864123007592979,0.014414560851604113,-0.0045504378440111345,Preenche Lacuna,0.004967732022120465,-0.015938100669918003,Nao,0,Ofensivo,1,Defensivo
16,1610612755,PHI,2022,2022-02-10,201935,James Harden,Guards,0.005545783250268738,0.004185131673950914,0.0013606515763178242,Redundante,0.013670852956567241,0.002960258836904756,N/A (nao era lacuna),1,Defensivo,3,Elite
16,1610612755,PHI,2022,2022-02-10,200794,Paul Millsap,Forwards,0.007170429004202091,0.0087936678509906,-0.00162323884678851,Preenche Lacuna,0.011316064887493458,-0.003882866117418924,Nao,1,Defensivo,3,Elite
21,1610612755,PHI,2023,2023-02-09,1629667,Jalen McDaniels,Forwards,0.006780660377358492,0.00787367852485575,-0.0010930181474972578,Preenche Lacuna,0.008572258814413019,-0.009067170943977906,Nao,1,Defensivo,3,Elite
22,1610612755,PHI,2024,2024-02-08,1627741,Buddy Hield,Guards,0.007618528610354222,0.007232158104264437,0.0003863705060897851,Redundante,0.01807963163596966,0.0076766130342225385,N/A (nao era lacuna),0,Ofensivo,1,Defensivo
23,1610612755,PHI,2024,2024-02-08,1626166,Cameron Payne,Guards,0.007618528610354222,0.007232158104264437,0.0003863705060897851,Redundante,0.01807963163596966,0.0076766130342225385,N/A (nao era lacuna),0,Ofensivo,1,Defensivo
28,1610612755,PHI,2025,2025-02-04,1629656,Quentin Grimes,Guards,0.012692196112561645,0.007510152026556949,0.005182044086004696,Redundante,0.017749743288836734,0.005879391524111318,N/A (nao era lacuna),2,Reconstrução,2,Reconstrução
22,1610612755,PHI,2025,2025-02-06,1630215,Jared Butler,Guards,0.011856899488926747,0.007431980635328803,0.004424918853597944,Redundante,0.020445478723404253,0.008497086779384492,N/A (nao era lacuna),2,Reconstrução,2,Reconstrução
27,1610612756,PHX,2013,2013-02-20,202694,Marcus Morris,Forwards,-0.0022792022792022786,0.003972286470875233,-0.006251488750077512,Preenche Lacuna,0.008948726217349242,-0.0026173779489491924,Melhorou,2,Reconstrução,2,Reconstrução
38,1610612756,PHX,2015,2014-12-24,203502,Tony Mitchell,Forwards,0.015844544095665172,0.015699617703445714,0.00014492639221945838,Redundante,0.010757806549885757,0.003984773510067909,N/A (nao era lacuna),3,Elite,0,Ofensivo
35,1610612756,PHX,2015,2015-01-09,201148,Brandan Wright,Forwards,0.012731152204836416,0.011483489700368877,0.001247662504467539,Redundante,,,Sem dado pos-troca,3,Elite,2,Reconstrução
32,1610612756,PHX,2015,2015-01-15,203493,Reggie Bullock,Forwards,0.012211447415678976,0.01131619392472591,0.000895253490953065,Redundante,,,Sem dado pos-troca,0,Ofensivo,2,Reconstrução
18,1610612756,PHX,2015,2015-02-19,101122,Danny Granger,Forwards,0.007332416781235678,0.008234618931003725,-0.0009022021497680464,Preenche Lacuna,0.004001185536455247,-0.0061095896410753095,Nao,0,Ofensivo,2,Reconstrução
18,1610612756,PHX,2015,2015-02-19,2422,John Salmons,Forwards,0.007332416781235678,0.008234618931003725,-0.0009022021497680464,Preenche Lacuna,0.004001185536455247,-0.0061095896410753095,Nao,0,Ofensivo,2,Reconstrução
21,1610612756,PHX,2015,2015-02-19,201977,Marcus Thornton,Guards,0.010561179852518435,0.01141861394242564,-0.0008574340899072056,Preenche Lacuna,0.02059869590989923,0.004875453608697431,Sim,0,Ofensivo,2,Reconstrução
24,1610612756,PHX,2015,2015-02-19,202688,Brandon Knight,Guards,0.010561179852518435,0.01141861394242564,-0.0008574340899072056,Preenche Lacuna,0.02059869590989923,0.004875453608697431,Sim,0,Ofensivo,2,Reconstrução
24,1610612756,PHX,2015,2015-02-19,203088,Kendall Marshall,Guards,0.010561179852518435,0.01141861394242564,-0.0008574340899072056,Preenche Lacuna,0.02059869590989923,0.004875453608697431,Sim,0,Ofensivo,2,Reconstrução
13,1610612756,PHX,2016,2016-02-18,2743,Kris Humphries,Forwards,0.0028543581175160112,0.00938198537646029,-0.0065276272589442795,Preenche Lacuna,0.004568106312292359,-0.011941904944567415,Nao,2,Reconstrução,2,Reconstrução
13,1610612756,PHX,2016,2016-02-18,201971,DeJuan Blair,Centers,0.006265664160401003,0.0032356377131088454,0.0030300264472921576,Redundante,0.016334440753045402,0.011249673348849184,N/A (nao era lacuna),2,Reconstrução,2,Reconstrução
21,1610612756,PHX,2017,2017-02-23,203118,Mike Scott,Forwards,0.001559454191033138,0.008553016691870679,-0.006993562500837541,Preenche Lacuna,0.04622222222222223,0.02981533610852261,Sim,2,Reconstrução,0,Ofensivo
25,1610612756,PHX,2017,2017-02-23,203096,Jared Sullinger,Forwards,0.001559454191033138,0.008553016691870679,-0.006993562500837541,Preenche Lacuna,0.04622222222222223,0.02981533610852261,Sim,2,Reconstrução,0,Ofensivo
79,1610612756,PHX,2018,2018-02-08,203901,Elfrid Payton,Guards,-0.014739229024943304,0.00701361136774414,-0.021752840392687444,Preenche Lacuna,,,Sem dado pos-troca,2,Reconstrução,2,Reconstrução
43,1610612756,PHX,2019,2018-12-17,203085,Austin Rivers,Guards,-0.002094157505201285,0.03928506463655857,-0.041379222141759854,Preenche Lacuna,-0.001685290019085167,-0.01217860837143114,Melhorou,2,Reconstrução,2,Reconstrução
43,1610612756,PHX,2019,2018-12-17,1626162,Kelly Oubre,Forwards,0.0120108990173452,0.0059993231939457345,0.006011575823399466,Redundante,0.002814385366002593,-0.010745794703995053,N/A (nao era lacuna),2,Reconstrução,2,Reconstrução
33,1610612756,PHX,2019,2019-02-06,204020,Tyler Johnson,Guards,0.0007866113084027641,0.018216109163124442,-0.017429497854721678,Preenche Lacuna,-0.015330811469175394,-0.0269861418583748,Nao,2,Reconstrução,2,Reconstrução
33,1610612756,PHX,2019,2019-02-06,201961,Wayne Ellington,Guards,0.0007866113084027641,0.018216109163124442,-0.017429497854721678,Preenche Lacuna,-0.015330811469175394,-0.0269861418583748,Nao,2,Reconstrução,2,Reconstrução
32,1610612756,PHX,2021,2021-03-18,1628470,Torrey Craig,Forwards,0.009058276129657818,0.014531479484867691,-0.005473203355209873,Preenche Lacuna,0.005681473294451497,-0.0047724536750957496,Melhorou,1,Defensivo,3,Elite
19,1610612756,PHX,2022,2022-02-10,1628988,Aaron Holiday,Guards,0.006570445915588159,0.004185131673950914,0.0023853142416372453,Redundante,0.01108374384236453,0.0003731497227020455,N/A (nao era lacuna),3,Elite,3,Elite
21,1610612756,PHX,2022,2022-02-10,1628470,Torrey Craig,Forwards,0.0067096081588835215,0.0087936678509906,-0.002084059692107079,Preenche Lacuna,0.01847290640394089,0.0032739753990285066,Sim,3,Elite,3,Elite
13,1610612756,PHX,2023,2023-02-09,201142,Kevin Durant,Forwards,0.008756436354927554,0.00787367852485575,0.0008827578300718043,Redundante,0.014174315652668346,-0.0034651141057225783,N/A (nao era lacuna),1,Defensivo,1,Defensivo
13,1610612756,PHX,2023,2023-02-09,203933,T.J. Warren,Forwards,0.008756436354927554,0.00787367852485575,0.0008827578300718043,Redundante,0.014174315652668346,-0.0034651141057225783,N/A (nao era lacuna),1,Defensivo,1,Defensivo
20,1610612756,PHX,2023,2023-02-09,1629647,Darius Bazley,Forwards,0.008756436354927554,0.00787367852485575,0.0008827578300718043,Redundante,0.014174315652668346,-0.0034651141057225783,N/A (nao era lacuna),1,Defensivo,1,Defensivo
16,1610612756,PHX,2024,2024-02-08,1626220,Royce O'Neale,Forwards,0.013329246000658514,0.008636324064943307,0.004692921935715208,Redundante,0.01485702655947899,-0.000832125616716417,N/A (nao era lacuna),0,Ofensivo,3,Elite
16,1610612756,PHX,2024,2024-02-08,1631223,David Roddy,Forwards,0.013329246000658514,0.008636324064943307,0.004692921935715208,Redundante,0.01485702655947899,-0.000832125616716417,N/A (nao era lacuna),0,Ofensivo,3,Elite
34,1610612756,PHX,2025,2025-01-15,1630208,Nick Richards,Centers,0.0022588522588522586,0.006050300579640576,-0.003791448320788317,Preenche Lacuna,0.00413182649594983,-0.0015153301007560967,Melhorou,1,Defensivo,0,Ofensivo
21,1610612756,PHX,2025,2025-02-06,1628998,Cody Martin,Forwards,0.01131313131313131,0.007991086840182368,0.003322044472948942,Redundante,0.009833916083916084,-0.0031146095100557727,N/A (nao era lacuna),1,Defensivo,2,Reconstrução
21,1610612756,PHX,2025,2025-02-06,203995,Vasilije Micic,Guards,0.0071895424836601295,0.007431980635328803,-0.00024243815166867348,Preenche Lacuna,0.013986013986013988,0.002037622041994227,Sim,1,Defensivo,2,Reconstrução
22,1610612757,POR,2013,2013-02-21,201953,Eric Maynor,Guards,0.0003527336860670187,0.01022073999890532,-0.009868006312838302,Preenche Lacuna,0.04052197802197803,0.019344565982958483,Sim,0,Ofensivo,2,Reconstrução
19,1610612757,POR,2015,2015-02-19,201167,Arron Afflalo,Guards,0.012563220248954992,0.01141861394242564,0.0011446063065293516,Redundante,0.005879027699265122,-0.009844214601936676,N/A (nao era lacuna),3,Elite,3,Elite
19,1610612757,POR,2015,2015-02-19,202087,Alonzo Gee,Forwards,0.002471074571026074,0.008234618931003725,-0.005763544359977651,Preenche Lacuna,0.003730921424533634,-0.006379853752996923,Nao,3,Elite,3,Elite
18,1610612757,POR,2016,2016-02-18,2760,Anderson Varejao,Forwards,-0.0057870370370370385,0.00938198537646029,-0.01516902241349733,Preenche Lacuna,0.0046564195298372515,-0.011853591727022522,Melhorou,1,Defensivo,3,Elite
20,1610612757,POR,2016,2016-02-18,203148,Brian Roberts,Guards,0.019097222222222224,0.00615987844042962,0.012937343781792603,Redundante,0.02861663652802893,0.015083693519642833,N/A (nao era lacuna),1,Defensivo,3,Elite
34,1610612757,POR,2017,2017-02-13,203994,Jusuf Nurkic,Centers,0.00024857071836937607,0.002635052505106653,-0.0023864817867372766,Preenche Lacuna,0.00017281105990783426,-0.006389554506866567,Nao,0,Ofensivo,0,Ofensivo
37,1610612757,POR,2019,2019-02-04,203918,Rodney Hood,Forwards,-0.014867576708790381,0.004687859822334431,-0.019555436531124813,Preenche Lacuna,-0.0033087253859856035,-0.0181480563113877,Melhorou,1,Defensivo,0,Ofensivo
29,1610612757,POR,2019,2019-02-07,1627746,Skal Labissiere,Forwards,-0.016278771212693475,0.0028857874399276636,-0.01916455865262114,Preenche Lacuna,-0.0023153402201852662,-0.01995545153600579,Nao,1,Defensivo,0,Ofensivo
32,1610612757,POR,2020,2020-01-21,1628403,Caleb Swanigan,Forwards,0.022225095640962807,0.009142869654389612,0.013082225986573196,Redundante,0.06629790906594486,0.034852937192717204,N/A (nao era lacuna),1,Defensivo,1,Defensivo
32,1610612757,POR,2020,2020-01-21,1629117,Wenyen Gabriel,Forwards,0.022225095640962807,0.009142869654389612,0.013082225986573196,Redundante,0.06629790906594486,0.034852937192717204,N/A (nao era lacuna),1,Defensivo,1,Defensivo
32,1610612757,POR,2020,2020-01-21,2772,Trevor Ariza,Forwards,0.022225095640962807,0.009142869654389612,0.013082225986573196,Redundante,0.06629790906594486,0.034852937192717204,N/A (nao era lacuna),1,Defensivo,1,Defensivo
23,1610612757,POR,2021,2021-03-25,1626181,Norman Powell,Guards,0.05490978654460293,0.006395762686680525,0.0485140238579224,Redundante,0.06594381742991627,0.049983706806502895,N/A (nao era lacuna),1,Defensivo,3,Elite
31,1610612757,POR,2022,2022-02-04,202339,Eric Bledsoe,Guards,0.004321733222616442,0.004586173191746429,-0.0002644399691299872,Preenche Lacuna,0.026253687315634218,0.016872750841363388,Sim,2,Reconstrução,2,Reconstrução
31,1610612757,POR,2022,2022-02-04,1626159,Justise Winslow,Forwards,0.010568430588057674,0.00919659459999108,0.0013718359880665939,Redundante,-0.03451327433628319,-0.048264248302207394,N/A (nao era lacuna),2,Reconstrução,2,Reconstrução
31,1610612757,POR,2022,2022-02-04,1630553,Keon Johnson,Guards,0.004321733222616442,0.004586173191746429,-0.0002644399691299872,Preenche Lacuna,0.026253687315634218,0.016872750841363388,Sim,2,Reconstrução,2,Reconstrução
29,1610612757,POR,2022,2022-02-08,1628404,Josh Hart,Guards,0.003753753753753754,0.004135135421651489,-0.0003813816678977346,Preenche Lacuna,0.02794117647058823,0.017275606781730235,Sim,2,Reconstrução,2,Reconstrução
29,1610612757,POR,2022,2022-02-08,203107,Tomas Satoransky,Guards,0.003753753753753754,0.004135135421651489,-0.0003813816678977346,Preenche Lacuna,0.02794117647058823,0.017275606781730235,Sim,2,Reconstrução,2,Reconstrução
29,1610612757,POR,2022,2022-02-08,196294608,Didi Louzada,Forwards,0.010799260799260801,0.009078156652257585,0.0017211041470032162,Redundante,-0.027100840336134458,-0.041683302069712394,N/A (nao era lacuna),2,Reconstrução,2,Reconstrução
29,1610612757,POR,2022,2022-02-08,1629638,Nickeil Alexander-Walker,Guards,0.003753753753753754,0.004135135421651489,-0.0003813816678977346,Preenche Lacuna,0.02794117647058823,0.017275606781730235,Sim,2,Reconstrução,2,Reconstrução
27,1610612757,POR,2022,2022-02-09,204060,Joe Ingles,Forwards,0.009395577395577396,0.008891865482771624,0.0005037119128057724,Redundante,-0.01878690284487386,-0.03418293027589468,N/A (nao era lacuna),2,Reconstrução,2,Reconstrução
27,1610612757,POR,2022,2022-02-09,1630190,Elijah Hughes,Forwards,0.009395577395577396,0.008891865482771624,0.0005037119128057724,Redundante,-0.01878690284487386,-0.03418293027589468,N/A (nao era lacuna),2,Reconstrução,2,Reconstrução
19,1610612757,POR,2023,2023-02-09,1628995,Kevin Knox,Forwards,0.005053705913823614,0.00787367852485575,-0.002819972611032135,Preenche Lacuna,0.01618984253714793,-0.0014495872212429949,Melhorou,1,Defensivo,2,Reconstrução
21,1610612757,POR,2023,2023-02-09,1629629,Cam Reddish,Forwards,0.005053705913823614,0.00787367852485575,-0.002819972611032135,Preenche Lacuna,0.01618984253714793,-0.0014495872212429949,Melhorou,1,Defensivo,2,Reconstrução
21,1610612757,POR,2023,2023-02-09,1629680,Matisse Thybulle,Guards,0.010757644347504012,0.00593329390702691,0.004824350440477102,Redundante,0.019738301175426923,0.008400442483065065,N/A (nao era lacuna),1,Defensivo,2,Reconstrução
21,1610612757,POR,2023,2023-02-09,1627853,Ryan Arcidiacono,Guards,0.010757644347504012,0.00593329390702691,0.004824350440477102,Redundante,0.019738301175426923,0.008400442483065065,N/A (nao era lacuna),1,Defensivo,2,Reconstrução
20,1610612757,POR,2024,2024-02-08,1630625,Dalano Banton,Guards,0.0029881656804733726,0.007232158104264437,-0.004243992423791065,Preenche Lacuna,0.06995412844036698,0.05955110983861986,Sim,2,Reconstrução,2,Reconstrução
27,1610612758,SAC,2013,2013-02-20,201962,Toney Douglas,Guards,-0.015608919382504291,0.010436793494982758,-0.026045712877487047,Preenche Lacuna,0.04085700049825611,0.020588607671035795,Sim,2,Reconstrução,0,Ofensivo
27,1610612758,SAC,2013,2013-02-20,202332,Cole Aldrich,Centers,0.022298456260720412,0.004427933756723491,0.01787052250399692,Redundante,-0.006145158611526325,-0.009117130557510806,N/A (nao era lacuna),2,Reconstrução,0,Ofensivo
27,1610612758,SAC,2013,2013-02-20,202335,Patrick Patterson,Forwards,0.011492281303602055,0.003972286470875233,0.007519994832726822,Redundante,0.0023251951503072566,-0.009240909015991177,N/A (nao era lacuna),2,Reconstrução,0,Ofensivo
35,1610612758,SAC,2014,2013-11-26,202682,Derrick Williams,Forwards,0.012454212454212459,0.02452298551895347,-0.012068773064741013,Preenche Lacuna,0.003536231884057971,-0.0024450599241233007,Melhorou,2,Reconstrução,2,Reconstrução
34,1610612758,SAC,2014,2013-12-08,200752,Rudy Gay,Forwards,-0.00377562028047465,0.013394528246617337,-0.017170148527091988,Preenche Lacuna,0.0052703373015873,-0.0017107392388996234,Melhorou,2,Reconstrução,2,Reconstrução
34,1610612758,SAC,2014,2013-12-08,201189,Aaron Gray,Centers,0.05771305285868392,0.0031933271113539583,0.05451972574732997,Redundante,0.004154265873015872,0.0033807663900106595,N/A (nao era lacuna),2,Reconstrução,2,Reconstrução
34,1610612758,SAC,2014,2013-12-08,203112,Quincy Acy,Forwards,-0.00377562028047465,0.013394528246617337,-0.017170148527091988,Preenche Lacuna,0.0052703373015873,-0.0017107392388996234,Melhorou,2,Reconstrução,2,Reconstrução
27,1610612758,SAC,2014,2014-02-19,1891,Jason Terry,Guards,-0.008640451419502737,0.012333025660423188,-0.020973477079925924,Preenche Lacuna,0.021134593993325918,-0.004745583843937459,Melhorou,0,Ofensivo,2,Reconstrução
27,1610612758,SAC,2014,2014-02-19,2501,Reggie Evans,Forwards,0.010932816081819787,0.0047321121816437635,0.006200703900176023,Redundante,0.002224694104560622,-0.005699429701276524,N/A (nao era lacuna),0,Ofensivo,2,Reconstrução
26,1610612758,SAC,2014,2014-02-20,2427,Roger Mason,Guards,-0.0036075036075036092,0.006587583079629556,-0.010195086687133165,Preenche Lacuna,0.0236318407960199,-0.0006020713930511776,Melhorou,2,Reconstrução,2,Reconstrução
26,1610612758,SAC,2015,2015-02-19,1889,Andre Miller,Guards,0.00913602526505752,0.01141861394242564,-0.0022825886773681203,Preenche Lacuna,,,Sem dado pos-troca,2,Reconstrução,0,Ofensivo
31,1610612758,SAC,2017,2017-02-20,201936,Tyreke Evans,Guards,0.005979738077588338,0.006583177855775884,-0.0006034397781875464,Preenche Lacuna,0.001389961389961391,-0.01463410860639067,Nao,2,Reconstrução,2,Reconstrução
31,1610612758,SAC,2017,2017-02-20,204038,Langston Galloway,Guards,0.005979738077588338,0.006583177855775884,-0.0006034397781875464,Preenche Lacuna,0.001389961389961391,-0.01463410860639067,Nao,2,Reconstrução,2,Reconstrução
31,1610612758,SAC,2017,2017-02-20,1627741,Buddy Hield,Guards,0.005979738077588338,0.006583177855775884,-0.0006034397781875464,Preenche Lacuna,0.001389961389961391,-0.01463410860639067,Nao,2,Reconstrução,2,Reconstrução
81,1610612758,SAC,2018,2018-02-08,2207,Joe Johnson,Guards,0.015515755195862468,0.00701361136774414,0.008502143828118328,Redundante,0.007302231237322515,-0.003423168209438667,N/A (nao era lacuna),2,Reconstrução,2,Reconstrução
81,1610612758,SAC,2018,2018-02-08,202697,Iman Shumpert,Guards,0.015515755195862468,0.00701361136774414,0.008502143828118328,Redundante,0.007302231237322515,-0.003423168209438667,N/A (nao era lacuna),2,Reconstrução,2,Reconstrução
84,1610612758,SAC,2018,2018-02-08,196294585,Bruno Caboclo,Forwards,-0.00047888133320563096,0.01018195016531534,-0.01066083149852097,Preenche Lacuna,0.01744421906693712,-0.0009741762218670597,Melhorou,2,Reconstrução,2,Reconstrução
26,1610612758,SAC,2019,2019-02-07,202692,Alec Burks,Guards,0.13413780374486065,0.023834054632124888,0.11030374911273576,Redundante,-0.06485681512319859,-0.06990587430207008,N/A (nao era lacuna),0,Ofensivo,0,Ofensivo
27,1610612758,SAC,2019,2019-02-07,203084,Harrison Barnes,Forwards,-0.020024779046431004,0.0028857874399276636,-0.02291056648635867,Preenche Lacuna,0.007697293014614176,-0.00994281830120635,Melhorou,0,Ofensivo,0,Ofensivo
29,1610612758,SAC,2019,2019-02-07,1628403,Caleb Swanigan,Forwards,-0.020024779046431004,0.0028857874399276636,-0.02291056648635867,Preenche Lacuna,0.007697293014614176,-0.00994281830120635,Melhorou,0,Ofensivo,0,Ofensivo
32,1610612758,SAC,2020,2020-01-21,203145,Kent Bazemore,Guards,-0.011419465770194369,0.002024279844586766,-0.013443745614781134,Preenche Lacuna,0.07059396950030714,0.08306978029292186,Sim,2,Reconstrução,1,Defensivo
32,1610612758,SAC,2020,2020-01-21,201229,Anthony Tolliver,Forwards,-0.00510164035227619,0.009142869654389612,-0.014244510006665802,Preenche Lacuna,0.023155195897764606,-0.008289775975463053,Melhorou,2,Reconstrução,1,Defensivo
28,1610612758,SAC,2020,2020-02-05,203953,Jabari Parker,Forwards,-0.003019956469777003,0.008603353483624215,-0.011623309953401217,Preenche Lacuna,0.0457470606596608,0.003702511624722439,Sim,2,Reconstrução,1,Defensivo
28,1610612758,SAC,2020,2020-02-05,203458,Alex Len,Centers,0.039901849373082186,0.008186752504185504,0.03171509686889668,Redundante,-0.03893975652897721,-0.0569372006214037,N/A (nao era lacuna),2,Reconstrução,1,Defensivo
30,1610612758,SAC,2021,2021-03-22,1629662,Mfiondu Kabengele,Forwards,-0.008821565616808124,0.02320427272832099,-0.032025838345129114,Preenche Lacuna,0.010746689765880736,-0.005481777537883694,Melhorou,2,Reconstrução,1,Defensivo
19,1610612758,SAC,2021,2021-03-25,1629056,Terence Davis,Guards,-0.040419733653802185,0.006395762686680525,-0.04681549634048271,Preenche Lacuna,-0.07789495873519563,-0.093855069358609,Nao,0,Ofensivo,1,Defensivo
24,1610612758,SAC,2021,2021-03-25,203090,Maurice Harkless,Forwards,-0.01068438171498736,0.014414560851604113,-0.025098942566591474,Preenche Lacuna,0.005265889647995665,-0.0156399430440428,Melhorou,0,Ofensivo,1,Defensivo
24,1610612758,SAC,2021,2021-03-25,1629735,Chris Silva,Forwards,-0.01068438171498736,0.014414560851604113,-0.025098942566591474,Preenche Lacuna,0.005265889647995665,-0.0156399430440428,Melhorou,0,Ofensivo,1,Defensivo
28,1610612758,SAC,2021,2021-03-25,1626153,Delon Wright,Guards,-0.040419733653802185,0.006395762686680525,-0.04681549634048271,Preenche Lacuna,-0.07789495873519563,-0.093855069358609,Nao,0,Ofensivo,1,Defensivo
28,1610612758,SAC,2022,2022-02-08,1627734,Domantas Sabonis,Forwards,0.010509348807221148,0.009078156652257585,0.0014311921549635623,Redundante,0.02104982680522249,0.006467365071644552,N/A (nao era lacuna),2,Reconstrução,2,Reconstrução
28,1610612758,SAC,2022,2022-02-08,203087,Jeremy Lamb,Guards,0.0019181173436492584,0.004135135421651489,-0.0022170180780022304,Preenche Lacuna,0.004103383959499067,-0.006562185729358927,Nao,2,Reconstrução,2,Reconstrução
28,1610612758,SAC,2022,2022-02-08,203200,Justin Holiday,Guards,0.0019181173436492584,0.004135135421651489,-0.0022170180780022304,Preenche Lacuna,0.004103383959499067,-0.006562185729358927,Nao,2,Reconstrução,2,Reconstrução
24,1610612758,SAC,2022,2022-02-10,1628367,Josh Jackson,Guards,0.0018886577250527494,0.004185131673950914,-0.0022964739488981647,Preenche Lacuna,0.005615141955835963,-0.005095452163826522,Nao,2,Reconstrução,2,Reconstrução
24,1610612758,SAC,2022,2022-02-10,1628978,Donte DiVincenzo,Guards,0.0018886577250527494,0.004185131673950914,-0.0022964739488981647,Preenche Lacuna,0.005615141955835963,-0.005095452163826522,Nao,2,Reconstrução,2,Reconstrução
24,1610612758,SAC,2022,2022-02-10,1626168,Trey Lyles,Forwards,0.010181045549112479,0.0087936678509906,0.0013873776981218784,Redundante,0.021072555205047316,0.005873624200134934,N/A (nao era lacuna),2,Reconstrução,2,Reconstrução
25,1610612758,SAC,2023,2023-02-07,1630556,Kessler Edwards,Forwards,0.007095093083853955,0.008082756422512988,-0.0009876633386590328,Preenche Lacuna,0.008427689140504376,-0.00865766267243655,Nao,3,Elite,0,Ofensivo
17,1610612758,SAC,2024,2024-02-08,201577,Robin Lopez,Centers,0.004419391206313416,0.0038742585168102532,0.0005451326895031627,Redundante,0.0007823365785813633,-0.005064462512948821,N/A (nao era lacuna),0,Ofensivo,1,Defensivo
30,1610612758,SAC,2025,2025-02-03,203897,Zach LaVine,Guards,0.00535833891493637,0.006829489540582538,-0.0014711506256461677,Preenche Lacuna,0.008449788755281119,-0.0030964340780927028,Nao,0,Ofensivo,1,Defensivo
30,1610612758,SAC,2025,2025-02-03,1631321,Sidy Cissoko,Guards,0.00535833891493637,0.006829489540582538,-0.0014711506256461677,Preenche Lacuna,0.008449788755281119,-0.0030964340780927028,Nao,0,Ofensivo,1,Defensivo
25,1610612758,SAC,2025,2025-02-05,202685,Jonas Valanciunas,Centers,0.005830903790087464,0.004647669451002434,0.00118323433908503,Redundante,0.003641061780596664,-0.002857397857541291,N/A (nao era lacuna),0,Ofensivo,1,Defensivo
16,1610612758,SAC,2025,2025-02-06,1631222,Jake LaRavia,Forwards,0.0076410256410256415,0.007991086840182368,-0.0003500611991567263,Preenche Lacuna,0.018247055937193328,0.005298530343221471,Sim,0,Ofensivo,1,Defensivo
22,1610612759,SAS,2014,2014-02-20,201948,Austin Daye,Forwards,0.0009951087873165795,0.010037615596983159,-0.009042506809666579,Preenche Lacuna,0.00931470392548237,-0.0010108517714663128,Melhorou,3,Elite,3,Elite
27,1610612759,SAS,2021,2021-03-25,1627737,Marquese Chriss,Forwards,0.06256908581918087,0.014414560851604113,0.04815452496757676,Redundante,-0.017996280871075323,-0.038902113563113794,N/A (nao era lacuna),1,Defensivo,0,Ofensivo
27,1610612759,SAS,2022,2022-02-09,203107,Tomas Satoransky,Guards,0.005571474052849411,0.004194736797292541,0.0013767372555568702,Redundante,0.009279377150099586,-0.001186688600842969,N/A (nao era lacuna),0,Ofensivo,0,Ofensivo
22,1610612759,SAS,2022,2022-02-10,1626196,Josh Richardson,Guards,0.005598586764506048,0.004185131673950914,0.0014134550905551338,Redundante,0.009644118446074438,-0.0010664756735880472,N/A (nao era lacuna),0,Ofensivo,0,Ofensivo
22,1610612759,SAS,2022,2022-02-10,1629641,Romeo Langford,Guards,0.005598586764506048,0.004185131673950914,0.0014134550905551338,Redundante,0.009644118446074438,-0.0010664756735880472,N/A (nao era lacuna),0,Ofensivo,0,Ofensivo
23,1610612759,SAS,2022,2022-02-10,201609,Goran Dragic,Guards,0.005598586764506048,0.004185131673950914,0.0014134550905551338,Redundante,0.009644118446074438,-0.0010664756735880472,N/A (nao era lacuna),0,Ofensivo,0,Ofensivo
29,1610612759,SAS,2023,2023-01-05,203943,Noah Vonleh,Forwards,0.011823035850495805,0.012330058770769377,-0.000507022920273572,Preenche Lacuna,0.01886145404663923,0.008706842210352565,Sim,2,Reconstrução,2,Reconstrução
26,1610612759,SAS,2023,2023-02-07,203473,Dewayne Dedmon,Centers,0.003605592347314202,0.0044039349843431,-0.000798342637028898,Preenche Lacuna,0.006330103157236638,-0.0020132539231203913,Nao,2,Reconstrução,2,Reconstrução
15,1610612759,SAS,2023,2023-02-09,1628984,Devonte' Graham,Guards,0.004514948139109213,0.00593329390702691,-0.001418345767917697,Preenche Lacuna,-0.0018240939011816956,-0.013161952593543554,Nao,2,Reconstrução,2,Reconstrução
23,1610612759,SAS,2023,2023-02-09,203920,Khem Birch,Centers,0.003611958511287371,0.004294915566791056,-0.0006829570555036846,Preenche Lacuna,0.006344674438892855,-0.0021560473929623488,Nao,2,Reconstrução,2,Reconstrução
22,1610612759,SAS,2024,2024-02-08,202694,Marcus Morris Sr.,Forwards,0.012377043840792131,0.008636324064943307,0.0037407197758488244,Redundante,0.018955769870302626,0.003266617694107219,N/A (nao era lacuna),2,Reconstrução,0,Ofensivo
30,1610612759,SAS,2025,2025-02-03,1628368,De'Aaron Fox,Guards,0.003097135642704964,0.006829489540582538,-0.0037323538978775743,Preenche Lacuna,0.0022823424627031836,-0.009263880370670639,Nao,1,Defensivo,2,Reconstrução
30,1610612759,SAS,2025,2025-02-03,1629162,Jordan McLaughlin,Guards,0.003097135642704964,0.006829489540582538,-0.0037323538978775743,Preenche Lacuna,0.0022823424627031836,-0.009263880370670639,Nao,1,Defensivo,2,Reconstrução
13,1610612759,SAS,2025,2025-02-06,1631116,Patrick Baldwin Jr.,Forwards,0.011330726904141325,0.007991086840182368,0.0033396400639589575,Redundante,0.022872373396144546,0.009923847802172689,N/A (nao era lacuna),0,Ofensivo,2,Reconstrução
18,1610612760,OKC,2013,2013-02-21,200758,Ronnie Brewer,Forwards,0.01724011980422237,0.004358154000123997,0.012881965804098373,Redundante,0.024113660062565174,0.013322626929233977,N/A (nao era lacuna),3,Elite,3,Elite
17,1610612760,OKC,2015,2015-02-19,200779,Steve Novak,Forwards,0.025710138917686087,0.008234618931003725,0.017475519986682363,Redundante,0.007317884466127063,-0.0027928907114034935,N/A (nao era lacuna),0,Ofensivo,0,Ofensivo
17,1610612760,OKC,2015,2015-02-19,201571,D.J. Augustin,Guards,0.01928260418826457,0.01141861394242564,0.007863990245838929,Redundante,0.01774032597848985,0.0020170836772880514,N/A (nao era lacuna),0,Ofensivo,0,Ofensivo
17,1610612760,OKC,2015,2015-02-19,202713,Kyle Singler,Forwards,0.025710138917686087,0.008234618931003725,0.017475519986682363,Redundante,0.007317884466127063,-0.0027928907114034935,N/A (nao era lacuna),0,Ofensivo,0,Ofensivo
14,1610612760,OKC,2016,2016-02-18,200751,Randy Foye,Guards,0.0029313673863436895,0.00615987844042962,-0.003228511054085931,Preenche Lacuna,-0.020812807881773396,-0.034345750890159496,Nao,3,Elite,3,Elite
22,1610612760,OKC,2017,2017-02-23,201959,Taj Gibson,Centers,0.016167870657034743,0.0025511637789883143,0.01361670687804643,Redundante,0.0017690417690417687,-0.005542192097204101,N/A (nao era lacuna),0,Ofensivo,0,Ofensivo
22,1610612760,OKC,2017,2017-02-23,203926,Doug McDermott,Forwards,-4.914246400314571e-05,0.008553016691870679,-0.008602159155873824,Preenche Lacuna,0.005208845208845209,-0.01119804090485441,Nao,0,Ofensivo,0,Ofensivo
33,1610612760,OKC,2021,2021-03-17,203086,Meyers Leonard,Centers,0.010522056992824972,-0.00032580765476249743,0.010847864647587468,Redundante,0.013603970983006124,0.02249601117223221,N/A (nao era lacuna),2,Reconstrução,2,Reconstrução
22,1610612760,OKC,2021,2021-03-25,1628396,Tony Bradley,Centers,0.012487020449588172,0.002263604744997538,0.010223415704590634,Redundante,0.013803528983835871,0.015594039951091971,N/A (nao era lacuna),2,Reconstrução,2,Reconstrução
22,1610612760,OKC,2021,2021-03-25,203085,Austin Rivers,Guards,-0.021858415759253066,0.006395762686680525,-0.02825417844593359,Preenche Lacuna,0.006718635827257474,-0.009241474796155898,Melhorou,2,Reconstrução,2,Reconstrução
34,1610612760,OKC,2022,2022-01-04,1629671,Miye Oni,Guards,-7.122507122507129e-05,0.00655082557962991,-0.006622050650854981,Preenche Lacuna,-0.0031452358926919517,-0.009366903879851682,Nao,2,Reconstrução,2,Reconstrução
26,1610612760,OKC,2022,2022-02-09,1629644,KZ Okpala,Forwards,0.010758731433159372,0.008891865482771624,0.0018668659503877482,Redundante,0.03015030946065429,0.014754282029633468,N/A (nao era lacuna),2,Reconstrução,2,Reconstrução
20,1610612760,OKC,2023,2023-02-09,203967,Dario Saric,Forwards,0.005225580685314357,0.00787367852485575,-0.0026480978395413924,Preenche Lacuna,0.02029775463716238,0.002658324878771455,Sim,0,Ofensivo,1,Defensivo
22,1610612760,OKC,2023,2023-02-09,1628382,Justin Jackson,Forwards,0.005225580685314357,0.00787367852485575,-0.0026480978395413924,Preenche Lacuna,0.02029775463716238,0.002658324878771455,Sim,0,Ofensivo,1,Defensivo
26,1610612760,OKC,2024,2024-02-08,202330,Gordon Hayward,Forwards,0.007044883124642156,0.008636324064943307,-0.0015914409403011507,Preenche Lacuna,0.012534562211981569,-0.0031545899642138383,Nao,3,Elite,3,Elite
26,1610612760,OKC,2025,2025-02-05,1628464,Daniel Theis,Centers,0.0017085187539732996,0.004647669451002434,-0.0029391506970291347,Preenche Lacuna,0.002898550724637681,-0.0035999089135002734,Nao,3,Elite,3,Elite
24,1610612761,TOR,2013,2013-01-30,200752,Rudy Gay,Forwards,0.011631944444444441,0.004357696193209481,0.0072742482512349604,Redundante,0.013778484366719662,0.009370590539640768,N/A (nao era lacuna),0,Ofensivo,1,Defensivo
24,1610612761,TOR,2013,2013-01-30,201632,Hamed Haddadi,Centers,0.033333333333333326,0.0050588618086026904,0.028274471524730636,Redundante,0.032326444091149965,0.029524760106482376,N/A (nao era lacuna),0,Ofensivo,1,Defensivo
34,1610612761,TOR,2014,2013-12-08,2422,John Salmons,Forwards,0.02195121951219512,0.013394528246617337,0.008556691265577784,Redundante,0.0009765624999999998,-0.006004514040486924,N/A (nao era lacuna),0,Ofensivo,0,Ofensivo
34,1610612761,TOR,2014,2013-12-08,202349,Greivis Vasquez,Guards,0.021680216802168018,0.03420319436715142,-0.012522977564983401,Preenche Lacuna,0.010388604525862068,0.00204745606961774,Sim,0,Ofensivo,0,Ofensivo
34,1610612761,TOR,2014,2013-12-08,202335,Patrick Patterson,Forwards,0.02195121951219512,0.013394528246617337,0.008556691265577784,Redundante,0.0009765624999999998,-0.006004514040486924,N/A (nao era lacuna),0,Ofensivo,0,Ofensivo
34,1610612761,TOR,2014,2013-12-08,101236,Chuck Hayes,Forwards,0.02195121951219512,0.013394528246617337,0.008556691265577784,Redundante,0.0009765624999999998,-0.006004514040486924,N/A (nao era lacuna),0,Ofensivo,0,Ofensivo
22,1610612761,TOR,2014,2014-02-20,201986,Nando De Colo,Guards,0.012053473591935128,0.006587583079629556,0.005465890512305572,Redundante,0.02752707581227437,0.003293163623203293,N/A (nao era lacuna),1,Defensivo,0,Ofensivo
32,1610612761,TOR,2017,2017-02-14,201586,Serge Ibaka,Centers,0.003144963144963146,0.0026567642015154526,0.00048819894344769325,Redundante,0.007075922738573339,0.0010981853836874514,N/A (nao era lacuna),1,Defensivo,1,Defensivo
25,1610612761,TOR,2017,2017-02-23,200782,P.J. Tucker,Forwards,0.001098228932076626,0.008553016691870679,-0.007454787759794053,Preenche Lacuna,0.013355048859934852,-0.003051837253764766,Melhorou,1,Defensivo,1,Defensivo
84,1610612761,TOR,2018,2018-02-08,1627781,Malachi Richardson,Guards,0.012081813857618518,0.00701361136774414,0.005068202489874378,Redundante,0.017073987278205558,0.006348587831444376,N/A (nao era lacuna),3,Elite,3,Elite
23,1610612761,TOR,2019,2019-02-07,201188,Marc Gasol,Centers,-0.00822149405860974,-0.00822287782037132,1.3837617615797965e-06,Redundante,-0.0229384411805895,-0.03610325162289246,N/A (nao era lacuna),1,Defensivo,3,Elite
23,1610612761,TOR,2022,2022-02-10,201152,Thaddeus Young,Forwards,0.007537359798567738,0.0087936678509906,-0.0012563080524228623,Preenche Lacuna,0.014059934318555008,-0.0011389966863573735,Melhorou,1,Defensivo,1,Defensivo
23,1610612761,TOR,2022,2022-02-10,1629234,Drew Eubanks,Centers,0.0021745528269186748,0.005231101299159905,-0.0030565484722412306,Preenche Lacuna,0.006978653530377669,-0.004107863616951806,Nao,1,Defensivo,1,Defensivo
23,1610612761,TOR,2023,2023-02-09,1627751,Jakob Poeltl,Centers,0.0031897926634768736,0.004294915566791056,-0.0011051229033141822,Preenche Lacuna,0.014423076923076924,0.00592235509122172,Sim,0,Ofensivo,1,Defensivo
40,1610612761,TOR,2024,2023-12-30,1629628,R.J. Barrett,Guards,0.006730099791134834,0.012023350669152074,-0.005293250878017241,Preenche Lacuna,0.007436757086254191,0.001074113694030745,Sim,0,Ofensivo,2,Reconstrução
40,1610612761,TOR,2024,2023-12-30,1630193,Immanuel Quickley,Guards,0.006730099791134834,0.012023350669152074,-0.005293250878017241,Preenche Lacuna,0.007436757086254191,0.001074113694030745,Sim,0,Ofensivo,2,Reconstrução
37,1610612761,TOR,2024,2024-01-17,1628971,Bruce Brown Jr.,Guards,0.008588516746411482,0.009168600939555004,-0.0005800841931435218,Preenche Lacuna,0.005884630274874178,-0.0010448135441127456,Nao,0,Ofensivo,2,Reconstrução
37,1610612761,TOR,2024,2024-01-17,1630184,Kira Lewis Jr.,Guards,0.008588516746411482,0.009168600939555004,-0.0005800841931435218,Preenche Lacuna,0.005884630274874178,-0.0010448135441127456,Nao,0,Ofensivo,2,Reconstrução
37,1610612761,TOR,2024,2024-01-17,1629670,Jordan Nwora,Forwards,0.010885167464114833,0.010975898370206938,-9.07309060921048e-05,Preenche Lacuna,0.010336817653890825,-0.000976960929112312,Nao,0,Ofensivo,2,Reconstrução
25,1610612761,TOR,2024,2024-02-08,203915,Spencer Dinwiddie,Guards,0.006813651105358684,0.007232158104264437,-0.00041850699890575317,Preenche Lacuna,0.011978871910960196,0.0015758533092130739,Sim,2,Reconstrução,2,Reconstrução
30,1610612761,TOR,2024,2024-02-08,203482,Kelly Olynyk,Forwards,0.008182332113422001,0.008636324064943307,-0.00045399195152130527,Preenche Lacuna,0.00971514808526693,-0.005974004090928476,Nao,2,Reconstrução,2,Reconstrução
30,1610612761,TOR,2024,2024-02-08,1630534,Ochai Agbaji,Forwards,0.008182332113422001,0.008636324064943307,-0.00045399195152130527,Preenche Lacuna,0.00971514808526693,-0.005974004090928476,Nao,2,Reconstrução,2,Reconstrução
14,1610612761,TOR,2025,2025-02-06,200782,P.J. Tucker,Forwards,0.00038891589693728734,0.007991086840182368,-0.00760217094324508,Preenche Lacuna,0.005116796440489433,-0.007831729153482424,Nao,0,Ofensivo,0,Ofensivo
17,1610612761,TOR,2025,2025-02-06,1630164,James Wiseman,Centers,0.01383892399935181,0.004534923686038011,0.009304000313313798,Redundante,0.006896551724137933,0.00023794559649988403,N/A (nao era lacuna),0,Ofensivo,0,Ofensivo
24,1610612761,TOR,2025,2025-02-06,1627742,Brandon Ingram,Forwards,0.00038891589693728734,0.007991086840182368,-0.00760217094324508,Preenche Lacuna,0.005116796440489433,-0.007831729153482424,Nao,0,Ofensivo,0,Ofensivo
16,1610612762,UTA,2016,2016-02-18,202714,Shelvin Mack,Guards,0.0020765619357168653,0.00615987844042962,-0.004083316504712755,Preenche Lacuna,0.013020833333333336,-0.0005121096750527621,Melhorou,1,Defensivo,1,Defensivo
81,1610612762,UTA,2018,2018-02-08,203109,Jae Crowder,Forwards,0.01222921034241789,0.01018195016531534,0.00204726017710255,Redundante,0.018698240165631468,0.0002798448768272892,N/A (nao era lacuna),1,Defensivo,1,Defensivo
81,1610612762,UTA,2018,2018-02-08,201565,Derrick Rose,Guards,0.004093041828890885,0.00701361136774414,-0.002920569538853255,Preenche Lacuna,0.005822981366459627,-0.004902418080301555,Nao,1,Defensivo,1,Defensivo
45,1610612762,UTA,2019,2018-11-28,2594,Kyle Korver,Guards,-0.1279776412856261,0.027996362940711925,-0.15597400422633803,Preenche Lacuna,0.022347299557607135,0.0013530436367658154,Sim,2,Reconstrução,3,Elite
21,1610612762,UTA,2021,2021-03-25,1629744,Matt Thomas,Guards,0.033994552586098147,0.006395762686680525,0.027598789899417622,Redundante,0.040153077617661896,0.024192966994248524,N/A (nao era lacuna),3,Elite,3,Elite
27,1610612762,UTA,2022,2022-02-09,1629638,Nickeil Alexander-Walker,Guards,0.005670742512847777,0.004194736797292541,0.0014760057155552356,Redundante,0.017766034985422743,0.007299969234480189,N/A (nao era lacuna),3,Elite,3,Elite
24,1610612762,UTA,2023,2023-02-09,201566,Russell Westbrook,Guards,0.007519666820916242,0.00593329390702691,0.0015863729138893314,Redundante,0.005683122847301951,-0.005654735845059907,N/A (nao era lacuna),0,Ofensivo,2,Reconstrução
24,1610612762,UTA,2023,2023-02-09,1627745,Damian Jones,Centers,0.0032888213128842467,0.004294915566791056,-0.0010060942539068091,Preenche Lacuna,0.017910447761194027,0.009409725929338824,Sim,0,Ofensivo,2,Reconstrução
24,1610612762,UTA,2023,2023-02-09,1629308,Juan Toscano-Anderson,Forwards,0.007048654723342369,0.00787367852485575,-0.0008250238015133802,Preenche Lacuna,0.01486796785304248,-0.002771461905348445,Nao,0,Ofensivo,2,Reconstrução
30,1610612762,UTA,2024,2024-02-08,203490,Otto Porter Jr.,Forwards,0.011106750392464677,0.008636324064943307,0.0024704263275213707,Redundante,0.029743589743589753,0.014054437567394346,N/A (nao era lacuna),0,Ofensivo,2,Reconstrução
30,1610612762,UTA,2024,2024-02-08,1630184,Kira Lewis Jr.,Guards,0.004081632653061224,0.007232158104264437,-0.003150525451203213,Preenche Lacuna,-0.014615384615384619,-0.02501840321713174,Nao,0,Ofensivo,2,Reconstrução
32,1610612762,UTA,2024,2024-02-08,1628995,Kevin Knox,Forwards,0.011106750392464677,0.008636324064943307,0.0024704263275213707,Redundante,0.029743589743589753,0.014054437567394346,N/A (nao era lacuna),0,Ofensivo,2,Reconstrução
32,1610612762,UTA,2025,2025-02-01,200782,P.J. Tucker,Forwards,0.018045815801776534,0.00891922050395507,0.009126595297821463,Redundante,0.018886436104979157,0.007082917079043367,N/A (nao era lacuna),2,Reconstrução,2,Reconstrução
31,1610612762,UTA,2025,2025-02-02,1641720,Jalen Hood-Schifino,Guards,-0.0053298085532767665,0.0069134926642379375,-0.012243301217514704,Preenche Lacuna,-0.0010910330719399943,-0.012430527957959993,Nao,2,Reconstrução,2,Reconstrução
14,1610612762,UTA,2025,2025-02-06,2030,Kenyon Martin Jr.,Forwards,0.01467476622756126,0.007991086840182368,0.0066836793873788925,Redundante,0.025662878787878787,0.01271435319390693,N/A (nao era lacuna),2,Reconstrução,2,Reconstrução
14,1610612762,UTA,2025,2025-02-06,1626196,Josh Richardson,Guards,-0.001262712442836667,0.007431980635328803,-0.00869469307816547,Preenche Lacuna,-0.00984848484848485,-0.02179687679250461,Nao,2,Reconstrução,2,Reconstrução
24,1610612763,MEM,2013,2013-01-30,202334,Ed Davis,Centers,-0.007093225246091489,0.0050588618086026904,-0.012152087054694179,Preenche Lacuna,0.021696528555431128,0.018894844570763538,Sim,1,Defensivo,1,Defensivo
24,1610612763,MEM,2013,2013-01-30,101181,Jose Calderon,Guards,0.023957730167921246,0.013053843921642095,0.010903886246279151,Redundante,0.019036954087346025,-0.0005165638244554703,N/A (nao era lacuna),1,Defensivo,1,Defensivo
23,1610612763,MEM,2013,2013-02-21,202354,Dexter Pittman,Centers,-0.0036262677772111746,0.004003478805834372,-0.0076297465830455465,Preenche Lacuna,0.03148425787106447,0.027534029908042903,Sim,1,Defensivo,1,Defensivo
32,1610612763,MEM,2014,2014-01-07,201584,Courtney Lee,Guards,0.009222661396574438,0.01929412926954087,-0.01007146787296643,Preenche Lacuna,0.01940389512571285,0.006529602191801091,Sim,1,Defensivo,1,Defensivo
34,1610612763,MEM,2015,2015-01-12,201145,Jeff Green,Forwards,0.002467044701377126,0.011213019010237099,-0.008745974308859972,Preenche Lacuna,0.008333333333333335,0.0020733483814118084,Sim,0,Ofensivo,1,Defensivo
34,1610612763,MEM,2015,2015-01-12,203893,Russ Smith,Guards,0.017416599160468373,0.015778289514516056,0.001638309645952317,Redundante,0.0033783783783783777,-0.0073221192335310705,N/A (nao era lacuna),0,Ofensivo,1,Defensivo
21,1610612763,MEM,2016,2016-02-16,2365,Chris Andersen,Forwards,0.014916121033667816,0.00938198537646029,0.005534135657207525,Redundante,,,Sem dado pos-troca,1,Defensivo,2,Reconstrução
21,1610612763,MEM,2016,2016-02-16,203798,P.J. Hairston,Guards,0.0023245902909612183,0.00615987844042962,-0.003835288149468402,Preenche Lacuna,,,Sem dado pos-troca,1,Defensivo,2,Reconstrução
15,1610612763,MEM,2016,2016-02-18,202362,Lance Stephenson,Guards,0.0023245902909612183,0.00615987844042962,-0.003835288149468402,Preenche Lacuna,,,Sem dado pos-troca,1,Defensivo,2,Reconstrução
83,1610612763,MEM,2018,2018-02-08,1627744,Brice Johnson,Forwards,0.021934555915138442,0.01018195016531534,0.011752605749823102,Redundante,,,Sem dado pos-troca,2,Reconstrução,2,Reconstrução
19,1610612763,MEM,2019,2019-02-07,1628416,Tyler Dorsey,Guards,-0.01273706743339205,0.023834054632124888,-0.03657112206551694,Preenche Lacuna,-0.067035214152801,-0.0720842733316725,Nao,1,Defensivo,0,Ofensivo
23,1610612763,MEM,2019,2019-02-07,202685,Jonas Valanciunas,Centers,0.015367025015995388,-0.00822287782037132,0.023589902836366708,Redundante,0.0556882109925334,0.042523400550230434,N/A (nao era lacuna),1,Defensivo,0,Ofensivo
23,1610612763,MEM,2019,2019-02-07,101139,C.J. Miles,Forwards,0.015551860599214843,0.0028857874399276636,0.01266607315928718,Redundante,0.048384040197304655,0.03074392888148413,N/A (nao era lacuna),1,Defensivo,0,Ofensivo
23,1610612763,MEM,2019,2019-02-07,1626153,Delon Wright,Guards,-0.01273706743339205,0.023834054632124888,-0.03657112206551694,Preenche Lacuna,-0.067035214152801,-0.0720842733316725,Nao,1,Defensivo,0,Ofensivo
24,1610612763,MEM,2019,2019-02-07,202340,Avery Bradley,Guards,-0.01273706743339205,0.023834054632124888,-0.03657112206551694,Preenche Lacuna,-0.067035214152801,-0.0720842733316725,Nao,1,Defensivo,0,Ofensivo
18,1610612763,MEM,2020,2020-02-06,203476,Gorgui Dieng,Centers,0.061375224505289115,0.008815473778158885,0.05255975072713023,Redundante,0.04612046074679071,0.03450782587413641,N/A (nao era lacuna),1,Defensivo,0,Ofensivo
18,1610612763,MEM,2020,2020-02-06,1626159,Justise Winslow,Forwards,0.04063795560247333,0.009267634004295509,0.03137032159817782,Redundante,0.07303093010053656,0.01737848172816924,N/A (nao era lacuna),1,Defensivo,0,Ofensivo
18,1610612763,MEM,2020,2020-02-06,203079,Dion Waiters,Guards,-0.08240533697050755,0.0016111065230566101,-0.08401644349356416,Preenche Lacuna,-0.04772281941875584,-0.05239505811105617,Melhorou,1,Defensivo,0,Ofensivo
26,1610612763,MEM,2020,2020-02-06,1628395,Jordan Bell,Centers,0.061375224505289115,0.008815473778158885,0.05255975072713023,Redundante,0.04612046074679071,0.03450782587413641,N/A (nao era lacuna),1,Defensivo,0,Ofensivo
17,1610612763,MEM,2023,2023-02-09,1628379,Luke Kennard,Guards,0.009195730893844102,0.00593329390702691,0.003262436986817192,Redundante,0.01260697827518104,0.0012691195828191826,N/A (nao era lacuna),0,Ofensivo,3,Elite
35,1610612763,MEM,2024,2024-02-02,203506,Victor Oladipo,Guards,0.013148618161308516,0.007651499902130782,0.005497118259177734,Redundante,-0.024941176470588227,-0.03286816530315625,N/A (nao era lacuna),2,Reconstrução,2,Reconstrução
34,1610612763,MEM,2024,2024-02-07,1630205,Lamar Stevens,Forwards,0.01167695994060275,0.008794124492899534,0.0028828354477032168,Redundante,0.043966547192353635,0.0288467476738795,N/A (nao era lacuna),2,Reconstrução,2,Reconstrução
16,1610612763,MEM,2024,2024-02-08,1629139,Yuta Watanabe,Forwards,0.01167695994060275,0.008636324064943307,0.003040635875659444,Redundante,0.043966547192353635,0.028277395016158228,N/A (nao era lacuna),2,Reconstrução,2,Reconstrução
16,1610612763,MEM,2024,2024-02-08,1629002,Chimezie Metu,Centers,-0.005129762748472884,0.0038742585168102532,-0.009004021265283137,Preenche Lacuna,0.014575866188769415,0.00872906709723923,Sim,2,Reconstrução,2,Reconstrução
16,1610612763,MEM,2025,2025-02-06,1628963,Marvin Bagley III,Forwards,0.012452700378396972,0.007991086840182368,0.0044616135382146045,Redundante,0.007539384846211553,-0.005409140747760304,N/A (nao era lacuna),3,Elite,0,Ofensivo
16,1610612763,MEM,2025,2025-02-06,1631098,Johnny Davis,Guards,0.003550051599587203,0.007431980635328803,-0.0038819290357416,Preenche Lacuna,0.017366841710427607,0.005418449766407846,Sim,3,Elite,0,Ofensivo
23,1610612764,WAS,2014,2014-02-20,1889,Andre Miller,Guards,-0.05024404249210449,0.006587583079629556,-0.056831625571734046,Preenche Lacuna,0.012692882030861124,-0.011541030158209955,Melhorou,0,Ofensivo,0,Ofensivo
26,1610612764,WAS,2015,2015-02-19,201196,Ramon Sessions,Guards,0.0049177808513908095,0.01141861394242564,-0.006500833091034831,Preenche Lacuna,0.0061761546723952745,-0.009547087628806523,Nao,1,Defensivo,0,Ofensivo
13,1610612764,WAS,2016,2016-02-18,202693,Markieff Morris,Forwards,0.010127127774186596,0.00938198537646029,0.0007451423977263057,Redundante,0.013393699302018485,-0.0031163119548412894,N/A (nao era lacuna),1,Defensivo,0,Ofensivo
29,1610612764,WAS,2017,2017-02-22,1962936525,Bojan Bogdanovic,Forwards,0.009394399227479654,0.008553016691870679,0.0008413825356089755,Redundante,0.022066565947900928,0.0056596798342013095,N/A (nao era lacuna),1,Defensivo,0,Ofensivo
29,1610612764,WAS,2017,2017-02-22,1626191,Chris McCullough,Forwards,0.009394399227479654,0.008553016691870679,0.0008413825356089755,Redundante,0.022066565947900928,0.0056596798342013095,N/A (nao era lacuna),1,Defensivo,0,Ofensivo
44,1610612764,WAS,2019,2018-12-07,1626155,Sam Dekker,Forwards,0.012759063910543217,0.025380075596655376,-0.01262101168611216,Preenche Lacuna,0.01562887852999474,0.008527498575553426,Sim,0,Ofensivo,0,Ofensivo
43,1610612764,WAS,2019,2018-12-17,2772,Trevor Ariza,Forwards,0.010976953041408695,0.0059993231939457345,0.004977629847462961,Redundante,0.02079470986546641,0.007234529795468762,N/A (nao era lacuna),0,Ofensivo,0,Ofensivo
35,1610612764,WAS,2019,2019-02-06,203953,Jabari Parker,Forwards,0.008596319299624858,0.001290178777678038,0.00730614052194682,Redundante,0.03304227157858853,0.018609315257445275,N/A (nao era lacuna),0,Ofensivo,0,Ofensivo
35,1610612764,WAS,2019,2019-02-06,1626171,Bobby Portis,Forwards,0.008596319299624858,0.001290178777678038,0.00730614052194682,Redundante,0.03304227157858853,0.018609315257445275,N/A (nao era lacuna),0,Ofensivo,0,Ofensivo
25,1610612764,WAS,2019,2019-02-07,202325,Wesley Johnson,Forwards,0.008594007726711,0.0028857874399276636,0.005708220286783336,Redundante,0.038861131363382935,0.02122102004756241,N/A (nao era lacuna),0,Ofensivo,0,Ofensivo
19,1610612764,WAS,2020,2020-02-06,1629010,Jerome Robinson,Guards,-0.023195607849748712,0.0016111065230566101,-0.024806714372805322,Preenche Lacuna,0.1852971334314119,0.18062489473911159,Sim,0,Ofensivo,2,Reconstrução
20,1610612764,WAS,2020,2020-02-06,203894,Shabazz Napier,Guards,-0.023195607849748712,0.0016111065230566101,-0.024806714372805322,Preenche Lacuna,0.1852971334314119,0.18062489473911159,Sim,0,Ofensivo,2,Reconstrução
15,1610612764,WAS,2021,2021-03-25,1628990,Chandler Hutchison,Forwards,0.022351465945851003,0.014414560851604113,0.007936905094246889,Redundante,0.045598444558815114,0.024692611866776647,N/A (nao era lacuna),0,Ofensivo,0,Ofensivo
15,1610612764,WAS,2021,2021-03-25,1629655,Daniel Gafford,Centers,0.03363454060199168,0.002263604744997538,0.031370935856994145,Redundante,-0.06529879338937497,-0.06350828242211887,N/A (nao era lacuna),0,Ofensivo,0,Ofensivo
17,1610612764,WAS,2022,2022-02-10,204001,Kristaps Porzingis,Forwards,0.007636673355372377,0.0087936678509906,-0.0011569944956182233,Preenche Lacuna,0.01127854303411297,-0.003920387970799412,Nao,2,Reconstrução,0,Ofensivo
20,1610612764,WAS,2022,2022-02-10,202397,Ishmael Smith,Guards,0.0013714252717587447,0.004185131673950914,-0.0028137064021921693,Preenche Lacuna,0.008874919108810206,-0.0018356750108522793,Melhorou,2,Reconstrução,0,Ofensivo
20,1610612764,WAS,2022,2022-02-10,1630176,Vernon Carey Jr.,Centers,0.009859825901170762,0.005231101299159905,0.004628724602010857,Redundante,0.014329296477766477,0.003242779330437002,N/A (nao era lacuna),2,Reconstrução,0,Ofensivo
28,1610612764,WAS,2023,2023-01-23,1629134,Kendrick Nunn,Guards,0.008458498023715413,0.006766971094218641,0.0016915269294967726,Redundante,0.00702075702075702,-0.00204133981972425,N/A (nao era lacuna),1,Defensivo,1,Defensivo
39,1610612764,WAS,2024,2024-01-14,1628963,Marvin Bagley III,Forwards,0.0010758027143330025,0.011419435435465695,-0.010343632721132692,Preenche Lacuna,0.0011942080907598148,-0.009750514330338276,Melhorou,2,Reconstrução,2,Reconstrução
39,1610612764,WAS,2024,2024-01-14,1630587,Isaiah Livers,Forwards,0.0010758027143330025,0.011419435435465695,-0.010343632721132692,Preenche Lacuna,0.0011942080907598148,-0.009750514330338276,Melhorou,2,Reconstrução,2,Reconstrução
28,1610612764,WAS,2024,2024-02-08,1626158,Richaun Holmes,Centers,0.0078054567022538554,0.0038742585168102532,0.003931198185443602,Redundante,0.010183457711442788,0.004336658619912604,N/A (nao era lacuna),2,Reconstrução,2,Reconstrução
25,1610612764,WAS,2025,2025-02-05,1631321,Sidy Cissoko,Guards,0.03002915451895044,0.007398038804584705,0.022631115714365733,Redundante,0.012743810496619486,0.0006527465321201631,N/A (nao era lacuna),2,Reconstrução,2,Reconstrução
13,1610612764,WAS,2025,2025-02-06,203114,Khris Middleton,Forwards,-0.005251396648044696,0.007991086840182368,-0.013242483488227064,Preenche Lacuna,0.012039811643835616,-0.0009087139501362407,Melhorou,2,Reconstrução,2,Reconstrução
13,1610612764,WAS,2025,2025-02-06,1642358,AJ Johnson,Guards,0.025363128491620115,0.007431980635328803,0.01793114785629131,Redundante,0.013163527397260275,0.0012151354532405137,N/A (nao era lacuna),2,Reconstrução,2,Reconstrução
16,1610612764,WAS,2025,2025-02-06,203935,Marcus Smart,Guards,0.025363128491620115,0.007431980635328803,0.01793114785629131,Redundante,0.013163527397260275,0.0012151354532405137,N/A (nao era lacuna),2,Reconstrução,2,Reconstrução
16,1610612764,WAS,2025,2025-02-06,203458,Alex Len,Centers,-0.00011173184357542035,0.004534923686038011,-0.004646655529613431,Preenche Lacuna,0.0060466609589041095,-0.0006119451687339392,Melhorou,2,Reconstrução,2,Reconstrução
16,1610612764,WAS,2025,2025-02-06,1641732,Colby Jones,Guards,0.025363128491620115,0.007431980635328803,0.01793114785629131,Redundante,0.013163527397260275,0.0012151354532405137,N/A (nao era lacuna),2,Reconstrução,2,Reconstrução
22,1610612764,WAS,2025,2025-02-06,202704,Reggie Jackson,Guards,0.025363128491620115,0.007431980635328803,0.01793114785629131,Redundante,0.013163527397260275,0.0012151354532405137,N/A (nao era lacuna),2,Reconstrução,2,Reconstrução
38,1610612765,DET,2015,2014-12-24,201229,Anthony Tolliver,Forwards,-0.006708760852407262,0.015699617703445714,-0.022408378555852974,Preenche Lacuna,0.01333070659311794,0.006557673553300092,Sim,2,Reconstrução,3,Elite
17,1610612765,DET,2015,2015-02-19,202704,Reggie Jackson,Guards,0.030752471928942524,0.01141861394242564,0.019333857986516885,Redundante,,,Sem dado pos-troca,1,Defensivo,1,Defensivo
23,1610612765,DET,2015,2015-02-19,2419,Tayshaun Prince,Forwards,-0.016256075079604495,0.008234618931003725,-0.02449069401060822,Preenche Lacuna,,,Sem dado pos-troca,1,Defensivo,1,Defensivo
93,1610612765,DET,2018,2018-01-29,201933,Blake Griffin,Centers,0.001607827038861521,0.0020408311356002826,-0.0004330040967387616,Preenche Lacuna,-0.002069716775599129,-0.0077597777904827095,Nao,1,Defensivo,1,Defensivo
93,1610612765,DET,2018,2018-01-29,203186,Willie Reed,Centers,0.001607827038861521,0.0020408311356002826,-0.0004330040967387616,Preenche Lacuna,-0.002069716775599129,-0.0077597777904827095,Nao,1,Defensivo,1,Defensivo
93,1610612765,DET,2018,2018-01-29,1627744,Brice Johnson,Forwards,0.014880952380952382,0.010783405404686251,0.004097546976266131,Redundante,0.021350762527233117,0.004253288272923504,N/A (nao era lacuna),1,Defensivo,1,Defensivo
83,1610612765,DET,2018,2018-02-08,203516,James Ennis,Forwards,0.011772681052988364,0.01018195016531534,0.001590730887673024,Redundante,0.03360421699978036,0.015185821710976183,N/A (nao era lacuna),1,Defensivo,2,Reconstrução
86,1610612765,DET,2018,2018-02-08,2749,Jameer Nelson,Guards,0.005829849734493278,0.00701361136774414,-0.0011837616332508625,Preenche Lacuna,0.006039973643751373,-0.004685425803009809,Nao,1,Defensivo,2,Reconstrução
30,1610612765,DET,2019,2019-02-07,1627748,Thon Maker,Centers,-0.0661258726944742,-0.00822287782037132,-0.05790299487410289,Preenche Lacuna,-0.026428880328162516,-0.039593690770465484,Melhorou,2,Reconstrução,1,Defensivo
21,1610612765,DET,2020,2020-02-06,202688,Brandon Knight,Guards,-0.017227022126298158,0.0016111065230566101,-0.018838128649354767,Preenche Lacuna,-0.004432267623178617,-0.009104506315478943,Melhorou,1,Defensivo,2,Reconstrução
21,1610612765,DET,2020,2020-02-06,203089,John Henson,Forwards,0.012994576376679681,0.009267634004295509,0.0037269423723841726,Redundante,0.03789410097349039,-0.017758347398876925,N/A (nao era lacuna),1,Defensivo,2,Reconstrução
35,1610612765,DET,2021,2021-02-07,1628372,Dennis Smith Jr.,Guards,0.00025546922955920983,-0.0028486760729832736,0.0031041453025424832,Redundante,0.0020767685312466956,-0.009848448562763196,N/A (nao era lacuna),0,Ofensivo,2,Reconstrução
34,1610612765,DET,2021,2021-03-12,1628977,Hamidou Diallo,Guards,0.000677647901418851,0.005192480013912238,-0.004514832112493387,Preenche Lacuna,0.0031290446879353446,-0.0077390268736939015,Nao,0,Ofensivo,2,Reconstrução
28,1610612765,DET,2021,2021-03-25,202709,Cory Joseph,Guards,0.001464582489014041,0.006395762686680525,-0.004931180197666484,Preenche Lacuna,0.002969130468934099,-0.012990980154479274,Nao,2,Reconstrução,2,Reconstrução
24,1610612765,DET,2022,2022-02-10,1628963,Marvin Bagley III,Forwards,0.020056157240272765,0.0087936678509906,0.011262489389282164,Redundante,0.04147892923403128,0.026279998229118896,N/A (nao era lacuna),2,Reconstrução,2,Reconstrução
19,1610612765,DET,2023,2023-02-09,1630164,James Wiseman,Centers,0.0038964215823315625,0.004294915566791056,-0.0003984939844594933,Preenche Lacuna,0.010455563853622103,0.001954842021766899,Sim,2,Reconstrução,2,Reconstrução
39,1610612765,DET,2024,2024-01-14,203488,Mike Muscala,Centers,0.015227429020532467,0.005180348359098895,0.010047080661433571,Redundante,0.009133592546401587,0.003939636377806718,N/A (nao era lacuna),2,Reconstrução,2,Reconstrução
39,1610612765,DET,2024,2024-01-14,201568,Danilo Gallinari,Forwards,0.010904804008252283,0.011419435435465695,-0.000514631427213412,Preenche Lacuna,0.008986868168146138,-0.001957854252951953,Nao,2,Reconstrução,2,Reconstrução
27,1610612765,DET,2024,2024-02-08,203095,Evan Fournier,Guards,0.006007802340702211,0.007232158104264437,-0.0012243557635622264,Preenche Lacuna,-0.02380952380952381,-0.03421254241127093,Nao,2,Reconstrução,2,Reconstrução
27,1610612765,DET,2024,2024-02-08,1630201,Malachi Flynn,Guards,0.006007802340702211,0.007232158104264437,-0.0012243557635622264,Preenche Lacuna,-0.02380952380952381,-0.03421254241127093,Nao,2,Reconstrução,2,Reconstrução
27,1610612765,DET,2024,2024-02-08,1629656,Quentin Grimes,Guards,0.006007802340702211,0.007232158104264437,-0.0012243557635622264,Preenche Lacuna,-0.02380952380952381,-0.03421254241127093,Nao,2,Reconstrução,2,Reconstrução
27,1610612765,DET,2024,2024-02-08,1627853,Ryan Arcidiacono,Guards,0.006007802340702211,0.007232158104264437,-0.0012243557635622264,Preenche Lacuna,-0.02380952380952381,-0.03421254241127093,Nao,2,Reconstrução,2,Reconstrução
29,1610612765,DET,2024,2024-02-08,1627863,Danuel House Jr.,Forwards,0.00540962288686606,0.008636324064943307,-0.0032267011780772467,Preenche Lacuna,0.033234126984126984,0.017544974807931577,Sim,2,Reconstrução,2,Reconstrução
31,1610612765,DET,2024,2024-02-08,1629003,Shake Milton,Guards,0.006007802340702211,0.007232158104264437,-0.0012243557635622264,Preenche Lacuna,-0.02380952380952381,-0.03421254241127093,Nao,2,Reconstrução,2,Reconstrução
31,1610612765,DET,2024,2024-02-08,1628972,Troy Brown Jr.,Guards,0.006007802340702211,0.007232158104264437,-0.0012243557635622264,Preenche Lacuna,-0.02380952380952381,-0.03421254241127093,Nao,2,Reconstrução,2,Reconstrução
32,1610612765,DET,2024,2024-02-08,1631323,Simone Fontecchio,Forwards,0.00540962288686606,0.008636324064943307,-0.0032267011780772467,Preenche Lacuna,0.033234126984126984,0.017544974807931577,Sim,2,Reconstrução,2,Reconstrução
14,1610612765,DET,2025,2025-02-06,203471,Dennis Schröder,Guards,0.008575639823127429,0.007431980635328803,0.0011436591877986256,Redundante,0.015722680670167542,0.0037742887261477814,N/A (nao era lacuna),0,Ofensivo,3,Elite
14,1610612765,DET,2025,2025-02-06,1630322,Lindy Waters III,Forwards,0.00741435526374559,0.007991086840182368,-0.0005767315764367781,Preenche Lacuna,0.009127281820455115,-0.003821243773516742,Nao,0,Ofensivo,3,Elite
15,1610612765,DET,2025,2025-02-06,2030,Kenyon Martin Jr.,Forwards,0.00741435526374559,0.007991086840182368,-0.0005767315764367781,Preenche Lacuna,0.009127281820455115,-0.003821243773516742,Nao,0,Ofensivo,3,Elite
25,1610612766,CHA,2013,2013-02-21,201177,Josh McRoberts,Forwards,0.0027580772261623326,0.004358154000123997,-0.001600076773961664,Preenche Lacuna,0.012007389162561572,0.001216356029230375,Sim,2,Reconstrução,2,Reconstrução
18,1610612766,CHA,2014,2014-02-20,2557,Luke Ridnour,Guards,0.02455973346025702,0.006587583079629556,0.017972150380627466,Redundante,0.016049382716049384,-0.008184529473021694,N/A (nao era lacuna),1,Defensivo,1,Defensivo
18,1610612766,CHA,2014,2014-02-20,202390,Gary Neal,Guards,0.02455973346025702,0.006587583079629556,0.017972150380627466,Redundante,0.016049382716049384,-0.008184529473021694,N/A (nao era lacuna),1,Defensivo,1,Defensivo
30,1610612766,CHA,2015,2015-02-10,2590,Mo Williams,Guards,-0.0038174561860142286,0.011507681874505753,-0.015325138060519982,Preenche Lacuna,0.03569295101553166,0.019440304529487945,Sim,1,Defensivo,1,Defensivo
30,1610612766,CHA,2015,2015-02-10,203584,Troy Daniels,Guards,-0.0038174561860142286,0.011507681874505753,-0.015325138060519982,Preenche Lacuna,0.03569295101553166,0.019440304529487945,Sim,1,Defensivo,1,Defensivo
21,1610612766,CHA,2016,2016-02-16,201584,Courtney Lee,Guards,0.008002277327935221,0.00615987844042962,0.0018423988875056006,Redundante,0.01734046769718589,0.003807524688799793,N/A (nao era lacuna),0,Ofensivo,3,Elite
35,1610612766,CHA,2017,2017-02-02,203101,Miles Plumlee,Centers,,0.003655932315851296,,Redundante,0.00026197604790419165,-0.004753100444606884,N/A (nao era lacuna),1,Defensivo,1,Defensivo
33,1610612766,CHA,2017,2017-02-13,2365,Chris Andersen,Forwards,0.008423070647740252,0.008856454957698228,-0.00043338430995797615,Preenche Lacuna,0.014522639522639524,-0.0002787511807308546,Melhorou,1,Defensivo,1,Defensivo
90,1610612766,CHA,2018,2018-02-07,1626195,Willy Hernangomez,Centers,-0.005554023712923937,0.001630159876360414,-0.007184183589284351,Preenche Lacuna,0.010685865858279653,0.004053868312250269,Sim,1,Defensivo,3,Elite
20,1610612766,CHA,2022,2022-02-10,1626149,Montrezl Harrell,Centers,0.0032467532467532465,0.005231101299159905,-0.001984348052406659,Preenche Lacuna,0.008978826051996784,-0.0021076910953326915,Nao,0,Ofensivo,0,Ofensivo
14,1610612766,CHA,2023,2023-02-09,202704,Reggie Jackson,Guards,0.0004993342210386154,0.00593329390702691,-0.005433959685988295,Preenche Lacuna,-0.004781324708198565,-0.016119183400560424,Nao,2,Reconstrução,2,Reconstrução
36,1610612766,CHA,2024,2024-01-23,200768,Kyle Lowry,Guards,0.009154021011242859,0.008836147266446112,0.0003178737447967466,Redundante,-0.005472932778108269,-0.01120384500789724,N/A (nao era lacuna),2,Reconstrução,2,Reconstrução
24,1610612766,CHA,2024,2024-02-08,1629684,Grant Williams,Forwards,0.011330166270783848,0.008636324064943307,0.002693842205840541,Redundante,0.026675485008818344,0.010986332832622937,N/A (nao era lacuna),2,Reconstrução,2,Reconstrução
24,1610612766,CHA,2024,2024-02-08,203552,Seth Curry,Guards,0.004441805225653207,0.007232158104264437,-0.00279035287861123,Preenche Lacuna,-0.004078483245149912,-0.014481501846897034,Nao,2,Reconstrução,2,Reconstrução
26,1610612766,CHA,2024,2024-02-08,202722,Davis Bertans,Forwards,0.011330166270783848,0.008636324064943307,0.002693842205840541,Redundante,0.026675485008818344,0.010986332832622937,N/A (nao era lacuna),2,Reconstrução,2,Reconstrução
26,1610612766,CHA,2024,2024-02-08,203995,Vasilije Micic,Guards,0.004441805225653207,0.007232158104264437,-0.00279035287861123,Preenche Lacuna,-0.004078483245149912,-0.014481501846897034,Nao,2,Reconstrução,2,Reconstrução
26,1610612766,CHA,2024,2024-02-08,1630544,Tre Mann,Guards,0.004441805225653207,0.007232158104264437,-0.00279035287861123,Preenche Lacuna,-0.004078483245149912,-0.014481501846897034,Nao,2,Reconstrução,2,Reconstrução
34,1610612766,CHA,2025,2025-01-15,1629006,Josh Okogie,Guards,0.007089725708972572,0.008184528593175878,-0.0010948028842033058,Preenche Lacuna,-0.01402524544179523,-0.02217433111363409,Nao,2,Reconstrução,2,Reconstrução
21,1610612766,CHA,2025,2025-02-06,203994,Jusuf Nurkic,Centers,0.006782945736434106,0.004534923686038011,0.002248022050396095,Redundante,,,Sem dado pos-troca,2,Reconstrução,2,Reconstrução
23,1610612766,CHA,2025,2025-02-06,1642261,Dalton Knecht,Forwards,0.01121262458471761,0.007991086840182368,0.0032215377445352425,Redundante,,,Sem dado pos-troca,2,Reconstrução,2,Reconstrução
23,1610612766,CHA,2025,2025-02-06,1629629,Cam Reddish,Forwards,0.01121262458471761,0.007991086840182368,0.0032215377445352425,Redundante,,,Sem dado pos-troca,2,Reconstrução,2,Reconstrução
