team_id,team_abbreviation,season_end_year,posicao,WPA_pos,MIN_pos,RCP_pos,RCP_pos_bar,stable,muP,deltaP,cluster,position_source
1610612737,ATL,2013,Centers,3.1300000000000003,,0.31300000000000006,0.003817073170731708,True,0.0025907946521799173,0.0012262785185517908,0,inpredictable_static
1610612737,ATL,2013,Forwards,0.75,,0.075,0.0009146341463414634,True,0.004761330853948739,-0.003846696707607276,0,inpredictable_static
1610612737,ATL,2013,Guards,6.12,,0.612,0.007463414634146341,True,0.004849018727535901,0.0026143959066104398,0,inpredictable_static
1610612751,BKN,2013,Centers,1.7000000000000004,,0.4485488126649077,0.005470107471523265,True,0.0025907946521799173,0.0028793128193433477,0,inpredictable_static
1610612751,BKN,2013,Forwards,-1.98,,-0.5224274406332453,-0.006371066349185919,True,0.004761330853948739,-0.011132397203134657,0,inpredictable_static
1610612751,BKN,2013,Guards,4.07,,1.0738786279683377,0.013096080828882167,True,0.004849018727535901,0.008247062101346266,0,inpredictable_static
1610612738,BOS,2013,Centers,-0.34,,3.090909090909082,0.038159371492704715,False,0.0025907946521799173,0.0355685768405248,0,inpredictable_static
1610612738,BOS,2013,Forwards,3.5,,-31.818181818181724,-0.392817059483725,False,0.004761330853948739,-0.3975783903376737,0,inpredictable_static
1610612738,BOS,2013,Guards,-3.27,,29.72727272727264,0.36700336700336594,False,0.004849018727535901,0.36215434827583004,0,inpredictable_static
1610612766,CHA,2013,Centers,-3.19,,0.7184684684684683,0.008761810591078882,True,0.0025907946521799173,0.006171015938898965,2,inpredictable_static
1610612766,CHA,2013,Forwards,-1.23,,0.277027027027027,0.0033783783783783777,True,0.004761330853948739,-0.0013829524755703615,2,inpredictable_static
1610612766,CHA,2013,Guards,-0.02000000000000024,,0.004504504504504558,5.493298176225071e-05,True,0.004849018727535901,-0.00479408574577365,2,inpredictable_static
1610612741,CHI,2013,Centers,-3.2,,1.0223642172523963,0.012467856307956052,True,0.0025907946521799173,0.009877061655776134,0,inpredictable_static
1610612741,CHI,2013,Forwards,0.76,,-0.2428115015974441,-0.0029611158731395622,True,0.004761330853948739,-0.007722446727088302,0,inpredictable_static
1610612741,CHI,2013,Guards,-0.69,,0.2204472843450479,0.0026883815164030233,True,0.004849018727535901,-0.002160637211132878,0,inpredictable_static
1610612739,CLE,2013,Centers,-2.6000000000000005,,-11.304347826086971,-0.1378579003181338,False,0.0025907946521799173,-0.14044869497031373,2,inpredictable_static
1610612739,CLE,2013,Forwards,0.32,,1.3913043478260885,0.01696712619300108,False,0.004761330853948739,0.01220579533905234,2,inpredictable_static
1610612739,CLE,2013,Guards,2.5100000000000002,,10.913043478260882,0.1330858960763522,False,0.004849018727535901,0.1282368773488163,2,inpredictable_static
1610612742,DAL,2013,Centers,-0.31,,-0.035509736540664374,-0.00043304556756907774,True,0.0025907946521799173,-0.003023840219748995,1,inpredictable_static
1610612742,DAL,2013,Forwards,5.17,,0.5922107674684994,0.007222082530103651,True,0.004761330853948739,0.002460751676154912,1,inpredictable_static
1610612742,DAL,2013,Guards,3.87,,0.44329896907216493,0.005406084988684938,True,0.004849018727535901,0.0005570662611490366,1,inpredictable_static
1610612743,DEN,2013,Centers,2.98,,0.2982982982982983,0.0036377841255890034,True,0.0025907946521799173,0.0010469894734090861,1,inpredictable_static
1610612743,DEN,2013,Forwards,5.799999999999999,,0.5805805805805805,0.0070802509826900055,True,0.004761330853948739,0.0023189201287412663,1,inpredictable_static
1610612743,DEN,2013,Guards,1.2099999999999997,,0.1211211211211211,0.001477086842940501,True,0.004849018727535901,-0.0033719318845954003,1,inpredictable_static
1610612765,DET,2013,Centers,0.98,,-0.4206008583690987,-0.005129278760598765,True,0.0025907946521799173,-0.007720073412778682,2,inpredictable_static
1610612765,DET,2013,Forwards,-0.76,,0.3261802575107296,0.003977808018423532,True,0.004761330853948739,-0.0007835228355252072,2,inpredictable_static
1610612765,DET,2013,Guards,-2.55,,1.094420600858369,0.013346592693394744,True,0.004849018727535901,0.008497573965858842,2,inpredictable_static
1610612744,GSW,2013,Centers,-2.6,,-0.4355108877721943,-0.005311108387465784,True,0.0025907946521799173,-0.007901903039645702,3,inpredictable_static
1610612744,GSW,2013,Forwards,2.4699999999999998,,0.4137353433835846,0.005045552968092495,True,0.004761330853948739,0.00028422211414375585,3,inpredictable_static
1610612744,GSW,2013,Guards,6.1000000000000005,,1.0217755443886098,0.012460677370592803,True,0.004849018727535901,0.0076116586430569014,3,inpredictable_static
1610612745,HOU,2013,Centers,1.02,,0.13691275167785236,0.0016696677033884433,True,0.0025907946521799173,-0.000921126948791474,3,inpredictable_static
1610612745,HOU,2013,Forwards,4.76,,0.6389261744966442,0.007791782615812735,True,0.004761330853948739,0.0030304517618639955,3,inpredictable_static
1610612745,HOU,2013,Guards,1.67,,0.22416107382550335,0.0027336716320183335,True,0.004849018727535901,-0.002115347095517568,3,inpredictable_static
1610612754,IND,2013,Centers,-3.81,,1.1687116564417177,0.014428538968416268,True,0.0025907946521799173,0.01183774431623635,0,inpredictable_static
1610612754,IND,2013,Forwards,-0.23000000000000015,,0.07055214723926384,0.0008710141634477017,True,0.004761330853948739,-0.0038903166905010374,0,inpredictable_static
1610612754,IND,2013,Guards,0.7800000000000002,,-0.23926380368098166,-0.002953874119518292,True,0.004849018727535901,-0.007802892847054193,0,inpredictable_static
1610612746,LAC,2013,Centers,0.98,,0.07385079125847777,0.0009006194055911922,True,0.0025907946521799173,-0.001690175246588725,3,inpredictable_static
1610612746,LAC,2013,Forwards,4.68,,0.35267520723436324,0.004300917161394673,True,0.004761330853948739,-0.000460413692554066,3,inpredictable_static
1610612746,LAC,2013,Guards,7.61,,0.573474001507159,0.006993585384233646,True,0.004849018727535901,0.0021445666566977445,3,inpredictable_static
1610612747,LAL,2013,Centers,-1.69,,-0.4694444444444444,-0.005724932249322493,True,0.0025907946521799173,-0.00831572690150241,3,inpredictable_static
1610612747,LAL,2013,Forwards,3.2,,0.8888888888888888,0.01084010840108401,True,0.004761330853948739,0.006078777547135272,3,inpredictable_static
1610612747,LAL,2013,Guards,2.09,,0.5805555555555554,0.007079945799457993,True,0.004849018727535901,0.0022309270719220913,3,inpredictable_static
1610612763,MEM,2013,Centers,2.5300000000000002,,84.33333333333377,1.0284552845528507,False,0.0025907946521799173,1.0258644899006708,0,inpredictable_static
1610612763,MEM,2013,Forwards,-1.8399999999999999,,-61.33333333333364,-0.7479674796748005,False,0.004761330853948739,-0.7527288105287492,0,inpredictable_static
1610612763,MEM,2013,Guards,-0.6600000000000001,,-22.000000000000117,-0.2682926829268307,False,0.004849018727535901,-0.2731417016543666,0,inpredictable_static
1610612748,MIA,2013,Centers,-0.14,,-0.006401463191586649,-7.806662428764206e-05,True,0.0025907946521799173,-0.002668861276467559,3,inpredictable_static
1610612748,MIA,2013,Forwards,15.969999999999999,,0.7302240512117054,0.00890517135624031,True,0.004761330853948739,0.0041438405022915705,3,inpredictable_static
1610612748,MIA,2013,Guards,6.04,,0.2761774119798811,0.0033680172192668426,True,0.004849018727535901,-0.0014810015082690588,3,inpredictable_static
1610612749,MIL,2013,Centers,0.14,,0.5000000000000001,0.006097560975609757,False,0.0025907946521799173,0.00350676632342984,1,inpredictable_static
1610612749,MIL,2013,Forwards,1.33,,4.750000000000001,0.05792682926829269,False,0.004761330853948739,0.053165498414343954,1,inpredictable_static
1610612749,MIL,2013,Guards,-1.19,,-4.25,-0.051829268292682924,False,0.004849018727535901,-0.05667828702021883,1,inpredictable_static
1610612750,MIN,2013,Centers,1.57,,-0.20179948586118254,-0.002460969339770519,True,0.0025907946521799173,-0.005051763991950436,2,inpredictable_static
1610612750,MIN,2013,Forwards,-1.1,,0.14138817480719795,0.0017242460342341214,True,0.004761330853948739,-0.003037084819714618,2,inpredictable_static
1610612750,MIN,2013,Guards,-8.25,,1.0604113110539846,0.012931845256755909,True,0.004849018727535901,0.008082826529220008,2,inpredictable_static
1610612740,NOP,2013,Centers,0.48,,0.24365482233502536,0.002971400272378358,True,0.0025907946521799173,0.0003806056201984408,2,inpredictable_static
1610612740,NOP,2013,Forwards,5.859999999999999,,2.9746192893401013,0.03627584499195245,True,0.004761330853948739,0.03151451413800371,2,inpredictable_static
1610612740,NOP,2013,Guards,-4.37,,-2.218274111675127,-0.027052123313111305,True,0.004849018727535901,-0.03190114204064721,2,inpredictable_static
1610612752,NYK,2013,Centers,2.71,,0.32071005917159756,0.003911098282580458,True,0.0025907946521799173,0.001320303630400541,3,inpredictable_static
1610612752,NYK,2013,Forwards,6.33,,0.7491124260355029,0.009135517390676865,True,0.004761330853948739,0.004374186536728126,3,inpredictable_static
1610612752,NYK,2013,Guards,-0.5900000000000001,,-0.06982248520710059,-0.0008514937220378121,True,0.004849018727535901,-0.005700512449573714,3,inpredictable_static
1610612760,OKC,2013,Centers,-2.4000000000000004,,-0.15247776365946633,-0.0018594849226764186,True,0.0025907946521799173,-0.004450279574856336,3,inpredictable_static
1610612760,OKC,2013,Forwards,13.14,,0.8348157560355781,0.010180679951653391,True,0.004761330853948739,0.005419349097704652,3,inpredictable_static
1610612760,OKC,2013,Guards,5.0,,0.31766200762388813,0.003873926922242538,True,0.004849018727535901,-0.0009750918052933632,3,inpredictable_static
1610612753,ORL,2013,Centers,0.12000000000000008,,-0.024948024948024963,-0.00030424420668323125,True,0.0025907946521799173,-0.0028950388588631485,2,inpredictable_static
1610612753,ORL,2013,Forwards,-1.29,,0.26819126819126815,0.0032706252218447337,True,0.004761330853948739,-0.0014907056321040056,2,inpredictable_static
1610612753,ORL,2013,Guards,-3.6400000000000006,,0.7567567567567568,0.00922874093605801,True,0.004849018727535901,0.004379722208522108,2,inpredictable_static
1610612755,PHI,2013,Centers,-0.16,,0.05574912891986062,0.0006798674258519587,True,0.0025907946521799173,-0.0019109272263279585,0,inpredictable_static
1610612755,PHI,2013,Forwards,3.17,,-1.1045296167247385,-0.013469873374691932,True,0.004761330853948739,-0.01823120422864067,0,inpredictable_static
1610612755,PHI,2013,Guards,-5.880000000000001,,2.048780487804878,0.024985127900059488,True,0.004849018727535901,0.020136109172523585,0,inpredictable_static
1610612756,PHX,2013,Centers,-0.22000000000000008,,0.05486284289276809,0.0006690590596679035,True,0.0025907946521799173,-0.0019217355925120138,2,inpredictable_static
1610612756,PHX,2013,Forwards,-0.55,,0.13715710723192018,0.0016726476491697583,True,0.004761330853948739,-0.003088683204778981,2,inpredictable_static
1610612756,PHX,2013,Guards,-3.24,,0.8079800498753117,0.00985341524238185,True,0.004849018727535901,0.005004396514845948,2,inpredictable_static
1610612757,POR,2013,Centers,0.46999999999999986,,0.0891840607210626,0.0010876104965983242,True,0.0025907946521799173,-0.001503184155581593,2,inpredictable_static
1610612757,POR,2013,Forwards,1.4500000000000002,,0.2751423149905124,0.003355394085250151,True,0.004761330853948739,-0.0014059367686985883,2,inpredictable_static
1610612757,POR,2013,Guards,3.35,,0.6356736242884251,0.007752117369371038,True,0.004849018727535901,0.002903098641835137,2,inpredictable_static
1610612758,SAC,2013,Centers,-2.9699999999999998,,3.1595744680851094,0.038531395952257436,False,0.0025907946521799173,0.03594060130007752,2,inpredictable_static
1610612758,SAC,2013,Forwards,-1.2,,1.2765957446808522,0.01556824078879088,False,0.004761330853948739,0.010806909934842141,2,inpredictable_static
1610612758,SAC,2013,Guards,3.2300000000000004,,-3.4361702127659615,-0.041904514789828796,False,0.004849018727535901,-0.0467535335173647,2,inpredictable_static
1610612759,SAS,2013,Centers,5.38,,0.3741307371349096,0.004562569965059873,True,0.0025907946521799173,0.0019717753128799557,3,inpredictable_static
1610612759,SAS,2013,Forwards,2.42,,0.16828929068150209,0.0020523084229451473,True,0.004761330853948739,-0.002709022431003592,3,inpredictable_static
1610612759,SAS,2013,Guards,6.58,,0.4575799721835883,0.005580243563214492,True,0.004849018727535901,0.0007312248356785905,3,inpredictable_static
1610612761,TOR,2013,Centers,3.75,,1.0869565217391302,0.013255567338282075,True,0.0025907946521799173,0.010664772686102157,1,inpredictable_static
1610612761,TOR,2013,Forwards,1.4500000000000002,,0.42028985507246375,0.00512548603746907,True,0.004761330853948739,0.00036415518352033056,1,inpredictable_static
1610612761,TOR,2013,Guards,-1.7499999999999998,,-0.507246376811594,-0.006185931424531634,True,0.004849018727535901,-0.011034950152067536,1,inpredictable_static
1610612762,UTA,2013,Centers,3.09,,0.5219594594594594,0.006365359261700725,True,0.0025907946521799173,0.0037745646095208073,1,inpredictable_static
1610612762,UTA,2013,Forwards,3.39,,0.5726351351351352,0.006983355306526039,True,0.004761330853948739,0.0022220244525773,1,inpredictable_static
1610612762,UTA,2013,Guards,-0.5599999999999996,,-0.09459459459459453,-0.0011535926170072504,True,0.004849018727535901,-0.0060026113445431515,1,inpredictable_static
1610612764,WAS,2013,Centers,-0.76,,0.11603053435114505,0.0014150065164773786,True,0.0025907946521799173,-0.0011757881357025387,0,inpredictable_static
1610612764,WAS,2013,Forwards,-0.9300000000000002,,0.1419847328244275,0.0017315211320052134,True,0.004761330853948739,-0.003029809721943526,0,inpredictable_static
1610612764,WAS,2013,Guards,-4.86,,0.7419847328244276,0.00904859430273692,True,0.004849018727535901,0.004199575575201019,0,inpredictable_static
1610612737,ATL,2014,Centers,1.6700000000000002,,0.24308588064046582,0.002964461959030071,True,0.00018328172773184425,0.0027811802312982265,0,inpredictable_static
1610612737,ATL,2014,Forwards,4.5,,0.6550218340611353,0.007988071147087016,True,0.005118532855490366,0.002869538291596649,0,inpredictable_static
1610612737,ATL,2014,Guards,0.6999999999999997,,0.10189228529839879,0.0012425888451024242,True,0.0068933073679973015,-0.0056507185228948775,0,inpredictable_static
1610612751,BKN,2014,Centers,0.11999999999999988,,0.025695931477516035,0.00031336501801848825,True,0.00018328172773184425,0.000130083290286644,0,inpredictable_static
1610612751,BKN,2014,Forwards,3.09,,0.6616702355460385,0.00806914921397608,True,0.005118532855490366,0.002950616358485713,0,inpredictable_static
1610612751,BKN,2014,Guards,1.4599999999999997,,0.31263383297644537,0.0038126077192249435,True,0.0068933073679973015,-0.003080699648772358,0,inpredictable_static
1610612738,BOS,2014,Centers,-0.06999999999999999,,-0.3333333333333332,-0.004065040650406503,False,0.00018328172773184425,-0.004248322378138347,2,inpredictable_static
1610612738,BOS,2014,Forwards,3.15,,14.999999999999996,0.18292682926829265,False,0.005118532855490366,0.1778082964128023,2,inpredictable_static
1610612738,BOS,2014,Guards,-2.87,,-13.666666666666664,-0.16666666666666663,False,0.0068933073679973015,-0.17355997403466394,2,inpredictable_static
1610612766,CHA,2014,Centers,2.02,,-1.741379310344827,-0.021236333052985695,True,0.00018328172773184425,-0.02141961478071754,0,inpredictable_static
1610612766,CHA,2014,Forwards,0.86,,-0.7413793103448273,-0.009041211101766186,True,0.005118532855490366,-0.014159743957256552,0,inpredictable_static
1610612766,CHA,2014,Guards,-4.04,,3.482758620689654,0.04247266610597139,True,0.0068933073679973015,0.03557935873797409,0,inpredictable_static
1610612741,CHI,2014,Centers,-2.51,,0.7746913580246912,0.009447455585666967,True,0.00018328172773184425,0.009264173857935123,0,inpredictable_static
1610612741,CHI,2014,Forwards,-3.04,,0.9382716049382716,0.011442336645588677,True,0.005118532855490366,0.006323803790098311,0,inpredictable_static
1610612741,CHI,2014,Guards,2.31,,-0.7129629629629629,-0.008694670280036133,True,0.0068933073679973015,-0.015587977648033435,0,inpredictable_static
1610612739,CLE,2014,Centers,-0.43999999999999995,,3.1428571428571472,0.038327526132404234,False,0.00018328172773184425,0.03814424440467239,1,inpredictable_static
1610612739,CLE,2014,Forwards,-1.02,,7.285714285714297,0.08885017421602802,False,0.005118532855490366,0.08373164136053765,1,inpredictable_static
1610612739,CLE,2014,Guards,1.3200000000000003,,-9.428571428571445,-0.11498257839721274,False,0.0068933073679973015,-0.12187588576521004,1,inpredictable_static
1610612742,DAL,2014,Centers,0.09000000000000001,,0.008272058823529412,0.00010087876614060258,True,0.00018328172773184425,-8.240296159124167e-05,3,inpredictable_static
1610612742,DAL,2014,Forwards,6.71,,0.6167279411764706,0.007521072453371592,True,0.005118532855490366,0.002402539597881226,3,inpredictable_static
1610612742,DAL,2014,Guards,4.08,,0.375,0.004573170731707317,True,0.0068933073679973015,-0.0023201366362899847,3,inpredictable_static
1610612743,DEN,2014,Centers,-0.9800000000000001,,-2.2272727272727275,-0.02716186252771619,False,0.00018328172773184425,-0.027345144255448033,1,inpredictable_static
1610612743,DEN,2014,Forwards,1.57,,3.5681818181818183,0.043514412416851445,False,0.005118532855490366,0.038395879561361076,1,inpredictable_static
1610612743,DEN,2014,Guards,-0.14999999999999986,,-0.3409090909090906,-0.004157427937915739,False,0.0068933073679973015,-0.01105073530591304,1,inpredictable_static
1610612765,DET,2014,Centers,1.67,,-0.8652849740932641,-0.010552255781625173,True,0.00018328172773184425,-0.010735537509357016,2,inpredictable_static
1610612765,DET,2014,Forwards,1.8,,-0.9326424870466321,-0.011373688866422343,True,0.005118532855490366,-0.01649222172191271,2,inpredictable_static
1610612765,DET,2014,Guards,-5.4,,2.7979274611398965,0.03412106659926703,True,0.0068933073679973015,0.02722775923126973,2,inpredictable_static
1610612744,GSW,2014,Centers,-0.4,,-0.0411522633744856,-0.000501856870420556,True,0.00018328172773184425,-0.0006851385981524003,3,inpredictable_static
1610612744,GSW,2014,Forwards,2.07,,0.21296296296296294,0.002597109304426377,True,0.005118532855490366,-0.002521423551063989,3,inpredictable_static
1610612744,GSW,2014,Guards,8.05,,0.8281893004115226,0.010099869517213691,True,0.0068933073679973015,0.0032065621492163897,3,inpredictable_static
1610612745,HOU,2014,Centers,0.24999999999999983,,0.023651844843897808,0.0002884371322426562,True,0.00018328172773184425,0.00010515540451081192,3,inpredictable_static
1610612745,HOU,2014,Forwards,1.55,,0.1466414380321665,0.0017883102199044696,True,0.005118532855490366,-0.0033302226355858967,3,inpredictable_static
1610612745,HOU,2014,Guards,8.77,,0.8297067171239356,0.010118374599072385,True,0.0068933073679973015,0.0032250672310750834,3,inpredictable_static
1610612754,IND,2014,Centers,-1.34,,-0.3774647887323944,-0.004603229130882859,True,0.00018328172773184425,-0.004786510858614703,0,inpredictable_static
1610612754,IND,2014,Forwards,3.94,,1.1098591549295775,0.01353486774304363,True,0.005118532855490366,0.008416334887553263,0,inpredictable_static
1610612754,IND,2014,Guards,0.95,,0.2676056338028169,0.003263483339058742,True,0.0068933073679973015,-0.0036298240289385593,0,inpredictable_static
1610612746,LAC,2014,Centers,1.72,,0.0967379077615298,0.0011797305824576805,True,0.00018328172773184425,0.0009964488547258364,3,inpredictable_static
1610612746,LAC,2014,Forwards,7.26,,0.40832395950506184,0.004979560481769047,True,0.005118532855490366,-0.00013897237372131974,3,inpredictable_static
1610612746,LAC,2014,Guards,8.8,,0.4949381327334083,0.006035830886992785,True,0.0068933073679973015,-0.0008574764810045168,3,inpredictable_static
1610612747,LAL,2014,Centers,-0.7100000000000001,,-2.1515151515151536,-0.026237989652623823,False,0.00018328172773184425,-0.026421271380355667,2,inpredictable_static
1610612747,LAL,2014,Forwards,0.85,,2.575757575757578,0.031411677753141194,False,0.005118532855490366,0.026293144897650826,2,inpredictable_static
1610612747,LAL,2014,Guards,0.1899999999999999,,0.5757575757575759,0.0070214338507021455,False,0.0068933073679973015,0.00012812648270484409,2,inpredictable_static
1610612763,MEM,2014,Centers,0.74,,0.16017316017316016,0.0019533312216239045,True,0.00018328172773184425,0.0017700494938920604,0,inpredictable_static
1610612763,MEM,2014,Forwards,-1.42,,-0.30735930735930733,-0.0037482842360891137,True,0.005118532855490366,-0.00886681709157948,0,inpredictable_static
1610612763,MEM,2014,Guards,5.3,,1.147186147186147,0.013990074965684721,True,0.0068933073679973015,0.00709676759768742,0,inpredictable_static
1610612748,MIA,2014,Centers,0.03999999999999999,,0.003060443764345829,3.73224849310467e-05,True,0.00018328172773184425,-0.00014595924280079756,0,inpredictable_static
1610612748,MIA,2014,Forwards,12.709999999999999,,0.9724560061208875,0.011859219586840091,True,0.005118532855490366,0.006740686731349725,0,inpredictable_static
1610612748,MIA,2014,Guards,0.3199999999999996,,0.024483550114766613,0.0002985798794483733,True,0.0068933073679973015,-0.006594727488548928,0,inpredictable_static
1610612749,MIL,2014,Centers,-2.3200000000000003,,0.28501228501228504,0.003475759573320549,True,0.00018328172773184425,0.0032924778455887048,2,inpredictable_static
1610612749,MIL,2014,Forwards,-1.69,,0.20761670761670759,0.0025319110684964338,True,0.005118532855490366,-0.0025866217869939326,2,inpredictable_static
1610612749,MIL,2014,Guards,-4.13,,0.5073710073710074,0.006187451309402529,True,0.0068933073679973015,-0.0007058560585947726,2,inpredictable_static
1610612750,MIN,2014,Centers,1.78,,0.43099273607748184,0.005256008976554657,True,0.00018328172773184425,0.005072727248822813,1,inpredictable_static
1610612750,MIN,2014,Forwards,6.16,,1.4915254237288136,0.018189334435717238,True,0.005118532855490366,0.013070801580226872,1,inpredictable_static
1610612750,MIN,2014,Guards,-3.8100000000000005,,-0.9225181598062956,-0.011250221461052385,True,0.0068933073679973015,-0.018143528829049686,1,inpredictable_static
1610612740,NOP,2014,Centers,0.039999999999999925,,0.004683840749414511,5.7120009139201354e-05,True,0.00018328172773184425,-0.0001261617185926429,1,inpredictable_static
1610612740,NOP,2014,Forwards,7.05,,0.8255269320843092,0.010067401610784258,True,0.005118532855490366,0.004948868755293892,1,inpredictable_static
1610612740,NOP,2014,Guards,1.4499999999999997,,0.16978922716627634,0.002070600331296053,True,0.0068933073679973015,-0.004822707036701249,1,inpredictable_static
1610612752,NYK,2014,Centers,1.34,,0.2005988023952096,0.002446326858478166,True,0.00018328172773184425,0.0022630451307463217,0,inpredictable_static
1610612752,NYK,2014,Forwards,4.37,,0.6541916167664671,0.007977946545932526,True,0.005118532855490366,0.00285941369044216,0,inpredictable_static
1610612752,NYK,2014,Guards,0.9700000000000006,,0.14520958083832344,0.0017708485468088224,True,0.0068933073679973015,-0.005122458821188479,0,inpredictable_static
1610612760,OKC,2014,Centers,-2.45,,-0.17740767559739323,-0.0021635082389926,True,0.00018328172773184425,-0.0023467899667244446,3,inpredictable_static
1610612760,OKC,2014,Forwards,13.16,,0.9529326574945692,0.011621129969445967,True,0.005118532855490366,0.006502597113955601,3,inpredictable_static
1610612760,OKC,2014,Guards,3.1,,0.22447501810282408,0.0027375002207661475,True,0.0068933073679973015,-0.0041558071472311536,3,inpredictable_static
1610612753,ORL,2014,Centers,-0.89,,0.2528409090909091,0.003083425720620843,True,0.00018328172773184425,0.0029001439928889984,2,inpredictable_static
1610612753,ORL,2014,Forwards,1.6700000000000004,,-0.47443181818181834,-0.005785753880266077,True,0.005118532855490366,-0.010904286735756444,2,inpredictable_static
1610612753,ORL,2014,Guards,-4.3,,1.2215909090909092,0.014897450110864746,True,0.0068933073679973015,0.008004142742867443,2,inpredictable_static
1610612755,PHI,2014,Centers,0.27,,-0.04153846153846154,-0.0005065666041275797,True,0.00018328172773184425,-0.000689848331859424,2,inpredictable_static
1610612755,PHI,2014,Forwards,2.0100000000000002,,-0.30923076923076925,-0.0037711069418386494,True,0.005118532855490366,-0.008889639797329017,2,inpredictable_static
1610612755,PHI,2014,Guards,-8.780000000000001,,1.350769230769231,0.016472795497185742,True,0.0068933073679973015,0.009579488129188442,2,inpredictable_static
1610612756,PHX,2014,Centers,-0.4800000000000001,,-0.04524033930254477,-0.0005517114549090826,True,0.00018328172773184425,-0.0007349931826409269,3,inpredictable_static
1610612756,PHX,2014,Forwards,6.49,,0.6116870876531574,0.007459598629916553,True,0.005118532855490366,0.002341065774426187,3,inpredictable_static
1610612756,PHX,2014,Guards,4.6,,0.4335532516493873,0.00528723477621204,True,0.0068933073679973015,-0.0016060725917852615,3,inpredictable_static
1610612757,POR,2014,Centers,2.0,,0.15527950310559005,0.0018936524768974397,True,0.00018328172773184425,0.0017103707491655956,3,inpredictable_static
1610612757,POR,2014,Forwards,0.82,,0.06366459627329192,0.0007763975155279503,True,0.005118532855490366,-0.004342135339962416,3,inpredictable_static
1610612757,POR,2014,Guards,10.06,,0.781055900621118,0.009525071958794122,True,0.0068933073679973015,0.0026317645907968203,3,inpredictable_static
1610612758,SAC,2014,Centers,-1.7400000000000002,,0.8018433179723503,0.009778577048443296,True,0.00018328172773184425,0.009595295320711452,2,inpredictable_static
1610612758,SAC,2014,Forwards,-0.7799999999999998,,0.3594470046082949,0.004383500056198718,True,0.005118532855490366,-0.0007350327992916485,2,inpredictable_static
1610612758,SAC,2014,Guards,0.3500000000000001,,-0.1612903225806452,-0.0019669551534225024,True,0.0068933073679973015,-0.008860262521419804,2,inpredictable_static
1610612759,SAS,2014,Centers,2.25,,0.14001244555071563,0.001707468848179459,True,0.00018328172773184425,0.0015241871204476148,3,inpredictable_static
1610612759,SAS,2014,Forwards,1.85,,0.11512134411947729,0.0014039188307253328,True,0.005118532855490366,-0.0037146140247650335,3,inpredictable_static
1610612759,SAS,2014,Guards,11.97,,0.7448662103298072,0.00908373427231472,True,0.0068933073679973015,0.0021904269043174192,3,inpredictable_static
1610612761,TOR,2014,Centers,2.09,,0.3471760797342192,0.0042338546309051124,True,0.00018328172773184425,0.0040505729031732685,1,inpredictable_static
1610612761,TOR,2014,Forwards,-0.22999999999999998,,-0.038205980066445176,-0.0004659265861761607,True,0.005118532855490366,-0.005584459441666527,1,inpredictable_static
1610612761,TOR,2014,Guards,4.16,,0.6910299003322259,0.00842719390649056,True,0.0068933073679973015,0.0015338865384932577,1,inpredictable_static
1610612762,UTA,2014,Centers,-0.8700000000000001,,-0.3536585365853659,-0.004312908982748364,True,0.00018328172773184425,-0.004496190710480208,2,inpredictable_static
1610612762,UTA,2014,Forwards,2.98,,1.2113821138211383,0.014772952607574857,True,0.005118532855490366,0.009654419752084491,2,inpredictable_static
1610612762,UTA,2014,Guards,0.35000000000000003,,0.14227642276422767,0.0017350783263930204,True,0.0068933073679973015,-0.005158229041604281,2,inpredictable_static
1610612764,WAS,2014,Centers,0.43,,0.08007448789571694,0.0009765181450697188,True,0.00018328172773184425,0.0007932364173378746,1,inpredictable_static
1610612764,WAS,2014,Forwards,8.06,,1.500931098696462,0.018304037788981244,True,0.005118532855490366,0.013185504933490877,1,inpredictable_static
1610612764,WAS,2014,Guards,-3.12,,-0.5810055865921788,-0.007085433982831449,True,0.0068933073679973015,-0.01397874135082875,1,inpredictable_static
1610612737,ATL,2015,Centers,3.52,,0.22406110757479314,0.0027324525313999165,True,0.0016192563172529521,0.0011131962141469644,3,inpredictable_static
1610612737,ATL,2015,Forwards,6.859999999999999,,0.43666454487587525,0.005325177376535064,True,0.004713043119135089,0.0006121342573999749,3,inpredictable_static
1610612737,ATL,2015,Guards,5.33,,0.33927434754933167,0.004137492043284533,True,0.005873974889729706,-0.0017364828464451736,3,inpredictable_static
1610612751,BKN,2015,Centers,3.02,,0.934984520123839,0.011402250245412672,True,0.0016192563172529521,0.00978299392815972,0,inpredictable_static
1610612751,BKN,2015,Forwards,3.62,,1.1207430340557276,0.013667597976289362,True,0.004713043119135089,0.008954554857154273,0,inpredictable_static
1610612751,BKN,2015,Guards,-3.41,,-1.0557275541795665,-0.01287472627048252,True,0.005873974889729706,-0.018748701160212225,0,inpredictable_static
1610612738,BOS,2015,Centers,3.13,,1.0032051282051282,0.012234208880550344,True,0.0016192563172529521,0.010614952563297392,1,inpredictable_static
1610612738,BOS,2015,Forwards,4.58,,1.4679487179487178,0.01790181363352095,True,0.004713043119135089,0.013188770514385861,1,inpredictable_static
1610612738,BOS,2015,Guards,-4.59,,-1.471153846153846,-0.017940900562851782,True,0.005873974889729706,-0.02381487545258149,1,inpredictable_static
1610612766,CHA,2015,Centers,-0.010000000000000009,,0.0025575447570332505,3.118957020772257e-05,True,0.0016192563172529521,-0.0015880667470452295,0,inpredictable_static
1610612766,CHA,2015,Forwards,-2.46,,0.629156010230179,0.007672634271099744,True,0.004713043119135089,0.0029595911519646545,0,inpredictable_static
1610612766,CHA,2015,Guards,-1.4399999999999997,,0.3682864450127876,0.004491298109912044,True,0.005873974889729706,-0.001382676779817662,0,inpredictable_static
1610612741,CHI,2015,Centers,-2.38,,-0.2796709753231492,-0.0034106216502823076,True,0.0016192563172529521,-0.00502987796753526,3,inpredictable_static
1610612741,CHI,2015,Forwards,10.61,,1.2467685076380728,0.015204493995586254,True,0.004713043119135089,0.010491450876451165,3,inpredictable_static
1610612741,CHI,2015,Guards,0.28000000000000014,,0.032902467685076396,0.00040124960591556583,True,0.005873974889729706,-0.00547272528381414,3,inpredictable_static
1610612739,CLE,2015,Centers,1.4100000000000001,,0.13128491620111732,0.00160103556342826,True,0.0016192563172529521,-1.822075382469212e-05,3,inpredictable_static
1610612739,CLE,2015,Forwards,4.2,,0.3910614525139665,0.00476904210382886,True,0.004713043119135089,5.599898469377078e-05,3,inpredictable_static
1610612739,CLE,2015,Guards,5.13,,0.47765363128491617,0.005825044283962392,True,0.005873974889729706,-4.8930605767313895e-05,3,inpredictable_static
1610612742,DAL,2015,Centers,2.4000000000000004,,0.24514811031664965,0.003026519880452465,True,0.0016192563172529521,0.0014072635631995128,3,inpredictable_static
1610612742,DAL,2015,Forwards,8.07,,0.8243105209397343,0.010176673098021411,True,0.004713043119135089,0.005463629978886322,3,inpredictable_static
1610612742,DAL,2015,Guards,-0.6800000000000003,,-0.06945863125638409,-0.0008575139661281986,True,0.005873974889729706,-0.006731488855857904,3,inpredictable_static
1610612743,DEN,2015,Centers,-2.4800000000000004,,1.4502923976608189,0.01768649265440023,True,0.0016192563172529521,0.016067236337147277,1,inpredictable_static
1610612743,DEN,2015,Forwards,2.77,,-1.6198830409356724,-0.019754671230922834,True,0.004713043119135089,-0.02446771435005792,1,inpredictable_static
1610612743,DEN,2015,Guards,-2.0,,1.1695906432748537,0.014263300527742119,True,0.005873974889729706,0.008389325638012413,1,inpredictable_static
1610612765,DET,2015,Centers,-0.45,,-0.3237410071942446,-0.003948061063344446,True,0.0016192563172529521,-0.005567317380597398,0,inpredictable_static
1610612765,DET,2015,Forwards,3.05,,2.1942446043165464,0.02675908054044569,True,0.004713043119135089,0.022046037421310602,0,inpredictable_static
1610612765,DET,2015,Guards,-1.21,,-0.8705035971223021,-0.010615897525881733,True,0.005873974889729706,-0.01648987241561144,0,inpredictable_static
1610612744,GSW,2015,Centers,-0.93,,-0.05512744516893894,-0.0006722859166943773,True,0.0016192563172529521,-0.0022915422339473295,3,inpredictable_static
1610612744,GSW,2015,Forwards,5.36,,0.31772377000592766,0.003874680122023508,True,0.004713043119135089,-0.0008383629971115809,3,inpredictable_static
1610612744,GSW,2015,Guards,12.440000000000001,,0.7374036751630113,0.008992727745890381,True,0.005873974889729706,0.003118752856160675,3,inpredictable_static
1610612745,HOU,2015,Centers,0.26,,0.02888888888888889,0.00035230352303523035,True,0.0016192563172529521,-0.0012669527942177218,3,inpredictable_static
1610612745,HOU,2015,Forwards,1.56,,0.17333333333333334,0.002113821138211382,True,0.004713043119135089,-0.002599221980923707,3,inpredictable_static
1610612745,HOU,2015,Guards,7.18,,0.7977777777777777,0.0097289972899729,True,0.005873974889729706,0.0038550224002431932,3,inpredictable_static
1610612754,IND,2015,Centers,-2.33,,-1.4121212121212119,-0.017220990391722098,True,0.0016192563172529521,-0.01884024670897505,0,inpredictable_static
1610612754,IND,2015,Forwards,-0.6200000000000001,,-0.37575757575757573,-0.004582409460458241,True,0.004713043119135089,-0.00929545257959333,0,inpredictable_static
1610612754,IND,2015,Guards,4.6000000000000005,,2.7878787878787876,0.03399852180339985,True,0.005873974889729706,0.028124546913670143,0,inpredictable_static
1610612746,LAC,2015,Centers,2.37,,0.14738805970149255,0.0017974153622133237,True,0.0016192563172529521,0.00017815904496037158,3,inpredictable_static
1610612746,LAC,2015,Forwards,4.1899999999999995,,0.2605721393034826,0.0031777090158961294,True,0.004713043119135089,-0.0015353341032389597,3,inpredictable_static
1610612746,LAC,2015,Guards,9.52,,0.592039800995025,0.007219997573110061,True,0.005873974889729706,0.0013460226833803546,3,inpredictable_static
1610612747,LAL,2015,Centers,1.6,,-0.3800475059382423,-0.004634725682173687,True,0.0016192563172529521,-0.006253981999426639,2,inpredictable_static
1610612747,LAL,2015,Forwards,-2.9200000000000004,,0.6935866983372923,0.008458374369966978,True,0.004713043119135089,0.0037453312508318893,2,inpredictable_static
1610612747,LAL,2015,Guards,-2.89,,0.6864608076009502,0.008371473263426223,True,0.005873974889729706,0.0024974983736965163,2,inpredictable_static
1610612763,MEM,2015,Centers,3.34,,0.2835314091680815,0.003457700111805872,True,0.0016192563172529521,0.00183844379455292,0,inpredictable_static
1610612763,MEM,2015,Forwards,1.7800000000000002,,0.1511035653650255,0.001842726406890555,True,0.004713043119135089,-0.002870316712244534,0,inpredictable_static
1610612763,MEM,2015,Guards,6.66,,0.565365025466893,0.006894695432523086,True,0.005873974889729706,0.0010207205427933798,0,inpredictable_static
1610612748,MIA,2015,Centers,1.67,,-2.287671232876713,-0.027898429669228206,False,0.0016192563172529521,-0.02951768598648116,0,inpredictable_static
1610612748,MIA,2015,Forwards,3.24,,-4.438356164383563,-0.05412629468760443,False,0.004713043119135089,-0.05883933780673952,0,inpredictable_static
1610612748,MIA,2015,Guards,-5.64,,7.726027397260276,0.09421984630805215,False,0.005873974889729706,0.08834587141832244,0,inpredictable_static
1610612749,MIL,2015,Centers,-2.27,,-10.8095238095238,-0.13182346109175366,False,0.0016192563172529521,-0.13344271740900662,1,inpredictable_static
1610612749,MIL,2015,Forwards,5.71,,27.190476190476165,0.33159117305458735,False,0.004713043119135089,0.3268781299354523,1,inpredictable_static
1610612749,MIL,2015,Guards,-3.23,,-15.380952380952367,-0.18757259001161422,False,0.005873974889729706,-0.19344656490134393,1,inpredictable_static
1610612750,MIN,2015,Centers,0.04000000000000001,,-0.009009009009009012,-0.00010986596352450016,True,0.0016192563172529521,-0.0017291222807774523,2,inpredictable_static
1610612750,MIN,2015,Forwards,-1.16,,0.26126126126126126,0.0031861129422105033,True,0.004713043119135089,-0.0015269301769245858,2,inpredictable_static
1610612750,MIN,2015,Guards,-3.32,,0.7477477477477478,0.00911887497253351,True,0.005873974889729706,0.003244900082803803,2,inpredictable_static
1610612740,NOP,2015,Centers,0.9200000000000002,,0.06438068579426173,0.0007851303145641675,True,0.0016192563172529521,-0.0008341260026887847,0,inpredictable_static
1610612740,NOP,2015,Forwards,13.55,,0.9482155353393983,0.011563604089504857,True,0.004713043119135089,0.0068505609703697675,0,inpredictable_static
1610612740,NOP,2015,Guards,-0.1800000000000001,,-0.01259622113365991,-0.0001536124528495111,True,0.005873974889729706,-0.006027587342579218,0,inpredictable_static
1610612752,NYK,2015,Centers,-0.29000000000000004,,0.06651376146788991,0.0008111434325352428,True,0.0016192563172529521,-0.0008081128847177093,2,inpredictable_static
1610612752,NYK,2015,Forwards,-1.9500000000000002,,0.44724770642201833,0.005454240322219736,True,0.004713043119135089,0.000741197203084647,2,inpredictable_static
1610612752,NYK,2015,Guards,-2.12,,0.4862385321100917,0.005929738196464533,True,0.005873974889729706,5.5763306734827114e-05,2,inpredictable_static
1610612760,OKC,2015,Centers,-1.67,,-0.30983302411873836,-0.003778451513643151,True,0.0016192563172529521,-0.0053977078308961035,1,inpredictable_static
1610612760,OKC,2015,Forwards,3.14,,0.5825602968460111,0.007104393863975745,True,0.004713043119135089,0.0023913507448406557,1,inpredictable_static
1610612760,OKC,2015,Guards,3.9200000000000004,,0.7272727272727273,0.008869179600886918,True,0.005873974889729706,0.0029952047111572117,1,inpredictable_static
1610612753,ORL,2015,Centers,-0.4600000000000001,,0.3066666666666667,0.003739837398373984,True,0.0016192563172529521,0.002120581081121032,2,inpredictable_static
1610612753,ORL,2015,Forwards,4.36,,-2.9066666666666667,-0.035447154471544715,True,0.004713043119135089,-0.040160197590679805,2,inpredictable_static
1610612753,ORL,2015,Guards,-5.4,,3.6,0.04390243902439025,True,0.005873974889729706,0.038028464134660545,2,inpredictable_static
1610612755,PHI,2015,Centers,-2.0,,0.15360983102918588,0.001873290622307145,True,0.0016192563172529521,0.00025403430505419283,2,inpredictable_static
1610612755,PHI,2015,Forwards,-1.0700000000000003,,0.08218125960061447,0.0010022104829343229,True,0.004713043119135089,-0.0037108326362007664,2,inpredictable_static
1610612755,PHI,2015,Guards,-9.950000000000001,,0.7642089093701998,0.009319620845978047,True,0.005873974889729706,0.0034456459562483407,2,inpredictable_static
1610612756,PHX,2015,Centers,-0.44999999999999996,,-0.07438016528925619,-0.0009070751864543437,True,0.0016192563172529521,-0.002526331503707296,1,inpredictable_static
1610612756,PHX,2015,Forwards,3.25,,0.5371900826446281,0.006551098568836928,True,0.004713043119135089,0.001838055449701839,1,inpredictable_static
1610612756,PHX,2015,Guards,3.2499999999999996,,0.5371900826446281,0.006551098568836928,True,0.005873974889729706,0.0006771236791072218,1,inpredictable_static
1610612757,POR,2015,Centers,3.8600000000000003,,0.35251141552511417,0.004298919701525783,True,0.0016192563172529521,0.0026796633842728307,3,inpredictable_static
1610612757,POR,2015,Forwards,1.4,,0.1278538812785388,0.001559193674128522,True,0.004713043119135089,-0.003153849445006567,3,inpredictable_static
1610612757,POR,2015,Guards,5.69,,0.519634703196347,0.006337008575565207,True,0.005873974889729706,0.0004630336858355011,3,inpredictable_static
1610612758,SAC,2015,Centers,-0.89,,0.33712121212121215,0.0041112342941611235,True,0.0016192563172529521,0.0024919779769081714,1,inpredictable_static
1610612758,SAC,2015,Forwards,0.010000000000000231,,-0.003787878787878876,-4.619364375462044e-05,True,0.004713043119135089,-0.00475923676288971,1,inpredictable_static
1610612758,SAC,2015,Guards,-1.7599999999999998,,0.6666666666666666,0.008130081300813007,True,0.005873974889729706,0.002256106411083301,1,inpredictable_static
1610612759,SAS,2015,Centers,3.7,,0.2986279257465698,0.003641803972519144,True,0.0016192563172529521,0.002022547655266192,3,inpredictable_static
1610612759,SAS,2015,Forwards,1.7300000000000002,,0.13962873284907185,0.001702789424988681,True,0.004713043119135089,-0.003010253694146408,3,inpredictable_static
1610612759,SAS,2015,Guards,6.96,,0.5617433414043583,0.006850528553711687,True,0.005873974889729706,0.0009765536639819803,3,inpredictable_static
1610612761,TOR,2015,Centers,2.9699999999999998,,0.20769230769230768,0.0025328330206378985,True,0.0016192563172529521,0.0009135767033849464,3,inpredictable_static
1610612761,TOR,2015,Forwards,4.74,,0.33146853146853145,0.004042299164250383,True,0.004713043119135089,-0.0006707439548847057,3,inpredictable_static
1610612761,TOR,2015,Guards,6.59,,0.4608391608391608,0.00561998976633123,True,0.005873974889729706,-0.0002539851233984763,3,inpredictable_static
1610612762,UTA,2015,Centers,0.3500000000000001,,0.1851851851851852,0.002286236854138089,True,0.0016192563172529521,0.0006669805368851368,0,inpredictable_static
1610612762,UTA,2015,Forwards,3.67,,1.9417989417989414,0.02397282644196224,True,0.004713043119135089,0.01925978332282715,0,inpredictable_static
1610612762,UTA,2015,Guards,-2.13,,-1.1269841269841268,-0.01391338428375465,True,0.005873974889729706,-0.019787359173484356,0,inpredictable_static
1610612764,WAS,2015,Centers,-1.29,,-1.5,-0.018292682926829267,False,0.0016192563172529521,-0.01991193924408222,0,inpredictable_static
1610612764,WAS,2015,Forwards,3.73,,4.337209302325581,0.05289279636982416,False,0.004713043119135089,0.04817975325068907,0,inpredictable_static
1610612764,WAS,2015,Guards,-1.58,,-1.8372093023255816,-0.022404991491775383,False,0.005873974889729706,-0.02827896638150509,0,inpredictable_static
1610612737,ATL,2016,Centers,4.61,,0.519729425028185,0.006338163719855914,True,0.0025733069573154834,0.003764856762540431,3,inpredictable_static
1610612737,ATL,2016,Forwards,1.14,,0.12852311161217586,0.0015673550196606812,True,0.006782306311374451,-0.005214951291713769,3,inpredictable_static
1610612737,ATL,2016,Guards,3.12,,0.3517474633596393,0.0042896032117029186,True,0.002850262758324304,0.0014393404533786145,3,inpredictable_static
1610612751,BKN,2016,Centers,2.74,,1.7018633540372672,0.02075443114679594,True,0.0025733069573154834,0.018181124189480456,2,inpredictable_static
1610612751,BKN,2016,Forwards,-0.6699999999999999,,-0.4161490683229813,-0.0050749886380851384,True,0.006782306311374451,-0.011857294949459588,2,inpredictable_static
1610612751,BKN,2016,Guards,-0.4600000000000001,,-0.28571428571428575,-0.0034843205574912896,True,0.002850262758324304,-0.006334583315815594,2,inpredictable_static
1610612738,BOS,2016,Centers,0.89,,0.08640776699029126,0.0010537532559791616,True,0.0025733069573154834,-0.0015195537013363218,1,inpredictable_static
1610612738,BOS,2016,Forwards,6.4,,0.6213592233009708,0.0075775515036703755,True,0.006782306311374451,0.0007952451922959248,1,inpredictable_static
1610612738,BOS,2016,Guards,3.0100000000000002,,0.2922330097087379,0.0035638171915699742,True,0.002850262758324304,0.0007135544332456702,1,inpredictable_static
1610612766,CHA,2016,Centers,0.68,,0.05178979436405179,0.0006393801773339727,True,0.0025733069573154834,-0.0019339267799815107,3,inpredictable_static
1610612766,CHA,2016,Forwards,6.33,,0.48210205635948206,0.005951877239005952,True,0.006782306311374451,-0.0008304290723684989,3,inpredictable_static
1610612766,CHA,2016,Guards,6.12,,0.4661081492764661,0.005754421596005754,True,0.002850262758324304,0.0029041588376814502,3,inpredictable_static
1610612741,CHI,2016,Centers,-1.48,,-0.6166666666666665,-0.00752032520325203,True,0.0025733069573154834,-0.010093632160567514,1,inpredictable_static
1610612741,CHI,2016,Forwards,7.590000000000001,,3.162499999999999,0.0385670731707317,True,0.006782306311374451,0.03178476685935725,1,inpredictable_static
1610612741,CHI,2016,Guards,-3.71,,-1.5458333333333327,-0.018851626016260156,True,0.002850262758324304,-0.02170188877458446,1,inpredictable_static
1610612739,CLE,2016,Centers,3.29,,0.25503875968992246,0.0031102287767063716,True,0.0025733069573154834,0.0005369218193908881,3,inpredictable_static
1610612739,CLE,2016,Forwards,7.63,,0.5914728682170542,0.007213083758744564,True,0.006782306311374451,0.0004307774473701134,3,inpredictable_static
1610612739,CLE,2016,Guards,1.98,,0.15348837209302324,0.0018718094157685761,True,0.002850262758324304,-0.000978453342555728,3,inpredictable_static
1610612742,DAL,2016,Centers,-0.74,,-0.05873015873015873,-0.000716221447928765,True,0.0025733069573154834,-0.0032895284052442486,1,inpredictable_static
1610612742,DAL,2016,Forwards,8.68,,0.6888888888888889,0.008401084010840108,True,0.006782306311374451,0.0016187776994656573,1,inpredictable_static
1610612742,DAL,2016,Guards,4.66,,0.36984126984126986,0.0045102593883081694,True,0.002850262758324304,0.0016599966299838654,1,inpredictable_static
1610612743,DEN,2016,Centers,0.8699999999999999,,0.29491525423728815,0.0035965274906986358,True,0.0025733069573154834,0.0010232205333831523,1,inpredictable_static
1610612743,DEN,2016,Forwards,4.54,,1.5389830508474578,0.018768085985944608,True,0.006782306311374451,0.011985779674570157,1,inpredictable_static
1610612743,DEN,2016,Guards,-2.46,,-0.8338983050847458,-0.01016949152542373,True,0.002850262758324304,-0.013019754283748033,1,inpredictable_static
1610612765,DET,2016,Centers,0.6500000000000001,,0.17060367454068243,0.002080532616349786,True,0.0025733069573154834,-0.0004927743409656976,1,inpredictable_static
1610612765,DET,2016,Forwards,2.18,,0.5721784776902887,0.006977786313296204,True,0.006782306311374451,0.00019548000192175317,1,inpredictable_static
1610612765,DET,2016,Guards,0.9800000000000001,,0.25721784776902884,0.0031368030215735226,True,0.002850262758324304,0.0002865402632492185,1,inpredictable_static
1610612744,GSW,2016,Centers,0.32999999999999996,,0.013658940397350992,0.00016657244387013404,True,0.0025733069573154834,-0.0024067345134453494,3,inpredictable_static
1610612744,GSW,2016,Forwards,3.0899999999999994,,0.12789735099337746,0.001559723792602164,True,0.006782306311374451,-0.005222582518772286,3,inpredictable_static
1610612744,GSW,2016,Guards,20.74,,0.8584437086092714,0.010468825714747212,True,0.002850262758324304,0.0076185629564229085,3,inpredictable_static
1610612745,HOU,2016,Centers,0.9199999999999999,,0.11901681759379042,0.0014514246048023221,True,0.0025733069573154834,-0.0011218823525131613,1,inpredictable_static
1610612745,HOU,2016,Forwards,0.8299999999999998,,0.10737386804657177,0.0013094374152020948,True,0.006782306311374451,-0.005472868896172356,1,inpredictable_static
1610612745,HOU,2016,Guards,5.98,,0.7736093143596378,0.009434259931215095,True,0.002850262758324304,0.006583997172890791,1,inpredictable_static
1610612754,IND,2016,Centers,0.8300000000000001,,0.20493827160493824,0.0024992472146943686,True,0.0025733069573154834,-7.405974262111479e-05,0,inpredictable_static
1610612754,IND,2016,Forwards,1.1600000000000001,,0.28641975308641976,0.00349292381812707,True,0.006782306311374451,-0.0032893824932473804,0,inpredictable_static
1610612754,IND,2016,Guards,2.06,,0.5086419753086419,0.006202950918398072,True,0.002850262758324304,0.0033526881600737675,0,inpredictable_static
1610612746,LAC,2016,Centers,2.49,,0.14043993231810492,0.001712682101440304,True,0.0025733069573154834,-0.0008606248558751795,3,inpredictable_static
1610612746,LAC,2016,Forwards,1.63,,0.0919345741680767,0.0011211533435131304,True,0.006782306311374451,-0.00566115296786132,3,inpredictable_static
1610612746,LAC,2016,Guards,13.61,,0.7676254935138184,0.009361286506266078,True,0.002850262758324304,0.006511023747941774,3,inpredictable_static
1610612747,LAL,2016,Centers,-0.78,,1.1470588235294117,0.013988522238163556,False,0.0025733069573154834,0.011415215280848073,2,inpredictable_static
1610612747,LAL,2016,Forwards,-1.42,,2.0882352941176467,0.02546628407460545,False,0.006782306311374451,0.018683977763230997,2,inpredictable_static
1610612747,LAL,2016,Guards,1.52,,-2.235294117647059,-0.027259684361549498,False,0.002850262758324304,-0.030109947119873803,2,inpredictable_static
1610612763,MEM,2016,Centers,0.41999999999999993,,0.08677685950413222,0.0010582543841967343,True,0.0025733069573154834,-0.001515052573118749,2,inpredictable_static
1610612763,MEM,2016,Forwards,3.1399999999999997,,0.6487603305785123,0.007911711348518443,True,0.006782306311374451,0.0011294050371439927,2,inpredictable_static
1610612763,MEM,2016,Guards,1.28,,0.2644628099173554,0.003225156218504334,True,0.002850262758324304,0.0003748934601800298,2,inpredictable_static
1610612748,MIA,2016,Centers,3.15,,0.49218749999999994,0.006002286585365853,True,0.0025733069573154834,0.0034289796280503695,0,inpredictable_static
1610612748,MIA,2016,Forwards,1.7,,0.265625,0.0032393292682926828,True,0.006782306311374451,-0.003542977043081768,0,inpredictable_static
1610612748,MIA,2016,Guards,1.55,,0.2421875,0.0029535060975609756,True,0.002850262758324304,0.00010324333923667156,0,inpredictable_static
1610612749,MIL,2016,Centers,0.9,,0.24861878453038672,0.0030319363967120333,True,0.0025733069573154834,0.00045862943939654986,2,inpredictable_static
1610612749,MIL,2016,Forwards,4.220000000000001,,1.1657458563535912,0.014216412882360868,True,0.006782306311374451,0.007434106570986417,2,inpredictable_static
1610612749,MIL,2016,Guards,-1.5000000000000002,,-0.4143646408839779,-0.005053227327853389,True,0.002850262758324304,-0.007903490086177693,2,inpredictable_static
1610612750,MIN,2016,Centers,5.18,,0.8209191759112519,0.01001120946233234,True,0.0025733069573154834,0.007437902505016856,1,inpredictable_static
1610612750,MIN,2016,Forwards,2.9,,0.4595879556259904,0.0056047311661706145,True,0.006782306311374451,-0.001177575145203836,1,inpredictable_static
1610612750,MIN,2016,Guards,-1.7699999999999998,,-0.28050713153724244,-0.0034208186772834446,True,0.002850262758324304,-0.006271081435607749,1,inpredictable_static
1610612740,NOP,2016,Centers,-1.38,,-0.1658653846153846,-0.002022748592870544,True,0.0025733069573154834,-0.004596055550186027,1,inpredictable_static
1610612740,NOP,2016,Forwards,8.6,,1.033653846153846,0.012605534709193244,True,0.006782306311374451,0.005823228397818793,1,inpredictable_static
1610612740,NOP,2016,Guards,1.1,,0.13221153846153846,0.0016123358348968104,True,0.002850262758324304,-0.0012379269234274936,1,inpredictable_static
1610612752,NYK,2016,Centers,0.29999999999999993,,0.0980392156862745,0.0012103606874848702,True,0.0025733069573154834,-0.0013629462698306132,0,inpredictable_static
1610612752,NYK,2016,Forwards,0.98,,0.32026143790849676,0.0039538449124505775,True,0.006782306311374451,-0.002828461398923873,0,inpredictable_static
1610612752,NYK,2016,Guards,1.7799999999999998,,0.5816993464052288,0.007181473412410232,True,0.002850262758324304,0.004331210654085928,0,inpredictable_static
1610612760,OKC,2016,Centers,5.41,,0.4013353115727003,0.00489433306795976,True,0.0025733069573154834,0.0023210261106442766,3,inpredictable_static
1610612760,OKC,2016,Forwards,8.06,,0.5979228486646885,0.007291742056886445,True,0.006782306311374451,0.0005094357455119941,3,inpredictable_static
1610612760,OKC,2016,Guards,0.010000000000000106,,0.0007418397626112838,9.046826373308339e-06,True,0.002850262758324304,-0.0028412159319509958,3,inpredictable_static
1610612753,ORL,2016,Centers,0.72,,0.14906832298136646,0.0018179063778215423,True,0.0025733069573154834,-0.0007554005794939412,1,inpredictable_static
1610612753,ORL,2016,Forwards,3.2,,0.6625258799171843,0.008079583901429077,True,0.006782306311374451,0.0012972775900546261,1,inpredictable_static
1610612753,ORL,2016,Guards,0.9100000000000001,,0.1884057971014493,0.002297631671968894,True,0.002850262758324304,-0.0005526310863554103,1,inpredictable_static
1610612755,PHI,2016,Centers,-1.75,,0.18078512396694216,0.002204696633743197,True,0.0025733069573154834,-0.00036861032357228627,2,inpredictable_static
1610612755,PHI,2016,Forwards,-1.33,,0.13739669421487605,0.0016755694416448299,True,0.006782306311374451,-0.0051067368697296205,2,inpredictable_static
1610612755,PHI,2016,Guards,-6.6,,0.6818181818181818,0.008314855875831485,True,0.002850262758324304,0.005464593117507181,2,inpredictable_static
1610612756,PHX,2016,Centers,-2.0799999999999996,,0.28808864265927975,0.0035132761299912166,True,0.0025733069573154834,0.0009399691726757332,2,inpredictable_static
1610612756,PHX,2016,Forwards,-0.7400000000000002,,0.1024930747922438,0.0012499155462468757,True,0.006782306311374451,-0.005532390765127575,2,inpredictable_static
1610612756,PHX,2016,Guards,-4.4,,0.6094182825484765,0.007431930274981421,True,0.002850262758324304,0.0045816675166571175,2,inpredictable_static
1610612757,POR,2016,Centers,1.44,,0.12880143112701253,0.0015707491600855186,True,0.0025733069573154834,-0.0010025577972299648,3,inpredictable_static
1610612757,POR,2016,Forwards,0.029999999999999805,,0.00268336314847941,3.2723940835114756e-05,True,0.006782306311374451,-0.006749582370539336,3,inpredictable_static
1610612757,POR,2016,Guards,9.709999999999999,,0.868515205724508,0.010591648850298879,True,0.002850262758324304,0.007741386091974575,3,inpredictable_static
1610612758,SAC,2016,Centers,1.88,,2.1860465116279073,0.026659103800340332,False,0.0025733069573154834,0.024085796843024847,1,inpredictable_static
1610612758,SAC,2016,Forwards,1.1099999999999999,,1.290697674418605,0.015740215541690306,False,0.006782306311374451,0.008957909230315855,1,inpredictable_static
1610612758,SAC,2016,Guards,-2.13,,-2.476744186046512,-0.03020419739081112,False,0.002850262758324304,-0.03305446014913543,1,inpredictable_static
1610612759,SAS,2016,Centers,4.3100000000000005,,0.26105390672319806,0.0031835842283316836,True,0.0025733069573154834,0.0006102772710162001,0,inpredictable_static
1610612759,SAS,2016,Forwards,8.77,,0.5311932162325862,0.006477966051616905,True,0.006782306311374451,-0.0003043402597575455,0,inpredictable_static
1610612759,SAS,2016,Guards,3.4299999999999997,,0.20775287704421558,0.0025335716712709217,True,0.002850262758324304,-0.0003166910870533823,0,inpredictable_static
1610612761,TOR,2016,Centers,2.65,,0.1786918408631153,0.002179168791013601,True,0.0025733069573154834,-0.00039413816630188246,0,inpredictable_static
1610612761,TOR,2016,Forwards,0.59,,0.03978422117329737,0.00048517342894265086,True,0.006782306311374451,-0.0062971328824318,0,inpredictable_static
1610612761,TOR,2016,Guards,11.59,,0.7815239379635873,0.00953077973126326,True,0.002850262758324304,0.006680516972938956,0,inpredictable_static
1610612762,UTA,2016,Centers,-0.8200000000000001,,-0.21750663129973474,-0.002652519893899204,True,0.0025733069573154834,-0.0052258268512146875,0,inpredictable_static
1610612762,UTA,2016,Forwards,3.5000000000000004,,0.9283819628647215,0.011321731254447824,True,0.006782306311374451,0.004539424943073373,0,inpredictable_static
1610612762,UTA,2016,Guards,1.09,,0.2891246684350132,0.003525910590670893,True,0.002850262758324304,0.0006756478323465889,0,inpredictable_static
1610612764,WAS,2016,Centers,0.45,,0.07246376811594202,0.0008837044892188051,True,0.0025733069573154834,-0.0016896024680966783,0,inpredictable_static
1610612764,WAS,2016,Forwards,4.24,,0.682769726247987,0.008326460076194964,True,0.006782306311374451,0.0015441537648205137,0,inpredictable_static
1610612764,WAS,2016,Guards,1.52,,0.24476650563607083,0.002984957385805742,True,0.002850262758324304,0.00013469462748143778,0,inpredictable_static
1610612737,ATL,2017,Centers,1.5,,0.22624434389140272,0.0027590773645293012,True,0.0023113119085188196,0.0004477654560104817,1,inpredictable_static
1610612737,ATL,2017,Forwards,3.4299999999999997,,0.5173453996983408,0.006309090240223668,True,0.0054312419517411415,0.0008778482884825266,1,inpredictable_static
1610612737,ATL,2017,Guards,1.6999999999999997,,0.2564102564102564,0.003126954346466541,True,0.004462605228367963,-0.001335650881901422,1,inpredictable_static
1610612751,BKN,2017,Centers,2.29,,1.237837837837838,0.015095583388266318,True,0.0023113119085188196,0.012784271479747499,2,inpredictable_static
1610612751,BKN,2017,Forwards,-0.5600000000000002,,-0.30270270270270283,-0.0036914963744232054,True,0.0054312419517411415,-0.009122738326164347,2,inpredictable_static
1610612751,BKN,2017,Guards,0.11999999999999993,,0.06486486486486484,0.0007910349373764005,True,0.004462605228367963,-0.0036715702909915627,2,inpredictable_static
1610612738,BOS,2017,Centers,3.5600000000000005,,0.1459016393442623,0.0017792882846861258,True,0.0023113119085188196,-0.0005320236238326938,0,inpredictable_static
1610612738,BOS,2017,Forwards,6.87,,0.2815573770491803,0.003433626549380248,True,0.0054312419517411415,-0.0019976154023608936,0,inpredictable_static
1610612738,BOS,2017,Guards,13.969999999999999,,0.5725409836065573,0.006982207117153137,True,0.004462605228367963,0.0025196018887851737,0,inpredictable_static
1610612766,CHA,2017,Centers,0.07,,0.004132231404958679,5.039306591413023e-05,True,0.0023113119085188196,-0.0022609188426046894,0,inpredictable_static
1610612766,CHA,2017,Forwards,7.4399999999999995,,0.43919716646989376,0.005356063005730412,True,0.0054312419517411415,-7.517894601072935e-05,0,inpredictable_static
1610612766,CHA,2017,Guards,9.43,,0.5566706021251476,0.006788665879574971,True,0.004462605228367963,0.002326060651207008,0,inpredictable_static
1610612741,CHI,2017,Centers,-0.19000000000000006,,-0.024390243902439036,-0.00030111412225233375,True,0.0023113119085188196,-0.002612426030771153,0,inpredictable_static
1610612741,CHI,2017,Forwards,12.44,,1.596919127086008,0.01971505095167911,True,0.0054312419517411415,0.014283808999937968,0,inpredictable_static
1610612741,CHI,2017,Guards,-4.460000000000001,,-0.5725288831835689,-0.007068257817081097,True,0.004462605228367963,-0.01153086304544906,0,inpredictable_static
1610612739,CLE,2017,Centers,0.8400000000000001,,0.03690685413005273,0.00045008358695186254,True,0.0023113119085188196,-0.001861228321566957,3,inpredictable_static
1610612739,CLE,2017,Forwards,14.1,,0.6195079086115993,0.0075549744952634066,True,0.0054312419517411415,0.002123732543522265,3,inpredictable_static
1610612739,CLE,2017,Guards,7.82,,0.343585237258348,0.0041900638690042435,True,0.004462605228367963,-0.0002725413593637196,3,inpredictable_static
1610612742,DAL,2017,Centers,-0.46,,-0.04129263913824057,-0.0005035687699785435,True,0.0023113119085188196,-0.002814880678497363,2,inpredictable_static
1610612742,DAL,2017,Forwards,6.02,,0.5403949730700179,0.006590182598414853,True,0.0054312419517411415,0.0011589406466737118,2,inpredictable_static
1610612742,DAL,2017,Guards,5.58,,0.5008976660682226,0.006108508122783202,True,0.004462605228367963,0.0016459028944152392,2,inpredictable_static
1610612743,DEN,2017,Centers,1.3399999999999999,,0.10534591194968551,0.0012847062432888477,True,0.0023113119085188196,-0.001026605665229972,1,inpredictable_static
1610612743,DEN,2017,Forwards,8.120000000000001,,0.6383647798742139,0.007784936339929438,True,0.0054312419517411415,0.0023536943881882965,1,inpredictable_static
1610612743,DEN,2017,Guards,3.26,,0.25628930817610057,0.0031254793680012263,True,0.004462605228367963,-0.0013371258603667368,1,inpredictable_static
1610612765,DET,2017,Centers,0.48,,0.06936416184971098,0.0008459044128013534,True,0.0023113119085188196,-0.0014654074957174662,0,inpredictable_static
1610612765,DET,2017,Forwards,5.36,,0.7745664739884394,0.009445932609615114,True,0.0054312419517411415,0.004014690657873973,0,inpredictable_static
1610612765,DET,2017,Guards,1.0799999999999998,,0.1560693641618497,0.001903284928803045,True,0.004462605228367963,-0.0025593202995649184,0,inpredictable_static
1610612744,GSW,2017,Centers,1.69,,0.07930549038010325,0.0009790801281494227,True,0.0023113119085188196,-0.0013322317803693968,3,inpredictable_static
1610612744,GSW,2017,Forwards,4.87,,0.2285312060065697,0.0028213729136613544,True,0.0054312419517411415,-0.002609869038079787,3,inpredictable_static
1610612744,GSW,2017,Guards,14.75,,0.6921633036133271,0.008545225970534902,True,0.004462605228367963,0.004082620742166939,3,inpredictable_static
1610612745,HOU,2017,Centers,4.290000000000001,,0.19526627218934917,0.002381296002309136,True,0.0023113119085188196,6.998409379031659e-05,3,inpredictable_static
1610612745,HOU,2017,Forwards,8.83,,0.40191169776968594,0.0049013621679229995,True,0.0054312419517411415,-0.0005298797838181419,3,inpredictable_static
1610612745,HOU,2017,Guards,8.85,,0.40282203004096495,0.004912463780987378,True,0.004462605228367963,0.00044985855261941467,3,inpredictable_static
1610612754,IND,2017,Centers,5.2,,0.3057025279247501,0.003728079608838416,True,0.0023113119085188196,0.0014167677003195964,0,inpredictable_static
1610612754,IND,2017,Forwards,8.24,,0.4844209288653733,0.00590757230323626,True,0.0054312419517411415,0.00047633035149511824,0,inpredictable_static
1610612754,IND,2017,Guards,3.57,,0.2098765432098765,0.0025594700391448353,True,0.004462605228367963,-0.0019031351892231279,0,inpredictable_static
1610612746,LAC,2017,Centers,3.62,,0.23506493506493506,0.0028666455495723786,True,0.0023113119085188196,0.0005553336410535591,3,inpredictable_static
1610612746,LAC,2017,Forwards,4.83,,0.31363636363636366,0.0038248337028824837,True,0.0054312419517411415,-0.0016064082488586578,3,inpredictable_static
1610612746,LAC,2017,Guards,6.95,,0.4512987012987013,0.00550364269876465,True,0.004462605228367963,0.0010410374703966867,3,inpredictable_static
1610612747,LAL,2017,Centers,-0.12,,-0.039735099337748346,-0.00048457438216766274,True,0.0023113119085188196,-0.0027958862906864823,2,inpredictable_static
1610612747,LAL,2017,Forwards,-1.85,,-0.6125827814569537,-0.007470521725084801,True,0.0054312419517411415,-0.012901763676825943,2,inpredictable_static
1610612747,LAL,2017,Guards,4.99,,1.652317880794702,0.020150218058471978,True,0.004462605228367963,0.015687612830104017,2,inpredictable_static
1610612763,MEM,2017,Centers,3.58,,0.3145869947275923,0.0038364267649706376,True,0.0023113119085188196,0.001525114856451818,0,inpredictable_static
1610612763,MEM,2017,Forwards,1.1,,0.09666080843585237,0.0011787903467786875,True,0.0054312419517411415,-0.004252451604962454,0,inpredictable_static
1610612763,MEM,2017,Guards,6.7,,0.5887521968365553,0.007179904839470187,True,0.004462605228367963,0.002717299611102224,0,inpredictable_static
1610612748,MIA,2017,Centers,2.54,,0.30238095238095236,0.0036875725900116143,True,0.0023113119085188196,0.0013762606814927947,0,inpredictable_static
1610612748,MIA,2017,Forwards,0.2100000000000002,,0.025000000000000022,0.0003048780487804881,True,0.0054312419517411415,-0.005126363902960653,0,inpredictable_static
1610612748,MIA,2017,Guards,5.65,,0.6726190476190477,0.00820267131242741,True,0.004462605228367963,0.003740066084059447,0,inpredictable_static
1610612749,MIL,2017,Centers,-0.41000000000000003,,-0.03528399311531842,-0.00043029259896729783,True,0.0023113119085188196,-0.0027416045074861173,0,inpredictable_static
1610612749,MIL,2017,Forwards,9.600000000000001,,0.8261617900172119,0.010075143780697706,True,0.0054312419517411415,0.004643901828956565,0,inpredictable_static
1610612749,MIL,2017,Guards,2.43,,0.20912220309810675,0.002550270769489107,True,0.004462605228367963,-0.0019123344588788563,0,inpredictable_static
1610612750,MIN,2017,Centers,6.72,,0.8096385542168674,0.009873640905083749,True,0.0023113119085188196,0.00756232899656493,0,inpredictable_static
1610612750,MIN,2017,Forwards,1.57,,0.18915662650602408,0.0023067881281222447,True,0.0054312419517411415,-0.0031244538236188967,0,inpredictable_static
1610612750,MIN,2017,Guards,0.009999999999999787,,0.001204819277108408,1.469291801351717e-05,True,0.004462605228367963,-0.004447912310354446,0,inpredictable_static
1610612740,NOP,2017,Centers,-0.26999999999999996,,-0.045,-0.000548780487804878,True,0.0023113119085188196,-0.0028600923963236977,1,inpredictable_static
1610612740,NOP,2017,Forwards,5.55,,0.9250000000000002,0.01128048780487805,True,0.0054312419517411415,0.005849245853136909,1,inpredictable_static
1610612740,NOP,2017,Guards,0.7199999999999996,,0.11999999999999995,0.0014634146341463408,True,0.004462605228367963,-0.002999190594221622,1,inpredictable_static
1610612752,NYK,2017,Centers,-0.9799999999999999,,-0.11878787878787878,-0.001448632668144863,True,0.0023113119085188196,-0.0037599445766636824,1,inpredictable_static
1610612752,NYK,2017,Forwards,8.620000000000001,,1.044848484848485,0.012742054693274206,True,0.0054312419517411415,0.007310812741533065,1,inpredictable_static
1610612752,NYK,2017,Guards,0.6100000000000001,,0.07393939393939396,0.0009016999260901702,True,0.004462605228367963,-0.0035609053022777927,1,inpredictable_static
1610612760,OKC,2017,Centers,3.4699999999999998,,0.5095447870778267,0.006213960818022277,True,0.0023113119085188196,0.0039026489095034572,1,inpredictable_static
1610612760,OKC,2017,Forwards,0.5199999999999999,,0.07635829662261379,0.0009311987393001681,True,0.0054312419517411415,-0.004500043212440973,1,inpredictable_static
1610612760,OKC,2017,Guards,2.8200000000000003,,0.41409691629955947,0.005049962393897067,True,0.004462605228367963,0.0005873571655291036,1,inpredictable_static
1610612753,ORL,2017,Centers,-2.4000000000000004,,-0.45801526717557256,-0.005585552038726495,True,0.0023113119085188196,-0.007896863947245314,2,inpredictable_static
1610612753,ORL,2017,Forwards,3.6500000000000004,,0.6965648854961832,0.00849469372556321,True,0.0054312419517411415,0.003063451773822068,2,inpredictable_static
1610612753,ORL,2017,Guards,3.99,,0.7614503816793893,0.009285980264382796,True,0.004462605228367963,0.004823375036014833,2,inpredictable_static
1610612755,PHI,2017,Centers,1.37,,0.524904214559387,0.0064012709092608165,True,0.0023113119085188196,0.004089959000741997,2,inpredictable_static
1610612755,PHI,2017,Forwards,3.08,,1.1800766283524904,0.014391178394542566,True,0.0054312419517411415,0.008959936442801426,2,inpredictable_static
1610612755,PHI,2017,Guards,-1.84,,-0.7049808429118773,-0.00859732735258387,True,0.004462605228367963,-0.013059932580951833,2,inpredictable_static
1610612756,PHX,2017,Centers,1.1,,0.15320334261838442,0.0018683334465656636,True,0.0023113119085188196,-0.00044297846195315597,1,inpredictable_static
1610612756,PHX,2017,Forwards,1.9599999999999997,,0.27298050139275765,0.0033290305047897276,True,0.0054312419517411415,-0.002102211446951414,1,inpredictable_static
1610612756,PHX,2017,Guards,4.12,,0.5738161559888579,0.0069977579998641215,True,0.004462605228367963,0.0025351527714961583,1,inpredictable_static
1610612757,POR,2017,Centers,0.19000000000000003,,0.010331702011963024,0.00012599636599954907,True,0.0023113119085188196,-0.0021853155425192706,1,inpredictable_static
1610612757,POR,2017,Forwards,1.7200000000000002,,0.09352909189777053,0.0011405986816801284,True,0.0054312419517411415,-0.004290643270061013,1,inpredictable_static
1610612757,POR,2017,Guards,16.48,,0.8961392060902664,0.010928526903539834,True,0.004462605228367963,0.006465921675171871,1,inpredictable_static
1610612758,SAC,2017,Centers,4.59,,0.431390977443609,0.0052608655785805975,True,0.0023113119085188196,0.002949553670061778,2,inpredictable_static
1610612758,SAC,2017,Forwards,2.59,,0.24342105263157893,0.0029685494223363283,True,0.0054312419517411415,-0.0024626925294048132,2,inpredictable_static
1610612758,SAC,2017,Guards,3.46,,0.325187969924812,0.003965706950302586,True,0.004462605228367963,-0.0004968982780653771,2,inpredictable_static
1610612759,SAS,2017,Centers,3.55,,0.19645821804095184,0.002395831927328681,True,0.0023113119085188196,8.452001880986148e-05,0,inpredictable_static
1610612759,SAS,2017,Forwards,11.71,,0.6480354178195905,0.007902870949019397,True,0.0054312419517411415,0.0024716289972782557,0,inpredictable_static
1610612759,SAS,2017,Guards,2.81,,0.15550636413945768,0.001896419074871435,True,0.004462605228367963,-0.002566186153496528,0,inpredictable_static
1610612761,TOR,2017,Centers,3.35,,0.17585301837270342,0.0021445490045451637,True,0.0023113119085188196,-0.0001667629039736559,0,inpredictable_static
1610612761,TOR,2017,Forwards,2.8400000000000003,,0.14908136482939632,0.0018180654247487358,True,0.0054312419517411415,-0.0036131765269924055,0,inpredictable_static
1610612761,TOR,2017,Guards,12.86,,0.6750656167979002,0.008232507521925612,True,0.004462605228367963,0.003769902293557649,0,inpredictable_static
1610612762,UTA,2017,Centers,5.62,,0.3577339274347549,0.0043626088711555475,True,0.0023113119085188196,0.002051296962636728,0,inpredictable_static
1610612762,UTA,2017,Forwards,4.779999999999999,,0.3042647994907702,0.0037105463352532946,True,0.0054312419517411415,-0.0017206956164878468,0,inpredictable_static
1610612762,UTA,2017,Guards,5.31,,0.3380012730744748,0.004121966744810668,True,0.004462605228367963,-0.0003406384835572948,0,inpredictable_static
1610612764,WAS,2017,Centers,0.37,,0.020555555555555556,0.00025067750677506775,True,0.0023113119085188196,-0.002060634401743752,1,inpredictable_static
1610612764,WAS,2017,Forwards,11.63,,0.6461111111111112,0.007879403794037941,True,0.0054312419517411415,0.0024481618422968,1,inpredictable_static
1610612764,WAS,2017,Guards,6.0,,0.3333333333333333,0.004065040650406504,True,0.004462605228367963,-0.0003975645779614595,1,inpredictable_static
1610612737,ATL,2018,Centers,1.03,,0.14486638537271448,0.0017666632362526157,True,0.0016931306416527302,7.353259459988546e-05,2,inpredictable_static
1610612737,ATL,2018,Forwards,4.2,,0.5907172995780591,0.007203869507049501,True,0.006176439819687237,0.0010274296873622642,2,inpredictable_static
1610612737,ATL,2018,Guards,1.8800000000000003,,0.26441631504922647,0.003224589207917396,True,0.004356701226664269,-0.0011321120187468732,2,inpredictable_static
1610612751,BKN,2018,Centers,2.0,,0.1557632398753894,0.0018995517057974318,True,0.0016931306416527302,0.00020642106414470152,1,inpredictable_static
1610612751,BKN,2018,Forwards,3.93,,0.3060747663551402,0.0037326191018919536,True,0.006176439819687237,-0.0024438207177952835,1,inpredictable_static
1610612751,BKN,2018,Guards,6.91,,0.5381619937694704,0.006562951143530126,True,0.004356701226664269,0.002206249916865857,1,inpredictable_static
1610612738,BOS,2018,Centers,2.03,,0.11328125,0.0013814786585365853,True,0.0016931306416527302,-0.00031165198311614494,0,inpredictable_static
1610612738,BOS,2018,Forwards,7.5600000000000005,,0.42187500000000006,0.005144817073170733,True,0.006176439819687237,-0.0010316227465165043,0,inpredictable_static
1610612738,BOS,2018,Guards,8.33,,0.46484375000000006,0.005668826219512196,True,0.004356701226664269,0.0013121249928479267,0,inpredictable_static
1610612766,CHA,2018,Centers,5.551115123125783e-17,,6.154229626525258e-18,7.505158081128363e-20,True,0.0016931306416527302,-0.0016931306416527302,3,inpredictable_static
1610612766,CHA,2018,Forwards,4.77,,0.5288248337028825,0.00644908333784003,True,0.006176439819687237,0.00027264351815279274,3,inpredictable_static
1610612766,CHA,2018,Guards,4.25,,0.47117516629711753,0.005746038613379482,True,0.004356701226664269,0.0013893373867152128,3,inpredictable_static
1610612741,CHI,2018,Centers,-0.96,,-0.15070643642072212,-0.0018378833709844162,True,0.0016931306416527302,-0.0035310140126371464,2,inpredictable_static
1610612741,CHI,2018,Forwards,7.72,,1.2119309262166404,0.014779645441666347,True,0.006176439819687237,0.00860320562197911,2,inpredictable_static
1610612741,CHI,2018,Guards,-0.38999999999999996,,-0.06122448979591836,-0.000746640119462419,True,0.004356701226664269,-0.005103341346126688,2,inpredictable_static
1610612739,CLE,2018,Centers,1.02,,0.03935185185185185,0.0004799006323396567,True,0.0016931306416527302,-0.0012132300093130736,0,inpredictable_static
1610612739,CLE,2018,Forwards,17.740000000000002,,0.6844135802469136,0.008346507076181873,True,0.006176439819687237,0.0021700672564946358,0,inpredictable_static
1610612739,CLE,2018,Guards,7.16,,0.2762345679012346,0.0033687142426979825,True,0.004356701226664269,-0.0009879869839662866,0,inpredictable_static
1610612742,DAL,2018,Centers,0.09999999999999998,,0.009727626459143967,0.00011862959096517033,True,0.0016931306416527302,-0.00157450105068756,2,inpredictable_static
1610612742,DAL,2018,Forwards,12.49,,1.2149805447470818,0.014816835911549779,True,0.006176439819687237,0.008640396091862542,2,inpredictable_static
1610612742,DAL,2018,Guards,-2.3099999999999996,,-0.22470817120622566,-0.0027403435512954348,True,0.004356701226664269,-0.007097044777959704,2,inpredictable_static
1610612743,DEN,2018,Centers,2.4,,0.14176018901358534,0.0017287827928486018,True,0.0016931306416527302,3.565215119587153e-05,3,inpredictable_static
1610612743,DEN,2018,Forwards,4.72,,0.27879503839338454,0.0033999394926022505,True,0.006176439819687237,-0.0027765003270849866,3,inpredictable_static
1610612743,DEN,2018,Guards,9.81,,0.5794447725930302,0.007066399665768661,True,0.004356701226664269,0.0027096984391043917,3,inpredictable_static
1610612765,DET,2018,Centers,0.09000000000000001,,0.007738607050730869,9.437325671623011e-05,True,0.0016931306416527302,-0.0015987573849365001,0,inpredictable_static
1610612765,DET,2018,Forwards,8.270000000000001,,0.711092003439381,0.008671853700480256,True,0.006176439819687237,0.0024954138807930185,0,inpredictable_static
1610612765,DET,2018,Guards,3.2700000000000005,,0.28116938950988823,0.003428894994023027,True,0.004356701226664269,-0.000927806232641242,0,inpredictable_static
1610612744,GSW,2018,Centers,1.61,,0.07903780068728522,0.000975775317126978,True,0.0016931306416527302,-0.0007173553245257522,3,inpredictable_static
1610612744,GSW,2018,Forwards,7.529999999999999,,0.369661266568483,0.004563719340351643,True,0.006176439819687237,-0.0016127204793355944,3,inpredictable_static
1610612744,GSW,2018,Guards,11.23,,0.5513009327442318,0.006806184354867058,True,0.004356701226664269,0.0024494831282027892,3,inpredictable_static
1610612745,HOU,2018,Centers,4.34,,0.1516952114645229,0.0018499416032258889,True,0.0016931306416527302,0.00015681096157315862,3,inpredictable_static
1610612745,HOU,2018,Forwards,5.76,,0.20132820692065712,0.0024552220356177695,True,0.006176439819687237,-0.0037212177840694675,3,inpredictable_static
1610612745,HOU,2018,Guards,18.51,,0.6469765816148201,0.007889958312375855,True,0.004356701226664269,0.003533257085711586,3,inpredictable_static
1610612754,IND,2018,Centers,1.0,,0.07733952049497293,0.0009431648840850358,True,0.0016931306416527302,-0.0007499657575676945,0,inpredictable_static
1610612754,IND,2018,Forwards,6.32,,0.48878576952822894,0.005960802067417426,True,0.006176439819687237,-0.00021563775226981097,0,inpredictable_static
1610612754,IND,2018,Guards,5.61,,0.43387470997679817,0.005291154999717051,True,0.004356701226664269,0.0009344537730527815,0,inpredictable_static
1610612746,LAC,2018,Centers,2.18,,0.14972527472527475,0.0018259179844545702,True,0.0016931306416527302,0.00013278734280183996,1,inpredictable_static
1610612746,LAC,2018,Forwards,7.3100000000000005,,0.5020604395604397,0.006122688287322435,True,0.006176439819687237,-5.375153236480187e-05,1,inpredictable_static
1610612746,LAC,2018,Guards,5.069999999999999,,0.3482142857142857,0.0042465156794425085,True,0.004356701226664269,-0.00011018554722176058,1,inpredictable_static
1610612747,LAL,2018,Centers,2.2199999999999998,,0.22089552238805965,0.0026938478340007275,True,0.0016931306416527302,0.0010007171923479973,1,inpredictable_static
1610612747,LAL,2018,Forwards,6.99,,0.6955223880597015,0.008481980342191482,True,0.006176439819687237,0.0023055405225042448,1,inpredictable_static
1610612747,LAL,2018,Guards,0.8400000000000003,,0.08358208955223884,0.0010192937750273029,True,0.004356701226664269,-0.0033374074516369662,1,inpredictable_static
1610612763,MEM,2018,Centers,-2.03,,3.8301886792452855,0.046709618039576656,False,0.0016931306416527302,0.045016487397923924,2,inpredictable_static
1610612763,MEM,2018,Forwards,1.1300000000000001,,-2.132075471698115,-0.02600092038656238,False,0.006176439819687237,-0.03217736020624962,2,inpredictable_static
1610612763,MEM,2018,Guards,0.3699999999999999,,-0.6981132075471701,-0.008513575701794757,False,0.004356701226664269,-0.012870276928459025,2,inpredictable_static
1610612748,MIA,2018,Centers,1.46,,0.10641399416909622,0.0012977316362084905,True,0.0016931306416527302,-0.00039539900544423973,1,inpredictable_static
1610612748,MIA,2018,Forwards,2.9999999999999996,,0.21865889212827988,0.0026665718552229254,True,0.006176439819687237,-0.0035098679644643116,1,inpredictable_static
1610612748,MIA,2018,Guards,9.26,,0.6749271137026239,0.008230818459788097,True,0.004356701226664269,0.0038741172331238282,1,inpredictable_static
1610612749,MIL,2018,Centers,0.6900000000000001,,0.0482855143456963,0.000596117461057979,True,0.0016931306416527302,-0.0010970131805947514,0,inpredictable_static
1610612749,MIL,2018,Forwards,8.72,,0.6102169349195242,0.007533542406413879,True,0.006176439819687237,0.0013571025867266419,0,inpredictable_static
1610612749,MIL,2018,Guards,4.88,,0.34149755073477955,0.004216019144873822,True,0.004356701226664269,-0.0001406820817904473,0,inpredictable_static
1610612750,MIN,2018,Centers,7.949999999999999,,0.35972850678733026,0.004441092676386794,True,0.0016931306416527302,0.0027479620347340633,1,inpredictable_static
1610612750,MIN,2018,Forwards,10.49,,0.4746606334841629,0.005860007820792134,True,0.006176439819687237,-0.00031643199889510275,1,inpredictable_static
1610612750,MIN,2018,Guards,3.66,,0.16561085972850678,0.0020445785151667504,True,0.004356701226664269,-0.0023121227114975187,1,inpredictable_static
1610612740,NOP,2018,Centers,0.7,,0.03472222222222222,0.00042866941015089156,True,0.0016931306416527302,-0.0012644612315018387,1,inpredictable_static
1610612740,NOP,2018,Forwards,15.13,,0.7504960317460317,0.0092653831079757,True,0.006176439819687237,0.003088943288288463,1,inpredictable_static
1610612740,NOP,2018,Guards,4.33,,0.21478174603174605,0.002651626494219087,True,0.004356701226664269,-0.0017050747324451822,1,inpredictable_static
1610612752,NYK,2018,Centers,4.11,,0.7223198594024605,0.008808778773200738,True,0.0016931306416527302,0.007115648131548007,2,inpredictable_static
1610612752,NYK,2018,Forwards,1.6800000000000002,,0.2952548330404218,0.0036006686956149003,True,0.006176439819687237,-0.0025757711240723367,2,inpredictable_static
1610612752,NYK,2018,Guards,-0.09999999999999998,,-0.017574692442882244,-0.00021432551759612494,True,0.004356701226664269,-0.004571026744260394,2,inpredictable_static
1610612760,OKC,2018,Centers,2.5,,0.1939487975174554,0.002394429598980931,True,0.0016931306416527302,0.0007012989573282006,1,inpredictable_static
1610612760,OKC,2018,Forwards,8.88,,0.6889061287820016,0.008505013935580267,True,0.006176439819687237,0.0023285741158930295,1,inpredictable_static
1610612760,OKC,2018,Guards,1.5100000000000002,,0.11714507370054307,0.0014462354777844823,True,0.004356701226664269,-0.002910465748879787,1,inpredictable_static
1610612753,ORL,2018,Centers,-0.53,,-0.23873873873873874,-0.002911448033399253,True,0.0016931306416527302,-0.004604578675051983,2,inpredictable_static
1610612753,ORL,2018,Forwards,1.0699999999999998,,0.4819819819819819,0.005877829048560755,True,0.006176439819687237,-0.0002986107711264825,2,inpredictable_static
1610612753,ORL,2018,Guards,1.68,,0.7567567567567567,0.009228740936058008,True,0.004356701226664269,0.004872039709393739,2,inpredictable_static
1610612755,PHI,2018,Centers,1.0600000000000003,,0.07922272047832588,0.0009661307375405595,True,0.0016931306416527302,-0.0007269999041121707,3,inpredictable_static
1610612755,PHI,2018,Forwards,7.430000000000001,,0.5553064275037369,0.006772029603704109,True,0.006176439819687237,0.0005955897840168719,3,inpredictable_static
1610612755,PHI,2018,Guards,4.89,,0.36547085201793716,0.004456961609974844,True,0.004356701226664269,0.0001002603833105747,3,inpredictable_static
1610612756,PHX,2018,Centers,2.09,,0.526448362720403,0.006420101984395158,True,0.0016931306416527302,0.004726971342742428,2,inpredictable_static
1610612756,PHX,2018,Forwards,0.5200000000000004,,0.13098236775818647,0.0015973459482705667,True,0.006176439819687237,-0.004579093871416671,2,inpredictable_static
1610612756,PHX,2018,Guards,1.3599999999999999,,0.34256926952141054,0.004177674018553787,True,0.004356701226664269,-0.00017902720811048198,2,inpredictable_static
1610612757,POR,2018,Centers,-0.040000000000000036,,-0.003134796238244517,-3.822922241761606e-05,True,0.0016931306416527302,-0.0017313598640703463,0,inpredictable_static
1610612757,POR,2018,Forwards,1.7999999999999998,,0.14106583072100312,0.001720315008792721,True,0.006176439819687237,-0.004456124810894516,0,inpredictable_static
1610612757,POR,2018,Guards,11.0,,0.8620689655172414,0.010513036164844407,True,0.004356701226664269,0.006156334938180138,0,inpredictable_static
1610612758,SAC,2018,Centers,0.8799999999999999,,0.21256038647342995,0.0025921998350418285,True,0.0016931306416527302,0.0008990691933890983,2,inpredictable_static
1610612758,SAC,2018,Forwards,0.8099999999999998,,0.19565217391304346,0.002386002120890774,True,0.006176439819687237,-0.003790437698796463,2,inpredictable_static
1610612758,SAC,2018,Guards,2.4499999999999997,,0.5917874396135265,0.007216919995286909,True,0.004356701226664269,0.00286021876862264,2,inpredictable_static
1610612759,SAS,2018,Centers,4.74,,0.38133547868061146,0.004650432666836725,True,0.0016931306416527302,0.002957302025183995,0,inpredictable_static
1610612759,SAS,2018,Forwards,4.95,,0.39823008849557523,0.004856464493848478,True,0.006176439819687237,-0.001319975325838759,0,inpredictable_static
1610612759,SAS,2018,Guards,2.7399999999999998,,0.22043443282381334,0.002688224790534309,True,0.004356701226664269,-0.0016684764361299602,0,inpredictable_static
1610612761,TOR,2018,Centers,5.58,,0.2535211267605634,0.003091721058055651,True,0.0016931306416527302,0.0013985904164029207,3,inpredictable_static
1610612761,TOR,2018,Forwards,3.9,,0.17719218537028622,0.0021608803093937346,True,0.006176439819687237,-0.004015559510293502,3,inpredictable_static
1610612761,TOR,2018,Guards,12.53,,0.5692866878691503,0.006942520583770125,True,0.004356701226664269,0.002585819357105856,3,inpredictable_static
1610612762,UTA,2018,Centers,2.75,,0.21170130869899922,0.0026135964036913483,True,0.0016931306416527302,0.0009204657620386181,0,inpredictable_static
1610612762,UTA,2018,Forwards,7.79,,0.5996920708237106,0.007403605812638402,True,0.006176439819687237,0.0012271659929511645,0,inpredictable_static
1610612762,UTA,2018,Guards,2.45,,0.18860662047729024,0.002328476796015929,True,0.004356701226664269,-0.0020282244306483403,0,inpredictable_static
1610612764,WAS,2018,Centers,-0.2,,-0.013995801259622112,-0.00017068050316612334,True,0.0016931306416527302,-0.0018638111448188535,0,inpredictable_static
1610612764,WAS,2018,Forwards,10.290000000000001,,0.7200839748075577,0.008781511887897045,True,0.006176439819687237,0.0026050720682098075,0,inpredictable_static
1610612764,WAS,2018,Guards,4.2,,0.2939118264520644,0.00358429056648859,True,0.004356701226664269,-0.0007724106601756792,0,inpredictable_static
1610612737,ATL,2019,Centers,-11.4928,3511.7833333333333,1.3036889151050413,0.01589864530615904,True,-0.004096990372331052,0.01999563567849009,1,espn_native
1610612737,ATL,2019,Forwards,-5.471299999999999,8462.866666666667,0.6206384137211307,0.007568761142940619,True,0.003206629778064639,0.00436213136487598,1,espn_native
1610612737,ATL,2019,Guards,8.1485,7880.516666666666,-0.9243273288261719,-0.011272284497880144,True,0.013085482545485926,-0.02435776704336607,1,espn_native
1610612751,BKN,2019,Centers,-18.273699999999998,3685.25,18.295654785742872,0.22311774128954723,False,-0.004096990372331052,0.22721473166187828,1,espn_native
1610612751,BKN,2019,Forwards,-3.3386,8710.433333333334,3.3426111333600286,0.040763550406829614,False,0.003206629778064639,0.03755692062876498,1,espn_native
1610612751,BKN,2019,Guards,20.6135,7584.433333333333,-20.6382659191029,-0.2516861697451573,False,0.013085482545485926,-0.2647716522906432,1,espn_native
1610612738,BOS,2019,Centers,-9.5449981401,3988.75,-1.0622556357425095,-0.012954337021250116,True,-0.004096990372331052,-0.008857346648919063,0,espn_native
1610612738,BOS,2019,Forwards,2.2864923972,7329.583333333333,0.2544620123920374,0.003103195273073627,True,0.003206629778064639,-0.00010343450499101202,0,espn_native
1610612738,BOS,2019,Guards,16.2441,8461.916666666666,1.807793623350472,0.022046263699396,True,0.013085482545485926,0.008960781153910073,0,espn_native
1610612766,CHA,2019,Centers,-13.386399999999998,3591.9833333333336,-5.981144720968674,-0.07294078928010578,True,-0.004096990372331052,-0.06884379890777473,0,espn_native
1610612766,CHA,2019,Forwards,-7.379099999999999,8121.566666666667,-3.297037665877304,-0.04020777641313785,True,0.003206629778064639,-0.04341440619120249,0,espn_native
1610612766,CHA,2019,Guards,23.0036,8116.716666666667,10.278182386845979,0.12534368764446316,True,0.013085482545485926,0.11225820509897723,0,espn_native
1610612741,CHI,2019,Centers,-13.4831,5144.1,0.6873662099903014,0.008382514755979285,True,-0.004096990372331052,0.012479505128310336,2,espn_native
1610612741,CHI,2019,Forwards,-5.58599908537,7105.416666666666,0.2847733103158819,0.003472845247754657,True,0.003206629778064639,0.000266215469690018,2,espn_native
1610612741,CHI,2019,Guards,-0.5464999999999995,7655.733333333333,0.02786047969381666,0.000339761947485569,True,0.013085482545485926,-0.012745720598000358,2,espn_native
1610612739,CLE,2019,Centers,-11.8841,3015.8500000000004,0.6797828648568258,0.008290034937278364,True,-0.004096990372331052,0.012387025309609417,2,espn_native
1610612739,CLE,2019,Forwards,-6.3706,8888.7,0.3644049375936667,0.004443962653581301,True,0.003206629778064639,0.001237332875516662,2,espn_native
1610612739,CLE,2019,Guards,0.7725000000000002,7850.616666666667,-0.04418780245049252,-0.0005388756396401527,True,0.013085482545485926,-0.013624358185126079,2,espn_native
1610612742,DAL,2019,Centers,-14.5965,4421.483333333333,2.39098741973529,0.02915838316750354,True,-0.004096990372331052,0.03325537353983459,0,espn_native
1610612742,DAL,2019,Forwards,5.1804,8374.066666666666,-0.8485781679989515,-0.010348514243889653,True,0.003206629778064639,-0.013555144021954292,0,espn_native
1610612742,DAL,2019,Guards,3.3112999999999997,6984.583333333333,-0.5424092517363385,-0.006614746972394372,True,0.013085482545485926,-0.019700229517880297,0,espn_native
1610612743,DEN,2019,Centers,-1.3549000000000004,4270.900000000001,-0.09595812942201325,-0.0011702210905123567,True,-0.004096990372331052,0.0029267692818186956,0,espn_native
1610612743,DEN,2019,Forwards,0.9974999999999998,7264.316666666667,0.07064597689752614,0.0008615363036283676,True,0.003206629778064639,-0.0023450934744362714,0,espn_native
1610612743,DEN,2019,Guards,14.4771,8194.966666666667,1.025312152524487,0.012503806738103501,True,0.013085482545485926,-0.000581675807382425,0,espn_native
1610612765,DET,2019,Centers,-11.4234,4490.6,-1.9004497233914508,-0.023176216138920132,True,-0.004096990372331052,-0.01907922576658908,0,espn_native
1610612765,DET,2019,Forwards,9.139893032,8482.216666666667,1.520554929748748,0.018543352801814,True,0.003206629778064639,0.01533672302374936,0,espn_native
1610612765,DET,2019,Guards,8.2944,6882.333333333333,1.3798947936427024,0.016827985288325638,True,0.013085482545485926,0.0037425027428397116,0,espn_native
1610612744,GSW,2019,Centers,-8.9499,3106.2333333333336,-0.9265192133076762,-0.011299014796435075,True,-0.004096990372331052,-0.007202024424104023,3,espn_native
1610612744,GSW,2019,Forwards,1.7978967703000008,9110.783333333333,0.18612340933717345,0.0022697976748435786,True,0.003206629778064639,-0.0009368321032210605,3,espn_native
1610612744,GSW,2019,Guards,16.8117057717,7588.166666666667,1.740395803970503,0.021224339072811012,True,0.013085482545485926,0.008138856527325086,3,espn_native
1610612745,HOU,2019,Centers,-12.2764,3730.833333333333,-0.6805363844495075,-0.00829922420060375,True,-0.004096990372331052,-0.0042022338282726975,3,espn_native
1610612745,HOU,2019,Forwards,-5.6069,7577.566666666667,-0.31081582988253426,-0.0037904369497870033,True,0.003206629778064639,-0.006997066727851642,3,espn_native
1610612745,HOU,2019,Guards,35.9226,8521.733333333334,1.9913522143320417,0.024284783101610266,True,0.013085482545485926,0.01119930055612434,3,espn_native
1610612754,IND,2019,Centers,-9.245099999999999,4334.133333333333,-2.8414113163475427,-0.034651357516433445,True,-0.004096990372331052,-0.030554367144102392,0,espn_native
1610612754,IND,2019,Forwards,3.0053000000000005,7034.6,0.9236561453114918,0.011264099333066973,True,0.003206629778064639,0.008057469555002333,0,espn_native
1610612754,IND,2019,Guards,9.4935,8336.366666666667,2.917755171036051,0.03558238013458599,True,0.013085482545485926,0.022496897589100066,0,espn_native
1610612746,LAC,2019,Centers,-14.9178,4293.416666666667,-17.69188804554079,-0.21575473226269257,False,-0.004096990372331052,-0.21165774189036152,3,espn_native
1610612746,LAC,2019,Forwards,9.9317,7142.0,11.778581593927889,0.14364123895034012,False,0.003206629778064639,0.1404346091722755,3,espn_native
1610612746,LAC,2019,Guards,5.8293,8394.766666666666,6.913306451612901,0.08430861526357197,False,0.013085482545485926,0.07122313271808604,3,espn_native
1610612747,LAL,2019,Centers,-16.7427,3608.6,2.018189708169095,0.024612069611818232,True,-0.004096990372331052,0.028709059984149285,1,espn_native
1610612747,LAL,2019,Forwards,11.301400000000001,9453.85,-1.3622873949782421,-0.016613260914368808,True,0.003206629778064639,-0.019819890692433447,1,espn_native
1610612747,LAL,2019,Guards,-2.8546,6717.783333333333,0.34409768680914665,0.0041963132537700815,True,0.013085482545485926,-0.008889169291715845,1,espn_native
1610612763,MEM,2019,Centers,-6.9764,3810.8,1.0481842631128204,0.012782734916010004,True,-0.004096990372331052,0.016879725288341058,0,espn_native
1610612763,MEM,2019,Forwards,-6.814100000000001,8239.983333333334,1.0237991496010939,0.012485355482940169,True,0.003206629778064639,0.00927872570487553,0,espn_native
1610612763,MEM,2019,Guards,7.1348,7829.416666666666,-1.0719834127139143,-0.013072968447730662,True,0.013085482545485926,-0.02615845099321659,0,espn_native
1610612748,MIA,2019,Centers,-12.3727,3586.9,-740.8802395208907,-9.035124872205984,False,-0.004096990372331052,-9.031027881833653,0,espn_native
1610612748,MIA,2019,Forwards,-1.7246000000000004,7934.283333333333,-103.26946107783493,-1.259383671680914,False,0.003206629778064639,-1.2625903014589785,0,espn_native
1610612748,MIA,2019,Guards,14.114,8209.05,845.1497005987255,10.306703665838116,False,0.013085482545485926,10.29361818329263,0,espn_native
1610612749,MIL,2019,Centers,-8.366200000000001,3893.1833333333334,-0.6352660673065241,-0.007747147162274684,True,-0.004096990372331052,-0.003650156789943632,3,espn_native
1610612749,MIL,2019,Forwards,12.4263,8780.416666666666,0.9435594095492649,0.011506822067673962,True,0.003206629778064639,0.008300192289609322,3,espn_native
1610612749,MIL,2019,Guards,9.1095,7106.533333333333,0.6917066577572591,0.008435447045820233,True,0.013085482545485926,-0.004650035499665693,3,espn_native
1610612750,MIN,2019,Centers,-4.93429936403,4655.316666666667,1.4614922299773365,0.017823075975333374,True,-0.004096990372331052,0.021920066347664427,1,espn_native
1610612750,MIN,2019,Forwards,-1.4632,7950.683333333333,0.43338583112563606,0.0052851930625077564,True,0.003206629778064639,0.0020785632844431173,1,espn_native
1610612750,MIN,2019,Guards,3.0212930025999998,7224.283333333334,-0.8948780611029724,-0.010913147086621614,True,0.013085482545485926,-0.02399862963210754,1,espn_native
1610612740,NOP,2019,Centers,-6.0739,3889.4666666666662,0.5987972593286341,0.0073024056015687094,True,-0.004096990372331052,0.011399395973899763,1,espn_native
1610612740,NOP,2019,Forwards,-4.3628,7495.983333333334,0.43010795090452014,0.005245218913469758,True,0.003206629778064639,0.0020385891354051185,1,espn_native
1610612740,NOP,2019,Guards,0.2931999999999997,8369.7,-0.02890521023315421,-0.00035250256381895374,True,0.013085482545485926,-0.01343798510930488,1,espn_native
1610612752,NYK,2019,Centers,-12.9729,3764.35,0.5516978885368602,0.006728023030937319,True,-0.004096990372331052,0.010825013403268371,2,espn_native
1610612752,NYK,2019,Forwards,-9.418500000000002,7795.366666666667,0.4005400922834847,0.004884635271749814,True,0.003206629778064639,0.0016780054936851745,2,espn_native
1610612752,NYK,2019,Guards,-1.1231000000000002,8220.433333333332,0.04776201917965511,0.0005824636485323795,True,0.013085482545485926,-0.012503018896953547,2,espn_native
1610612760,OKC,2019,Centers,-13.7451,3728.25,-1.0135981180912488,-0.012360952659649375,True,-0.004096990372331052,-0.008263962287318322,1,espn_native
1610612760,OKC,2019,Forwards,14.516000000000002,7758.166666666667,1.0704462159033088,0.013054222145162303,True,0.003206629778064639,0.009847592367097664,1,espn_native
1610612760,OKC,2019,Guards,12.7898,8368.883333333333,0.94315190218794,0.011501852465706584,True,0.013085482545485926,-0.001583630079779342,1,espn_native
1610612753,ORL,2019,Centers,-4.738099999999999,3919.2833333333333,-1.1896105852519516,-0.014507446161609166,True,-0.004096990372331052,-0.010410455789278114,0,espn_native
1610612753,ORL,2019,Forwards,-2.7693999999999996,7147.7,-0.6953225037033315,-0.008479542728089408,True,0.003206629778064639,-0.011686172506154047,0,espn_native
1610612753,ORL,2019,Guards,11.490400000000001,8713.2,2.8849330889552833,0.03518211084091809,True,0.013085482545485926,0.02209662829543216,0,espn_native
1610612755,PHI,2019,Centers,-3.8234046109,4741.383333333333,-0.8484584965619868,-0.01034705483612179,True,-0.004096990372331052,-0.006250064463790737,3,espn_native
1610612755,PHI,2019,Forwards,-0.5201000000000002,6497.066666666667,-0.11541631319998195,-0.0014075160146339262,True,0.003206629778064639,-0.004614145792698565,3,espn_native
1610612755,PHI,2019,Guards,8.8498,8566.633333333333,1.9638748097619685,0.023949692801975224,True,0.013085482545485926,0.010864210256489298,3,espn_native
1610612756,PHX,2019,Centers,-18.7482,4570.783333333333,0.8464580793715292,0.010322659504530844,True,-0.004096990372331052,0.014419649876861895,2,espn_native
1610612756,PHX,2019,Forwards,-5.1236,8111.716666666667,0.2313242132827667,0.0028210269912532526,True,0.003206629778064639,-0.0003856027868113865,2,espn_native
1610612756,PHX,2019,Guards,1.7227999999999992,7197.616666666667,-0.07778229265429587,-0.0009485645445645838,True,0.013085482545485926,-0.01403404709005051,2,espn_native
1610612757,POR,2019,Centers,-6.6352,3362.95,-0.5447395427117114,-0.0066431651550208715,True,-0.004096990372331052,-0.002546174782689819,3,espn_native
1610612757,POR,2019,Forwards,-4.9953,8862.283333333333,-0.4101063174746522,-0.0050012965545689295,True,0.003206629778064639,-0.008207926332633569,3,espn_native
1610612757,POR,2019,Guards,23.811,7630.066666666667,1.9548458601863636,0.02383958366080931,True,0.013085482545485926,0.010754101115323385,3,espn_native
1610612758,SAC,2019,Centers,-14.6069,4314.666666666667,36.00432443711313,0.4390771272818674,False,-0.004096990372331052,0.44317411765419845,1,espn_native
1610612758,SAC,2019,Forwards,0.3848000000000004,8468.533333333333,-0.9484876355284932,-0.01156692238449382,False,0.003206629778064639,-0.01477355216255846,1,espn_native
1610612758,SAC,2019,Guards,13.8164015116,6947.0,-34.05583680158464,-0.41531508294615416,False,0.013085482545485926,-0.4284005654916401,1,espn_native
1610612759,SAS,2019,Centers,-6.026800000000001,4415.666666666666,-1.8721400196806977,-0.022830975849764606,True,-0.004096990372331052,-0.018733985477433553,0,espn_native
1610612759,SAS,2019,Forwards,8.0453031671,9343.349999999999,2.4991594261617727,0.030477553977582592,True,0.003206629778064639,0.027270924199517953,0,espn_native
1610612759,SAS,2019,Guards,1.2007004910900003,6046.116666666667,0.3729805935189249,0.004548543823401523,True,0.013085482545485926,-0.008536938722084404,0,espn_native
1610612761,TOR,2019,Centers,-7.3955044684,3846.1666666666665,-0.49574373769660735,-0.006045655337763504,True,-0.004096990372331052,-0.001948664965432452,3,espn_native
1610612761,TOR,2019,Forwards,15.9279,7903.366666666667,1.0676968303375396,0.013020693052896824,True,0.003206629778064639,0.009814063274832184,3,espn_native
1610612761,TOR,2019,Guards,6.3856032368,8130.55,0.42804690735906764,0.00522008423608619,True,0.013085482545485926,-0.007865398309399736,3,espn_native
1610612762,UTA,2019,Centers,-11.9422942427,4699.083333333333,-1.723893961301479,-0.021023097089042427,True,-0.004096990372331052,-0.016926106716711374,3,espn_native
1610612762,UTA,2019,Forwards,6.0229051632,6980.45,0.8694183570865148,0.01060266289129896,True,0.003206629778064639,0.007396033113234321,3,espn_native
1610612762,UTA,2019,Guards,12.846900000000002,8075.6,1.8544756042149644,0.02261555614896298,True,0.013085482545485926,0.009530073603477053,3,espn_native
1610612764,WAS,2019,Centers,-12.3486,4004.1666666666665,1.4902973402380433,0.018174357807781014,True,-0.004096990372331052,0.022271348180112067,1,espn_native
1610612764,WAS,2019,Forwards,-5.6460974762,8129.45,0.6814022683952503,0.008309783760917686,True,0.003206629778064639,0.005103153982853046,1,espn_native
1610612764,WAS,2019,Guards,9.708699999999999,7796.45,-1.1716996086332936,-0.01428901961747919,True,0.013085482545485926,-0.027374502162965116,1,espn_native
1610612737,ATL,2020,Centers,-13.8213,2577.7,1.0147797356828194,0.015145966204221185,True,0.006379130971769109,0.008766835232452076,2,espn_native
1610612737,ATL,2020,Forwards,-10.0416,6982.983333333334,0.7372687224669604,0.011004010783088962,True,0.007049114820261488,0.003954895962827474,2,espn_native
1610612737,ATL,2020,Guards,10.2429,6719.633333333333,-0.7520484581497798,-0.011224603852981789,True,0.0020231444774566876,-0.013247748330438477,2,espn_native
1610612751,BKN,2020,Centers,-14.680200000000001,3083.4,4.341058399942836,0.0678290374991068,True,0.006379130971769109,0.0614499065273377,1,espn_native
1610612751,BKN,2020,Forwards,-4.6274098614,6735.8,1.3683639493200899,0.021380686708126404,True,0.007049114820261488,0.014331571887864917,1,espn_native
1610612751,BKN,2020,Guards,15.925899999999999,5741.0,-4.709422349262925,-0.07358472420723321,True,0.0020231444774566876,-0.0756078686846899,1,espn_native
1610612738,BOS,2020,Centers,-7.1516940251,2733.25,-0.5881322240185509,-0.009189566000289858,True,0.006379130971769109,-0.015568696972058968,3,espn_native
1610612738,BOS,2020,Forwards,9.9070045347,7107.133333333333,0.8147200635129952,0.01273000099239055,True,0.007049114820261488,0.005680886172129062,3,espn_native
1610612738,BOS,2020,Guards,9.4047,5644.8,0.7734121605055558,0.01208456500789931,True,0.0020231444774566876,0.010061420530442622,3,espn_native
1610612766,CHA,2020,Centers,-12.0938978872,2744.883333333333,1.4381393536701392,0.02212522082569445,True,0.006379130971769109,0.01574608985392534,2,espn_native
1610612766,CHA,2020,Forwards,-8.0470082363,7426.916666666667,0.9569056504255059,0.01472162539116163,True,0.007049114820261488,0.007672510570900142,2,espn_native
1610612766,CHA,2020,Guards,11.7315,5578.3,-1.395045004095645,-0.021462230832240692,True,0.0020231444774566876,-0.023485375309697378,2,espn_native
1610612741,CHI,2020,Centers,-11.4373,3044.95,3.040056350007974,0.04677009769243037,True,0.006379130971769109,0.04039096672066126,2,espn_native
1610612741,CHI,2020,Forwards,-3.2043000000000004,6187.833333333333,0.8517091063739303,0.013103217021137389,True,0.007049114820261488,0.006054102200875901,2,espn_native
1610612741,CHI,2020,Guards,10.8794,6442.4,-2.891765456381904,-0.04448869932895237,True,0.0020231444774566876,-0.04651184380640906,2,espn_native
1610612739,CLE,2020,Centers,-10.2477,2581.3333333333335,0.7778376573102789,0.011966733189388906,True,0.006379130971769109,0.005587602217619797,2,espn_native
1610612739,CLE,2020,Forwards,-3.8409,7024.583333333334,0.2915382630212682,0.004485204046481049,True,0.007049114820261488,-0.002563910773780439,2,espn_native
1610612739,CLE,2020,Guards,0.9139999999999995,6119.233333333334,-0.06937592033154703,-0.0010673218512545699,True,0.0020231444774566876,-0.0030904663287112575,2,espn_native
1610612742,DAL,2020,Centers,-5.6979,3151.483333333333,-0.854743796718883,-0.012757370100281835,True,0.006379130971769109,-0.019136501072050945,3,espn_native
1610612742,DAL,2020,Forwards,4.8010080753,6940.216666666666,0.720200752972137,0.010749264969733389,True,0.007049114820261488,0.003700150149471901,3,espn_native
1610612742,DAL,2020,Guards,7.5630999999999995,6088.516666666666,1.134543043746746,0.016933478264876806,True,0.0020231444774566876,0.014910333787420118,3,espn_native
1610612743,DEN,2020,Centers,-1.2006000000000001,3017.7499999999995,-0.11190127783318266,-0.0017215581205105024,True,0.006379130971769109,-0.008100689092279612,0,espn_native
1610612743,DEN,2020,Forwards,3.8503000000000003,6765.883333333334,0.35886514246302115,0.005521002191738787,True,0.007049114820261488,-0.0015281126285227008,0,espn_native
1610612743,DEN,2020,Guards,8.0794,5966.6,0.7530361353701615,0.0115851713133871,True,0.0020231444774566876,0.009562026835930411,0,espn_native
1610612765,DET,2020,Centers,-13.2765,3802.3500000000004,1.1490821502486466,0.01741033560982798,True,0.006379130971769109,0.011031204638058869,0,espn_native
1610612765,DET,2020,Forwards,-4.9881,5509.4,0.43172045898055017,0.006541219075462882,True,0.007049114820261488,-0.000507895744798606,0,espn_native
1610612765,DET,2020,Guards,6.7105957914,6653.5,-0.5808026092291967,-0.008800039533775707,True,0.0020231444774566876,-0.010823184011232395,0,espn_native
1610612744,GSW,2020,Centers,-12.4581,3356.383333333333,0.8191214470284238,0.012601868415821905,True,0.006379130971769109,0.006222737444052796,2,espn_native
1610612744,GSW,2020,Forwards,-7.0842,5742.95,0.4657869301931081,0.007165952772201663,True,0.007049114820261488,0.00011683795194017497,2,espn_native
1610612744,GSW,2020,Guards,4.3332,6625.916666666667,-0.28490837722153184,-0.004383205803408182,True,0.0020231444774566876,-0.0064063502808648694,2,espn_native
1610612745,HOU,2020,Centers,-8.4855,2219.3,-0.8112953189536485,-0.012676489358650758,True,0.006379130971769109,-0.019055620330419867,3,espn_native
1610612745,HOU,2020,Forwards,-5.5543000000000005,7417.016666666666,-0.5310444393452655,-0.008297569364769773,True,0.007049114820261488,-0.01534668418503126,3,espn_native
1610612745,HOU,2020,Guards,24.499,5798.7,2.342339758298914,0.03659905872342053,True,0.0020231444774566876,0.03457591424596384,3,espn_native
1610612754,IND,2020,Centers,-7.6754,2038.25,-2.3717324133668725,-0.03648819097487496,True,0.006379130971769109,-0.04286732194664407,0,espn_native
1610612754,IND,2020,Forwards,3.48139981611,7617.433333333333,1.0757678802091823,0.01655027508014127,True,0.007049114820261488,0.00950116025987978,0,espn_native
1610612754,IND,2020,Guards,7.4302,6044.35,2.2959645331576906,0.03532253127934908,True,0.0020231444774566876,0.03329938680189239,0,espn_native
1610612746,LAC,2020,Centers,-6.511,2969.9333333333334,-0.7679134393505,-0.011998647489851563,True,0.006379130971769109,-0.018377778461620673,3,espn_native
1610612746,LAC,2020,Forwards,5.554620224200001,5270.716666666666,0.6551171126787388,0.010236204885605294,True,0.007049114820261488,0.003187090065343807,3,espn_native
1610612746,LAC,2020,Guards,9.4352,7194.516666666666,1.1127963266717613,0.01738744260424627,True,0.0020231444774566876,0.015364298126789582,3,espn_native
1610612747,LAL,2020,Centers,-8.7121,2220.9333333333334,-0.5856560958701629,-0.0092961285058756,True,0.006379130971769109,-0.01567525947764471,3,espn_native
1610612747,LAL,2020,Forwards,19.7546,5739.183333333333,1.3279693657644793,0.021078878821658403,True,0.007049114820261488,0.014029764001396916,3,espn_native
1610612747,LAL,2020,Guards,3.8332949613,7209.966666666666,0.2576867301056835,0.004090265557233071,True,0.0020231444774566876,0.0020671210797763837,3,espn_native
1610612763,MEM,2020,Centers,-5.116493548,3451.8,1.8585875039436868,0.02859365390682595,True,0.006379130971769109,0.02221452293505684,1,espn_native
1610612763,MEM,2020,Forwards,-3.4944,5152.95,1.2693552943733368,0.019528542990359027,True,0.007049114820261488,0.01247942817009754,1,espn_native
1610612763,MEM,2020,Guards,5.8580000000000005,7020.366666666667,-2.1279427983170236,-0.03273758151256959,True,0.0020231444774566876,-0.03476072599002628,1,espn_native
1610612748,MIA,2020,Centers,-9.9451,4310.883333333333,-1.8046224471304948,-0.027763422263546073,True,0.006379130971769109,-0.03414255323531518,3,espn_native
1610612748,MIA,2020,Forwards,1.0307034113000002,4648.766666666666,0.18702984508611833,0.002877382232094128,True,0.007049114820261488,-0.0041717325881673595,3,espn_native
1610612748,MIA,2020,Guards,14.4253,6865.433333333333,2.6175926020443763,0.04027065541606733,True,0.0020231444774566876,0.03824751093861064,3,espn_native
1610612749,MIL,2020,Centers,-5.0198,2575.05,-0.3389920780357613,-0.005215262739011712,True,0.006379130971769109,-0.011594393710780821,3,espn_native
1610612749,MIL,2020,Forwards,14.9330156595,6385.566666666667,1.0084413741094207,0.015514482678606473,True,0.007049114820261488,0.008465367858344985,3,espn_native
1610612749,MIL,2020,Guards,4.8948,6689.616666666667,0.3305507039263406,0.005085395445020625,True,0.0020231444774566876,0.0030622509675639373,3,espn_native
1610612750,MIN,2020,Centers,-3.0749,2808.1,0.40655533960043894,0.006352427181256858,True,0.006379130971769109,-2.6703790512250594e-05,1,espn_native
1610612750,MIN,2020,Forwards,-2.4539,7012.583333333334,0.32444832282204855,0.005069505044094509,True,0.007049114820261488,-0.001979609776166979,1,espn_native
1610612750,MIN,2020,Guards,-2.0345,5739.516666666666,0.26899633757751246,0.004203067774648632,True,0.0020231444774566876,0.0021799232971919445,1,espn_native
1610612740,NOP,2020,Centers,-11.2499,2463.9666666666667,3.4559781273040056,0.05399965823912509,True,0.006379130971769109,0.04762052726735598,1,espn_native
1610612740,NOP,2020,Forwards,0.6290999999999997,6245.8,-0.19326001474563761,-0.0030196877304005877,True,0.007049114820261488,-0.010068802550662075,1,espn_native
1610612740,NOP,2020,Guards,7.3656,6800.383333333333,-2.262718112558368,-0.0353549705087245,True,0.0020231444774566876,-0.03737811498618119,1,espn_native
1610612752,NYK,2020,Centers,-9.3113,2437.4833333333336,1.0537208351581688,0.015965467199366194,True,0.006379130971769109,0.009586336227597084,2,espn_native
1610612752,NYK,2020,Forwards,1.6318090460000003,6366.633333333333,-0.18466499745145953,-0.002797954506840296,True,0.007049114820261488,-0.009847069327101783,2,espn_native
1610612752,NYK,2020,Guards,-1.1570999999999998,7160.966666666667,0.13094416229329062,0.001984002458989252,True,0.0020231444774566876,-3.9142018467435737e-05,2,espn_native
1610612760,OKC,2020,Centers,-12.4336,3094.25,-4.6343881620634395,-0.07241231503224124,True,0.006379130971769109,-0.07879144600401035,0,espn_native
1610612760,OKC,2020,Forwards,-3.6846,6176.783333333334,-1.3733646427373367,-0.021458822542770886,True,0.007049114820261488,-0.028507937363032372,0,espn_native
1610612760,OKC,2020,Guards,18.801099999999998,6189.083333333333,7.007752804800775,0.10949613757501211,True,0.0020231444774566876,0.10747299309755542,0,espn_native
1610612753,ORL,2020,Centers,-5.0606,2630.1,-4.333076462025861,-0.06666271480039787,True,0.006379130971769109,-0.07304184577216698,0,espn_native
1610612753,ORL,2020,Forwards,-0.03980000000000067,7127.383333333333,-0.0340782601250113,-0.0005242809250001738,True,0.007049114820261488,-0.0075733957452616615,0,espn_native
1610612753,ORL,2020,Guards,6.2683,5867.633333333333,5.367154722150873,0.08257161111001343,True,0.0020231444774566876,0.08054846663255674,0,espn_native
1610612755,PHI,2020,Centers,-1.9625000000000001,3627.366666666667,-0.24377394144062775,-0.0037503683298558115,True,0.006379130971769109,-0.01012949930162492,0,espn_native
1610612755,PHI,2020,Forwards,6.286891321600001,5520.183333333333,0.7809326251593932,0.01201434807937528,True,0.007049114820261488,0.004965233259113792,0,espn_native
1610612755,PHI,2020,Guards,3.7260999999999997,6527.583333333334,0.46284131628123465,0.007120635635095918,True,0.0020231444774566876,0.005097491157639231,0,espn_native
1610612756,PHX,2020,Centers,-8.786999999999999,3148.3,1.8372467434712605,0.02826533451494247,True,0.006379130971769109,0.02188620354317336,0,espn_native
1610612756,PHX,2020,Forwards,-2.4618,6185.083333333333,0.5147301733330545,0.007918925743585454,True,0.007049114820261488,0.0008698109233239663,0,espn_native
1610612756,PHX,2020,Guards,6.466099999999999,6341.816666666667,-1.351976916804315,-0.02079964487391254,True,0.0020231444774566876,-0.022822789351369225,0,espn_native
1610612757,POR,2020,Centers,-14.7059,3479.133333333333,2.0674664118344808,0.0313252486641588,True,0.006379130971769109,0.024946117692389688,0,espn_native
1610612757,POR,2020,Forwards,-7.8961055201,6641.933333333333,1.1100941082903857,0.01681960770136948,True,0.007049114820261488,0.009770492881107993,0,espn_native
1610612757,POR,2020,Guards,15.489,5769.083333333333,-2.1775605201248664,-0.03299334121401313,True,0.0020231444774566876,-0.03501648569146982,0,espn_native
1610612758,SAC,2020,Centers,-11.653599999999999,2748.133333333333,4.969993901287882,0.07765615470762316,True,0.006379130971769109,0.07127702373585405,1,espn_native
1610612758,SAC,2020,Forwards,2.5218984529,7264.25,-1.0755320184818722,-0.016805187788779253,True,0.007049114820261488,-0.023854302609040742,1,espn_native
1610612758,SAC,2020,Guards,6.7869099374,5497.916666666666,-2.8944618828060107,-0.04522596691884392,True,0.0020231444774566876,-0.04724911139630061,1,espn_native
1610612759,SAS,2020,Centers,-8.9767,2933.883333333333,1.5132415164950015,0.02401970661103177,True,0.006379130971769109,0.01764057563926266,1,espn_native
1610612759,SAS,2020,Forwards,1.4010999999999998,6421.666666666667,-0.23618954501778455,-0.0037490403971076913,True,0.007049114820261488,-0.010798155217369178,1,espn_native
1610612759,SAS,2020,Guards,1.6435,5939.633333333333,-0.27705197147721716,-0.004397650340908209,True,0.0020231444774566876,-0.006420794818364897,1,espn_native
1610612761,TOR,2020,Centers,-4.8433,2378.35,-0.40333944037308467,-0.006302178755829448,True,0.006379130971769109,-0.012681309727598556,3,espn_native
1610612761,TOR,2020,Forwards,4.0603,6952.85,0.3381329113924051,0.0052833267405063295,True,0.007049114820261488,-0.0017657880797551581,3,espn_native
1610612761,TOR,2020,Guards,12.791,6128.95,1.0652065289806796,0.01664385201532312,True,0.0020231444774566876,0.01462070753786643,3,espn_native
1610612762,UTA,2020,Centers,-12.2578,2945.7,-2.8992601496952837,-0.04530093983898881,True,0.006379130971769109,-0.051680070810757914,0,espn_native
1610612762,UTA,2020,Forwards,5.813506213,5426.616666666667,1.375031970937431,0.02148487454589736,True,0.007049114820261488,0.014435759725635872,0,espn_native
1610612762,UTA,2020,Guards,10.6722,7012.783333333333,2.524228178757853,0.03944106529309145,True,0.0020231444774566876,0.03741792081563476,0,espn_native
1610612764,WAS,2020,Centers,-11.982,2820.2666666666664,3.3844589441572754,0.05288217100245743,True,0.006379130971769109,0.04650304003068832,1,espn_native
1610612764,WAS,2020,Forwards,-1.4382000000000001,6426.333333333333,0.40623675959664446,0.00634744936869757,True,0.007049114820261488,-0.000701665451563918,1,espn_native
1610612764,WAS,2020,Guards,9.879900000000001,6188.616666666667,-2.79069570375392,-0.043604620371155,True,0.0020231444774566876,-0.04562776484861169,1,espn_native
1610612737,ATL,2021,Centers,-8.3941,2725.616666666667,-2.4786948176583494,-0.03442631691192152,True,-0.0010847488552363342,-0.033341568056685186,3,espn_native
1610612737,ATL,2021,Forwards,-3.1774,7282.516666666666,-0.9382548353757567,-0.013031317157996622,True,0.010226829069957791,-0.023258146227954413,3,espn_native
1610612737,ATL,2021,Guards,14.957999999999998,7397.0,4.416949653034106,0.06134652295880702,True,0.00474680867416743,0.05659971428463959,3,espn_native
1610612751,BKN,2021,Centers,-12.5635,3115.9833333333336,-2.123282116470965,-0.029490029395430068,True,-0.0010847488552363342,-0.028405280540193735,3,espn_native
1610612751,BKN,2021,Forwards,0.7031097634000003,8131.1,0.11882838273915326,0.001650394204710462,True,0.010226829069957791,-0.00857643486524733,3,espn_native
1610612751,BKN,2021,Guards,17.777408941999997,6158.0,3.0044537337318116,0.041728524079608496,True,0.00474680867416743,0.03698171540544107,3,espn_native
1610612738,BOS,2021,Centers,-13.620800000000001,3748.866666666667,-10.337547092659243,-0.1435770429536006,True,-0.0010847488552363342,-0.14249229409836428,1,espn_native
1610612738,BOS,2021,Forwards,10.912399999999998,7655.466666666667,8.281998773488686,0.11502776074289842,True,0.010226829069957791,0.10480093167294062,1,espn_native
1610612738,BOS,2021,Guards,4.0260046385,5975.883333333333,3.0555483191705552,0.04243817109959105,True,0.00474680867416743,0.03769136242542362,1,espn_native
1610612766,CHA,2021,Centers,-12.5311,3435.1,7.821183372862316,0.10862754684530994,True,-0.0010847488552363342,0.10971229570054628,2,espn_native
1610612766,CHA,2021,Forwards,-3.6156999999999995,7049.566666666667,2.2567095244039446,0.03134318783894367,True,0.010226829069957791,0.021116358768985884,2,espn_native
1610612766,CHA,2021,Guards,14.5446,6870.650000000001,-9.07789289726626,-0.12608184579536472,True,0.00474680867416743,-0.13082865446953215,2,espn_native
1610612741,CHI,2021,Centers,-5.5523,3517.4666666666667,1.1805617571389084,0.016396691071373728,True,-0.0010847488552363342,0.01748143992661006,0,espn_native
1610612741,CHI,2021,Forwards,-3.9554000000000005,5916.516666666666,0.8410197529289193,0.011680829901790545,True,0.010226829069957791,0.0014540008318327542,0,espn_native
1610612741,CHI,2021,Guards,4.804600000000001,7946.1,-1.0215815100678278,-0.014188632084275387,True,0.00474680867416743,-0.018935440758442817,0,espn_native
1610612739,CLE,2021,Centers,-8.8478,3120.2666666666664,0.6750436340638876,0.009375606028665105,True,-0.0010847488552363342,0.01046035488390144,2,espn_native
1610612739,CLE,2021,Forwards,-8.859904575,8058.633333333333,0.675967153616409,0.009388432689116792,True,0.010226829069957791,-0.0008383963808409993,2,espn_native
1610612739,CLE,2021,Guards,4.6007,6251.383333333333,-0.35101078768029653,-0.004875149828893008,True,0.00474680867416743,-0.009621958503060437,2,espn_native
1610612742,DAL,2021,Centers,-8.187100000000001,3469.3999999999996,-1.8216624855289878,-0.025300867854569274,True,-0.0010847488552363342,-0.02421611899933294,0,espn_native
1610612742,DAL,2021,Forwards,7.245399999999999,6804.5,1.6121304702094423,0.022390700975131142,True,0.010226829069957791,0.012163871905173351,0,espn_native
1610612742,DAL,2021,Guards,5.4360012578,7031.266666666666,1.2095320153195455,0.01679905576832702,True,0.00474680867416743,0.01205224709415959,0,espn_native
1610612743,DEN,2021,Centers,5.6666096117,3095.016666666667,0.4803468891681729,0.00667148457178018,True,-0.0010847488552363342,0.007756233427016514,1,espn_native
1610612743,DEN,2021,Forwards,2.4136990145999997,7272.95,0.20460432119013874,0.0028417266831963716,True,0.010226829069957791,-0.007385102386761419,1,espn_native
1610612743,DEN,2021,Guards,3.7166026048999994,7112.3166666666675,0.31504878964168836,0.004375677633912338,True,0.00474680867416743,-0.00037113104025509203,1,espn_native
1610612765,DET,2021,Centers,-13.822,3300.6666666666665,0.935587805274273,0.012994275073253791,True,-0.0010847488552363342,0.014079023928490126,2,espn_native
1610612765,DET,2021,Forwards,0.15140000000000042,7812.516666666666,-0.010248009963719095,-0.00014233347171832076,True,0.010226829069957791,-0.010369162541676111,2,espn_native
1610612765,DET,2021,Guards,-1.1030000000000002,6316.85,0.07466020468944605,0.0010369472873534174,True,0.00474680867416743,-0.0037098613868140127,2,espn_native
1610612744,GSW,2021,Centers,-9.8093,2816.85,-6.474785478547856,-0.08992757609094244,True,-0.0010847488552363342,-0.0888428272357061,3,espn_native
1610612744,GSW,2021,Forwards,-2.7493,8220.183333333334,-1.814719471947195,-0.02520443711037771,True,0.010226829069957791,-0.0354312661803355,3,espn_native
1610612744,GSW,2021,Guards,14.073599999999999,6268.116666666666,9.28950495049505,0.12902090209020903,True,0.00474680867416743,0.12427409341604159,3,espn_native
1610612745,HOU,2021,Centers,-6.4444,2549.2833333333333,0.3676820466591735,0.005106695092488521,True,-0.0010847488552363342,0.006191443947724855,2,espn_native
1610612745,HOU,2021,Forwards,-11.5655,7615.333333333333,0.6598638679530555,0.009164775943792438,True,0.010226829069957791,-0.0010620531261653528,2,espn_native
1610612745,HOU,2021,Guards,0.48279999999999923,7140.55,-0.02754591461222902,-0.0003825821473920697,True,0.00474680867416743,-0.0051293908215595,2,espn_native
1610612754,IND,2021,Centers,-8.3310965867,2362.2166666666662,4.87087608979424,0.06765105680269777,True,-0.0010847488552363342,0.06873580565793411,1,espn_native
1610612754,IND,2021,Forwards,-4.137099999999999,7773.2,2.418805407112655,0.03359451954323132,True,0.010226829069957791,0.023367690473273528,1,espn_native
1610612754,IND,2021,Guards,10.7578068266,7319.75,-6.289681496906896,-0.08735668745704023,True,0.00474680867416743,-0.09210349613120766,1,espn_native
1610612746,LAC,2021,Centers,-8.5279,2930.85,-0.8232596754418993,-0.011434162158915268,True,-0.0010847488552363342,-0.010349413303678933,0,espn_native
1610612746,LAC,2021,Forwards,7.0243,6274.166666666667,0.6781063260833889,0.009418143417824846,True,0.010226829069957791,-0.0008086856521329448,0,espn_native
1610612746,LAC,2021,Guards,11.8623,8075.2,1.1451533493585102,0.015904907629979308,True,0.00474680867416743,0.011158098955811878,0,espn_native
1610612747,LAL,2021,Centers,-7.684699999999999,2880.5333333333333,-1.3001336559121592,-0.01805741188766888,True,-0.0010847488552363342,-0.016972663032432545,0,espn_native
1610612747,LAL,2021,Forwards,11.3097,6636.383333333333,1.9134281895545369,0.026575391521590788,True,0.010226829069957791,0.016348562451633,0,espn_native
1610612747,LAL,2021,Guards,2.2857000000000003,7938.283333333334,0.3867054663576227,0.005370909254966982,True,0.00474680867416743,0.0006241005807995515,0,espn_native
1610612763,MEM,2021,Centers,-7.0386,3523.8,-4.195886736214605,-0.05827620466964729,True,-0.0010847488552363342,-0.05719145581441095,1,espn_native
1610612763,MEM,2021,Forwards,3.2268,6720.35,1.9235767511177346,0.026716343765524092,True,0.010226829069957791,0.016489514695566303,1,espn_native
1610612763,MEM,2021,Guards,5.4893,7161.1,3.27230998509687,0.04544874979301208,True,0.00474680867416743,0.040701941118844655,1,espn_native
1610612748,MIA,2021,Centers,-6.314492404199999,3278.4333333333334,-3.149360839044857,-0.0437411227645119,True,-0.0010847488552363342,-0.04265637390927556,0,espn_native
1610612748,MIA,2021,Forwards,-4.1442,6758.5,-2.0669248379313294,-0.02870728941571291,True,0.010226829069957791,-0.0389341184856707,0,espn_native
1610612748,MIA,2021,Guards,12.463700000000001,7343.366666666667,6.216285676976187,0.0863373010691137,True,0.00474680867416743,0.08159049239494627,0,espn_native
1610612749,MIL,2021,Centers,-6.273,3519.6833333333334,-0.9716231558212868,-0.013494766053073428,True,-0.0010847488552363342,-0.012410017197837093,3,espn_native
1610612749,MIL,2021,Forwards,8.8445984298,7406.066666666667,1.369937292895628,0.01902690684577261,True,0.010226829069957791,0.00880007777581482,3,espn_native
1610612749,MIL,2021,Guards,3.8846083438,6404.433333333333,0.601685862925659,0.008356748096189708,True,0.00474680867416743,0.0036099394220222777,3,espn_native
1610612750,MIN,2021,Centers,-3.6080999999999994,3334.5333333333338,0.42532819450493964,0.005907336034790828,True,-0.0010847488552363342,0.006992084890027162,1,espn_native
1610612750,MIN,2021,Forwards,-9.1220962222,8187.466666666666,1.0753262704161906,0.014935087089113758,True,0.010226829069957791,0.004708258019155967,1,espn_native
1610612750,MIN,2021,Guards,4.2471000000000005,5883.15,-0.5006544649211301,-0.006953534235015695,True,0.00474680867416743,-0.011700342909183125,1,espn_native
1610612740,NOP,2021,Centers,-14.9293,3417.75,2.66580361766334,0.03702505024532417,True,-0.0010847488552363342,0.038109799100560504,1,espn_native
1610612740,NOP,2021,Forwards,8.436100000000001,7747.25,-1.5063657304073002,-0.020921746255656945,True,0.010226829069957791,-0.031148575325614734,1,espn_native
1610612740,NOP,2021,Guards,0.8929000000000004,6265.2,-0.15943788725603994,-0.0022144151007783327,True,0.00474680867416743,-0.006961223774945763,1,espn_native
1610612752,NYK,2021,Centers,-15.5056929972,3386.6499999999996,-4.459622585451109,-0.061939202575709854,True,-0.0010847488552363342,-0.06085445372047352,0,espn_native
1610612752,NYK,2021,Forwards,8.8177,6366.366666666667,2.536075883795278,0.03522327616382331,True,0.010226829069957791,0.024996447093865518,0,espn_native
1610612752,NYK,2021,Guards,10.1649,7677.116666666667,2.9235467016558307,0.04060481530077543,True,0.00474680867416743,0.035858006626608,0,espn_native
1610612760,OKC,2021,Centers,-6.698600000000001,2743.9333333333334,0.4312187874829517,0.005989149826152108,True,-0.0010847488552363342,0.007073898681388442,2,espn_native
1610612760,OKC,2021,Forwards,-10.816,7067.033333333334,0.6962742073590908,0.009670475102209595,True,0.010226829069957791,-0.0005563539677481966,2,espn_native
1610612760,OKC,2021,Guards,1.9804901827999997,7544.283333333333,-0.1274929948420424,-0.0017707360394728113,True,0.00474680867416743,-0.006517544713640242,2,espn_native
1610612753,ORL,2021,Centers,-4.5502,3273.3166666666666,0.3481034023508999,0.0048347694770958325,True,-0.0010847488552363342,0.0059195183323321665,2,espn_native
1610612753,ORL,2021,Forwards,-8.5323034085,7207.283333333333,0.6527457796116721,0.009065913605717669,True,0.010226829069957791,-0.0011609154642401222,2,espn_native
1610612753,ORL,2021,Guards,0.011099999999999721,6849.45,-0.0008491819625719511,-1.1794193924610432e-05,True,0.00474680867416743,-0.004758602868092041,2,espn_native
1610612755,PHI,2021,Centers,1.0514999999999994,3206.25,0.10946392937214802,0.0015203323523909447,True,-0.0010847488552363342,0.0026050812076272786,3,espn_native
1610612755,PHI,2021,Forwards,2.9606040273000005,6507.433333333333,0.3082067048438083,0.004280648678386226,True,0.010226829069957791,-0.005946180391571565,3,espn_native
1610612755,PHI,2021,Guards,5.5938,7716.599999999999,0.5823293657840437,0.008087907858111719,True,0.00474680867416743,0.0033410991839442888,3,espn_native
1610612756,PHX,2021,Centers,-9.577699999999998,3949.1833333333334,-0.5989581379060197,-0.008318863026472495,True,-0.0010847488552363342,-0.007234114171236161,3,espn_native
1610612756,PHX,2021,Forwards,3.4456,6438.75,0.21547659249809265,0.002992730451362398,True,0.010226829069957791,-0.007234098618595393,3,espn_native
1610612756,PHX,2021,Guards,22.1227,7092.116666666667,1.383481545407927,0.019215021463998987,True,0.00474680867416743,0.014468212789831557,3,espn_native
1610612757,POR,2021,Centers,-7.5025946456,2985.2833333333333,-0.680598633871948,-0.009452758803777056,True,-0.0010847488552363342,-0.00836800994854072,0,espn_native
1610612757,POR,2021,Forwards,-5.47689139519,7688.566666666667,-0.49683675814971856,-0.006900510529857202,True,0.010226829069957791,-0.017127339599814995,0,espn_native
1610612757,POR,2021,Guards,24.0030089693,6631.35,2.1774353920216667,0.030242158222523147,True,0.00474680867416743,0.025495349548355715,0,espn_native
1610612758,SAC,2021,Centers,-15.3351,4280.933333333333,3.1568026516806325,0.04384448127334212,True,-0.0010847488552363342,0.044929230128578454,2,espn_native
1610612758,SAC,2021,Forwards,-1.187,4839.916666666667,0.24434954760940006,0.003393743716797223,True,0.010226829069957791,-0.006833085353160568,2,espn_native
1610612758,SAC,2021,Guards,11.6643050435,8184.333333333334,-2.401152199290032,-0.033349336101250446,True,0.00474680867416743,-0.038096144775417874,2,espn_native
1610612759,SAS,2021,Centers,-14.4692,3634.183333333333,6.47623310357175,0.08994768199405208,True,-0.0010847488552363342,0.09103243084928841,1,espn_native
1610612759,SAS,2021,Forwards,7.379800000000001,7046.583333333334,-3.3031062572732983,-0.045876475795462474,True,0.010226829069957791,-0.05610330486542026,1,espn_native
1610612759,SAS,2021,Guards,4.8552,6799.333333333334,-2.1731268462984517,-0.030182317309700717,True,0.00474680867416743,-0.034929125983868145,1,espn_native
1610612761,TOR,2021,Centers,-9.1564,3516.45,3.208943716268311,0.04456866272594876,True,-0.0010847488552363342,0.0456534115811851,0,espn_native
1610612761,TOR,2021,Forwards,-2.5455,7929.933333333333,0.8920936426719002,0.01239018948155417,True,0.010226829069957791,0.002163360411596378,0,espn_native
1610612761,TOR,2021,Guards,8.8485,5858.75,-3.101037358940211,-0.04306996331861404,True,0.00474680867416743,-0.04781677199278147,0,espn_native
1610612762,UTA,2021,Centers,-11.5895,3430.1666666666665,-0.8343654657743916,-0.01158840924686655,True,-0.0010847488552363342,-0.010503660391630216,3,espn_native
1610612762,UTA,2021,Forwards,4.8001,8282.333333333334,0.3455746729594596,0.00479964823554805,True,0.010226829069957791,-0.005427180834409741,3,espn_native
1610612762,UTA,2021,Guards,20.6795961735,5642.6,1.488790792814932,0.020677649900207387,True,0.00474680867416743,0.01593084122603996,3,espn_native
1610612764,WAS,2021,Centers,-13.981599999999998,3317.383333333333,4.7535443511372515,0.06602144932135072,True,-0.0010847488552363342,0.06710619817658706,1,espn_native
1610612764,WAS,2021,Forwards,-6.7806,7146.866666666667,2.3053071770985616,0.03201815523748002,True,0.010226829069957791,0.021791326167522232,1,espn_native
1610612764,WAS,2021,Guards,17.820899999999998,6940.833333333334,-6.058851528235813,-0.08415071566994185,True,0.00474680867416743,-0.08889752434410929,1,espn_native
1610612737,ATL,2022,Centers,5.32,3448.083333333333,0.21599675192854245,0.0026341067308358838,True,0.003443231939127743,-0.0008091252082918594,0,espn_dAvgPos_hybrid
1610612737,ATL,2022,Forwards,8.41,6975.166666666667,0.34145351197726354,0.0041640672192349215,True,0.005766079879244551,-0.0016020126600096293,0,espn_dAvgPos_hybrid
1610612737,ATL,2022,Guards,10.899999999999999,9280.766666666666,0.442549736094194,0.005396948001148707,True,0.0029858101328472182,0.002411137868301489,0,espn_dAvgPos_hybrid
1610612751,BKN,2022,Centers,6.84,3908.9666666666667,0.30079155672823216,0.003668189716197953,True,0.003443231939127743,0.00022495777707020985,0,espn_dAvgPos_hybrid
1610612751,BKN,2022,Forwards,8.870000000000001,7996.483333333334,0.39006156552330695,0.004756848360040328,True,0.005766079879244551,-0.0010092315192042223,0,espn_dAvgPos_hybrid
1610612751,BKN,2022,Guards,7.03,7849.733333333334,0.30914687774846084,0.00377008387498123,True,0.0029858101328472182,0.0007842737421340116,0,espn_dAvgPos_hybrid
1610612738,BOS,2022,Centers,7.140000000000001,4757.483333333334,0.3494860499265786,0.004262024999104617,True,0.003443231939127743,0.0008187930599768741,3,espn_dAvgPos_hybrid
1610612738,BOS,2022,Forwards,9.39,8535.3,0.45961820851688695,0.005605100103864475,True,0.005766079879244551,-0.00016097977538007558,3,espn_dAvgPos_hybrid
1610612738,BOS,2022,Guards,3.9000000000000004,6612.383333333333,0.19089574155653452,0.002327996848250421,True,0.0029858101328472182,-0.0006578132845967972,3,espn_dAvgPos_hybrid
1610612766,CHA,2022,Centers,3.24,3594.616666666667,0.137462876537972,0.0016763765431460002,True,0.003443231939127743,-0.001766855395981743,1,espn_dAvgPos_hybrid
1610612766,CHA,2022,Forwards,13.3,8798.716666666665,0.5642766228256259,0.006881422229580803,True,0.005766079879244551,0.0011153423503362523,1,espn_dAvgPos_hybrid
1610612766,CHA,2022,Guards,7.030000000000001,7483.566666666667,0.29826050063640225,0.0036373231784927102,True,0.0029858101328472182,0.000651513045645492,1,espn_dAvgPos_hybrid
1610612741,CHI,2022,Centers,1.4900000000000002,3699.65,0.05620520558279895,0.000685429336375597,True,0.003443231939127743,-0.002757802602752146,0,espn_dAvgPos_hybrid
1610612741,CHI,2022,Forwards,15.290000000000001,8157.966666666666,0.5767634854771784,0.007033701042404614,True,0.005766079879244551,0.0012676211631600636,0,espn_dAvgPos_hybrid
1610612741,CHI,2022,Guards,9.73,7872.2,0.3670313089400226,0.0044759915724393,True,0.0029858101328472182,0.001490181439592082,0,espn_dAvgPos_hybrid
1610612739,CLE,2022,Centers,6.03,4591.266666666666,0.35914234663490174,0.004379784715059777,True,0.003443231939127743,0.0009365527759320341,0,espn_dAvgPos_hybrid
1610612739,CLE,2022,Forwards,11.3,7260.733333333334,0.6730196545562835,0.008207556762881506,True,0.005766079879244551,0.002441476883636955,0,espn_dAvgPos_hybrid
1610612739,CLE,2022,Guards,-0.54,7878.083333333333,-0.03216200119118523,-0.0003922195267217711,True,0.0029858101328472182,-0.003378029659568989,0,espn_dAvgPos_hybrid
1610612742,DAL,2022,Centers,6.65,3619.4166666666665,0.26814516129032256,0.003270062942564909,True,0.003443231939127743,-0.000173168996562834,0,espn_dAvgPos_hybrid
1610612742,DAL,2022,Forwards,7.49,7541.7,0.30201612903225805,0.003683123524783635,True,0.005766079879244551,-0.002082956354460916,0,espn_dAvgPos_hybrid
1610612742,DAL,2022,Guards,10.66,8593.783333333333,0.42983870967741933,0.005241935483870967,True,0.0029858101328472182,0.002256125351023749,0,espn_dAvgPos_hybrid
1610612743,DEN,2022,Centers,8.770000000000001,3684.616666666667,0.3720831565549428,0.004537599470182229,True,0.003443231939127743,0.0010943675310544857,3,espn_dAvgPos_hybrid
1610612743,DEN,2022,Forwards,9.07,9727.05,0.384811200678829,0.0046928195204735245,True,0.005766079879244551,-0.0010732603587710263,3,espn_dAvgPos_hybrid
1610612743,DEN,2022,Guards,5.73,6392.683333333333,0.24310564276622826,0.0029647029605637592,True,0.0029858101328472182,-2.110717228345901e-05,3,espn_dAvgPos_hybrid
1610612765,DET,2022,Centers,2.29,4019.5333333333333,0.2806372549019608,0.0034224055475848875,True,0.003443231939127743,-2.0826391542855694e-05,2,espn_dAvgPos_hybrid
1610612765,DET,2022,Forwards,9.56,8356.283333333333,1.1715686274509804,0.014287422285987566,True,0.005766079879244551,0.008521342406743015,2,espn_dAvgPos_hybrid
1610612765,DET,2022,Guards,-3.6900000000000004,7404.416666666666,-0.45220588235294124,-0.0055147058823529415,True,0.0029858101328472182,-0.00850051601520016,2,espn_dAvgPos_hybrid
1610612744,GSW,2022,Centers,1.5099999999999998,2874.8,0.07245681381957772,0.0008836196807265576,True,0.003443231939127743,-0.0025596122584011856,3,espn_dAvgPos_hybrid
1610612744,GSW,2022,Forwards,5.37,9698.733333333334,0.2576775431861804,0.0031424090632461025,True,0.005766079879244551,-0.0026236708159984483,3,espn_dAvgPos_hybrid
1610612744,GSW,2022,Guards,13.96,7156.183333333333,0.6698656429942419,0.008169093207246852,True,0.0029858101328472182,0.005183283074399634,3,espn_dAvgPos_hybrid
1610612745,HOU,2022,Centers,2.4099999999999997,3916.45,0.21809954751131222,0.0026597505794062467,True,0.003443231939127743,-0.0007834813597214964,2,espn_dAvgPos_hybrid
1610612745,HOU,2022,Forwards,3.04,8075.583333333333,0.2751131221719457,0.003355038075267631,True,0.005766079879244551,-0.00241104180397692,2,espn_dAvgPos_hybrid
1610612745,HOU,2022,Guards,5.6,7763.183333333333,0.5067873303167421,0.006180333296545635,True,0.0029858101328472182,0.0031945231636984167,2,espn_dAvgPos_hybrid
1610612754,IND,2022,Centers,4.66,3122.5166666666664,0.3728,0.0045463414634146345,True,0.003443231939127743,0.0011031095242868914,1,espn_dAvgPos_hybrid
1610612754,IND,2022,Forwards,6.73,8429.916666666666,0.5384,0.0065658536585365855,True,0.005766079879244551,0.0007997737792920347,1,espn_dAvgPos_hybrid
1610612754,IND,2022,Guards,1.11,8327.416666666666,0.0888,0.0010829268292682928,True,0.0029858101328472182,-0.0019028833035789254,1,espn_dAvgPos_hybrid
1610612746,LAC,2022,Centers,5.380000000000001,3653.7833333333333,0.24872861766065651,0.0030332758251299576,True,0.003443231939127743,-0.00040995611399778555,0,espn_dAvgPos_hybrid
1610612746,LAC,2022,Forwards,11.200000000000001,9102.533333333333,0.517799352750809,0.006314626253058646,True,0.005766079879244551,0.0005485463738140956,0,espn_dAvgPos_hybrid
1610612746,LAC,2022,Guards,5.05,7022.05,0.2334720295885344,0.0028472198730309073,True,0.0029858101328472182,-0.0001385902598163109,0,espn_dAvgPos_hybrid
1610612747,LAL,2022,Centers,4.050000000000001,3114.883333333333,0.20069375619425173,0.0024474848316372163,True,0.003443231939127743,-0.0009957471074905268,1,espn_dAvgPos_hybrid
1610612747,LAL,2022,Forwards,13.88,8309.1,0.6878097125867194,0.008387923324228285,True,0.005766079879244551,0.0026218434449837343,1,espn_dAvgPos_hybrid
1610612747,LAL,2022,Guards,2.25,8556.233333333334,0.11149653121902872,0.0013597137953540088,True,0.0029858101328472182,-0.0016260963374932094,1,espn_dAvgPos_hybrid
1610612763,MEM,2022,Centers,-0.44999999999999996,3066.7,-0.023721665788086446,-0.00028928860717178595,True,0.003443231939127743,-0.003732520546299529,3,espn_dAvgPos_hybrid
1610612763,MEM,2022,Forwards,7.870000000000001,7886.233333333334,0.41486557722720085,0.005059336307648791,True,0.005766079879244551,-0.0007067435715957596,3,espn_dAvgPos_hybrid
1610612763,MEM,2022,Guards,11.55,8826.933333333332,0.6088560885608856,0.007425074250742507,True,0.0029858101328472182,0.004439264117895289,3,espn_dAvgPos_hybrid
1610612748,MIA,2022,Centers,3.92,3767.366666666667,0.17547000895255147,0.002139878157957945,True,0.003443231939127743,-0.0013033537811697983,3,espn_dAvgPos_hybrid
1610612748,MIA,2022,Forwards,10.19,7712.316666666667,0.4561324977618621,0.00556259143612027,True,0.005766079879244551,-0.00020348844312428113,3,espn_dAvgPos_hybrid
1610612748,MIA,2022,Guards,8.23,8375.266666666666,0.3683974932855864,0.004492652357141298,True,0.0029858101328472182,0.0015068422242940798,3,espn_dAvgPos_hybrid
1610612749,MIL,2022,Centers,4.04,3434.6,0.16369529983792544,0.0019962841443649446,True,0.003443231939127743,-0.0014469477947627986,3,espn_dAvgPos_hybrid
1610612749,MIL,2022,Forwards,12.17,8659.6,0.4931118314424635,0.006013558920030043,True,0.005766079879244551,0.00024747904078549227,3,espn_dAvgPos_hybrid
1610612749,MIL,2022,Guards,8.47,7656.183333333333,0.3431928687196111,0.004185278886824525,True,0.0029858101328472182,0.0011994687539773068,3,espn_dAvgPos_hybrid
1610612750,MIN,2022,Centers,8.860000000000001,4043.0333333333333,0.3632636326363264,0.004430044300443005,True,0.003443231939127743,0.0009868123613152617,3,espn_dAvgPos_hybrid
1610612750,MIN,2022,Forwards,5.46,8071.85,0.22386223862238622,0.0027300273002730025,True,0.005766079879244551,-0.0030360525789715482,3,espn_dAvgPos_hybrid
1610612750,MIN,2022,Guards,10.07,7664.95,0.4128741287412874,0.005035050350503505,True,0.0029858101328472182,0.0020492402176562866,3,espn_dAvgPos_hybrid
1610612740,NOP,2022,Centers,7.5200000000000005,4476.583333333333,0.5150684931506849,0.006281323087203475,True,0.003443231939127743,0.0028380911480757314,1,espn_dAvgPos_hybrid
1610612740,NOP,2022,Forwards,2.57,8473.25,0.17602739726027394,0.002146675576344804,True,0.005766079879244551,-0.0036194043028997466,1,espn_dAvgPos_hybrid
1610612740,NOP,2022,Guards,4.51,6805.25,0.3089041095890411,0.0037671232876712326,True,0.0029858101328472182,0.0007813131548240143,1,espn_dAvgPos_hybrid
1610612752,NYK,2022,Centers,3.74,3911.0666666666666,0.28057014253563395,0.003421587104093097,True,0.003443231939127743,-2.164483503464638e-05,1,espn_dAvgPos_hybrid
1610612752,NYK,2022,Forwards,0.36000000000000015,6529.066666666667,0.027006751687921993,0.0003293506303405121,True,0.005766079879244551,-0.005436729248904038,1,espn_dAvgPos_hybrid
1610612752,NYK,2022,Guards,9.23,9339.05,0.6924231057764442,0.008444184216785904,True,0.0029858101328472182,0.005458374083938686,1,espn_dAvgPos_hybrid
1610612760,OKC,2022,Centers,2.93,4173.466666666666,0.3406976744186046,0.004154849688031763,True,0.003443231939127743,0.0007116177489040199,2,espn_dAvgPos_hybrid
1610612760,OKC,2022,Forwards,6.36,8048.95,0.7395348837209301,0.009018718094157684,True,0.005766079879244551,0.003252638214913133,2,espn_dAvgPos_hybrid
1610612760,OKC,2022,Guards,-0.6899999999999995,7582.333333333333,-0.08023255813953481,-0.0009784458309699366,True,0.0029858101328472182,-0.003964255963817154,2,espn_dAvgPos_hybrid
1610612753,ORL,2022,Centers,3.4299999999999997,3513.8333333333335,0.8325242718446603,0.010152735022495857,True,0.003443231939127743,0.006709503083368114,2,espn_dAvgPos_hybrid
1610612753,ORL,2022,Forwards,5.29,8619.833333333334,1.283980582524272,0.015658299786881366,True,0.005766079879244551,0.009892219907636815,2,espn_dAvgPos_hybrid
1610612753,ORL,2022,Guards,-4.6,7646.033333333333,-1.1165048543689322,-0.01361591285815771,True,0.0029858101328472182,-0.01660172299100493,2,espn_dAvgPos_hybrid
1610612755,PHI,2022,Centers,8.08,3993.75,0.3098159509202454,0.0037782433039054313,True,0.003443231939127743,0.00033501136477768817,0,espn_dAvgPos_hybrid
1610612755,PHI,2022,Forwards,9.28,8917.416666666666,0.35582822085889565,0.004339368547059703,True,0.005766079879244551,-0.001426711332184848,0,espn_dAvgPos_hybrid
1610612755,PHI,2022,Guards,8.72,6892.900000000001,0.3343558282208589,0.004077510100254377,True,0.0029858101328472182,0.001091699967407159,0,espn_dAvgPos_hybrid
1610612756,PHX,2022,Centers,7.2700000000000005,3971.2166666666667,0.24048957988752895,0.002932799754725963,True,0.003443231939127743,-0.0005104321844017802,3,espn_dAvgPos_hybrid
1610612756,PHX,2022,Forwards,12.75,7600.666666666667,0.4217664571617598,0.005143493380021461,True,0.005766079879244551,-0.0006225864992230896,3,espn_dAvgPos_hybrid
1610612756,PHX,2022,Guards,10.209999999999999,8158.4,0.3377439629507112,0.004118828816472088,True,0.0029858101328472182,0.0011330186836248693,3,espn_dAvgPos_hybrid
1610612757,POR,2022,Centers,3.95,4258.25,0.3489399293286219,0.004255364991812462,True,0.003443231939127743,0.000812133052684719,2,espn_dAvgPos_hybrid
1610612757,POR,2022,Forwards,3.4999999999999996,7816.283333333334,0.30918727915194344,0.0037705765750237004,True,0.005766079879244551,-0.0019955033042208504,2,espn_dAvgPos_hybrid
1610612757,POR,2022,Guards,3.87,7655.116666666667,0.3418727915194346,0.004169180384383349,True,0.0029858101328472182,0.0011833702515361305,2,espn_dAvgPos_hybrid
1610612758,SAC,2022,Centers,6.65,5068.15,0.36478332419089415,0.004448577124279197,True,0.003443231939127743,0.0010053451851514536,2,espn_dAvgPos_hybrid
1610612758,SAC,2022,Forwards,9.610000000000001,7355.75,0.5271530444322545,0.0064286956638079824,True,0.005766079879244551,0.0006626157845634317,2,espn_dAvgPos_hybrid
1610612758,SAC,2022,Guards,1.97,7381.3,0.10806363137685134,0.0013178491631323334,True,0.0029858101328472182,-0.0016679609697148848,2,espn_dAvgPos_hybrid
1610612759,SAS,2022,Centers,2.71,4025.2,0.18224613315400134,0.002222513818951236,True,0.003443231939127743,-0.0012207181201765072,1,espn_dAvgPos_hybrid
1610612759,SAS,2022,Forwards,7.8,7457.433333333333,0.5245460659045057,0.006396903242737875,True,0.005766079879244551,0.000630823363493324,1,espn_dAvgPos_hybrid
1610612759,SAS,2022,Guards,4.36,8322.216666666667,0.29320780094149296,0.003575704889530402,True,0.0029858101328472182,0.0005898947566831837,1,espn_dAvgPos_hybrid
1610612761,TOR,2022,Centers,3.1500000000000004,4434.2,0.17250821467688937,0.0021037587155718217,True,0.003443231939127743,-0.0013394732235559215,0,espn_dAvgPos_hybrid
1610612761,TOR,2022,Forwards,7.12,7799.883333333333,0.3899233296823658,0.004755162557102022,True,0.005766079879244551,-0.0010109173221425289,0,espn_dAvgPos_hybrid
1610612761,TOR,2022,Guards,7.989999999999999,7621.066666666667,0.4375684556407447,0.005336200678545667,True,0.0029858101328472182,0.0023503905456984486,0,espn_dAvgPos_hybrid
1610612762,UTA,2022,Centers,6.5600000000000005,3527.8333333333335,0.2671009771986971,0.003257328990228013,True,0.003443231939127743,-0.00018590294889973,3,espn_dAvgPos_hybrid
1610612762,UTA,2022,Forwards,8.979999999999999,8463.483333333334,0.3656351791530944,0.004458965599427981,True,0.005766079879244551,-0.00130711427981657,3,espn_dAvgPos_hybrid
1610612762,UTA,2022,Guards,9.02,7738.716666666667,0.36726384364820847,0.004478827361563518,True,0.0029858101328472182,0.0014930172287163,3,espn_dAvgPos_hybrid
1610612764,WAS,2022,Centers,9.94,4027.6,0.48416950803701897,0.005904506195573402,True,0.003443231939127743,0.0024612742564456593,1,espn_dAvgPos_hybrid
1610612764,WAS,2022,Forwards,6.890000000000001,7488.783333333333,0.33560642961519727,0.0040927613367706984,True,0.005766079879244551,-0.0016733185424738523,1,espn_dAvgPos_hybrid
1610612764,WAS,2022,Guards,3.7,8313.75,0.18022406234778374,0.0021978544188754113,True,0.0029858101328472182,-0.0007879557139718069,1,espn_dAvgPos_hybrid
1610612737,ATL,2023,Centers,8.99,3796.05,0.2980769230769231,0.0036350844277673548,True,0.002806837325955808,0.0008282471018115469,1,espn_dAvgPos_hybrid
1610612737,ATL,2023,Forwards,11.49,8109.783333333334,0.38096816976127323,0.004645953289771625,True,0.005455171619658099,-0.0008092183298864745,1,espn_dAvgPos_hybrid
1610612737,ATL,2023,Guards,9.68,7949.283333333334,0.3209549071618037,0.003914084233680533,True,0.003933113005605606,-1.90287719250724e-05,1,espn_dAvgPos_hybrid
1610612751,BKN,2023,Centers,4.71,3158.0499999999997,0.1510583707504811,0.0018421752530546475,True,0.002806837325955808,-0.0009646620729011604,0,espn_dAvgPos_hybrid
1610612751,BKN,2023,Forwards,13.129999999999999,9091.933333333332,0.4211032713277742,0.005135405747899686,True,0.005455171619658099,-0.00031976587175841335,0,espn_dAvgPos_hybrid
1610612751,BKN,2023,Guards,13.34,7480.2,0.4278383579217447,0.005217540950265179,True,0.003933113005605606,0.001284427944659573,0,espn_dAvgPos_hybrid
1610612738,BOS,2023,Centers,6.72,4612.7,0.2105263157894737,0.0025673940949935818,True,0.002806837325955808,-0.00023944323096222611,3,espn_dAvgPos_hybrid
1610612738,BOS,2023,Forwards,15.43,8639.133333333333,0.4833959899749374,0.005895073048474846,True,0.005455171619658099,0.0004399014288167472,3,espn_dAvgPos_hybrid
1610612738,BOS,2023,Guards,9.77,6728.4,0.306077694235589,0.0037326548077510854,True,0.003933113005605606,-0.00020045819785452024,3,espn_dAvgPos_hybrid
1610612766,CHA,2023,Centers,6.16,3641.616666666667,0.4745762711864407,0.005787515502273667,True,0.002806837325955808,0.0029806781763178592,2,espn_dAvgPos_hybrid
1610612766,CHA,2023,Forwards,7.21,9125.983333333334,0.5554699537750385,0.0067740238265248595,True,0.005455171619658099,0.0013188522068667604,2,espn_dAvgPos_hybrid
1610612766,CHA,2023,Guards,-0.3899999999999999,7062.333333333333,-0.03004622496147919,-0.0003664173775790145,True,0.003933113005605606,-0.0042995303831846205,2,espn_dAvgPos_hybrid
1610612741,CHI,2023,Centers,4.49,3648.2000000000003,0.16244573082489147,0.0019810454978645303,True,0.002806837325955808,-0.0008257918280912776,0,espn_dAvgPos_hybrid
1610612741,CHI,2023,Forwards,13.83,8211.633333333333,0.5003617945007236,0.006101973103667361,True,0.005455171619658099,0.0006468014840092622,0,espn_dAvgPos_hybrid
1610612741,CHI,2023,Guards,9.32,8044.366666666666,0.33719247467438496,0.0041121033496876215,True,0.003933113005605606,0.00017899034408201588,0,espn_dAvgPos_hybrid
1610612739,CLE,2023,Centers,3.79,2518.65,0.15437881873727088,0.0018826685211862303,True,0.002806837325955808,-0.0009241688047695775,0,espn_dAvgPos_hybrid
1610612739,CLE,2023,Forwards,11.06,9114.25,0.4505091649694501,0.005494014206944513,True,0.005455171619658099,3.8842587286413814e-05,0,espn_dAvgPos_hybrid
1610612739,CLE,2023,Guards,9.7,8246.683333333332,0.39511201629327897,0.004818439223088768,True,0.003933113005605606,0.0008853262174831622,0,espn_dAvgPos_hybrid
1610612742,DAL,2023,Centers,7.59,3550.8,0.2400379506641366,0.002927292081269959,True,0.002806837325955808,0.00012045475531415094,0,espn_dAvgPos_hybrid
1610612742,DAL,2023,Forwards,11.01,8268.55,0.34819734345351044,0.004246309066506225,True,0.005455171619658099,-0.001208862553151874,0,espn_dAvgPos_hybrid
1610612742,DAL,2023,Guards,13.020000000000001,8108.416666666666,0.411764705882353,0.005021520803443329,True,0.003933113005605606,0.0010884077978377234,0,espn_dAvgPos_hybrid
1610612743,DEN,2023,Centers,8.27,3841.8,0.27835745540222145,0.003394603114661237,True,0.002806837325955808,0.0005877657887054292,0,espn_dAvgPos_hybrid
1610612743,DEN,2023,Forwards,13.42,7266.116666666667,0.45169976438909454,0.005508533712062128,True,0.005455171619658099,5.336209240402925e-05,0,espn_dAvgPos_hybrid
1610612743,DEN,2023,Guards,8.02,8646.883333333333,0.2699427802086839,0.003291985124496145,True,0.003933113005605606,-0.0006411278811094606,0,espn_dAvgPos_hybrid
1610612765,DET,2023,Centers,3.2,4831.35,0.26058631921824105,0.0031778819416858665,True,0.002806837325955808,0.0003710446157300586,2,espn_dAvgPos_hybrid
1610612765,DET,2023,Forwards,8.32,6769.9,0.6775244299674268,0.008262493048383253,True,0.005455171619658099,0.002807321428725154,2,espn_dAvgPos_hybrid
1610612765,DET,2023,Guards,0.7599999999999998,8203.883333333333,0.06188925081433223,0.000754746961150393,True,0.003933113005605606,-0.0031783660444552127,2,espn_dAvgPos_hybrid
1610612744,GSW,2023,Centers,3.73,3016.5666666666666,0.1416635017090771,0.0017276036793789891,True,0.002806837325955808,-0.0010792336465768188,3,espn_dAvgPos_hybrid
1610612744,GSW,2023,Forwards,8.56,9511.9,0.32510444360045576,0.003964688336590924,True,0.005455171619658099,-0.0014904832830671755,3,espn_dAvgPos_hybrid
1610612744,GSW,2023,Guards,14.040000000000001,7301.916666666667,0.5332320546904672,0.0065028299352496,True,0.003933113005605606,0.0025697169296439943,3,espn_dAvgPos_hybrid
1610612745,HOU,2023,Centers,0.4100000000000001,3675.75,0.07032590051457978,0.0008576329331046314,True,0.002806837325955808,-0.0019492043928511765,2,espn_dAvgPos_hybrid
1610612745,HOU,2023,Forwards,5.45,7271.216666666667,0.934819897084048,0.01140024264736644,True,0.005455171619658099,0.0059450710277083405,2,espn_dAvgPos_hybrid
1610612745,HOU,2023,Guards,-0.02999999999999997,8808.133333333333,-0.0051457975986277825,-6.275362925155832e-05,True,0.003933113005605606,-0.003995866634857164,2,espn_dAvgPos_hybrid
1610612754,IND,2023,Centers,7.930000000000001,4457.4,0.3026717557251909,0.0036911189722584254,True,0.002806837325955808,0.0008842816463026175,1,espn_dAvgPos_hybrid
1610612754,IND,2023,Forwards,6.72,7109.633333333334,0.2564885496183206,0.003127909141686837,True,0.005455171619658099,-0.002327262477971262,1,espn_dAvgPos_hybrid
1610612754,IND,2023,Guards,11.55,8186.866666666667,0.4408396946564886,0.005376093837274251,True,0.003933113005605606,0.0014429808316686454,1,espn_dAvgPos_hybrid
1610612746,LAC,2023,Centers,4.14,3109.7333333333327,0.14886731391585759,0.001815455047754361,True,0.002806837325955808,-0.000991382278201447,0,espn_dAvgPos_hybrid
1610612746,LAC,2023,Forwards,14.5,8624.416666666666,0.5213951815893563,0.006358477824260442,True,0.005455171619658099,0.0009033062046023433,0,espn_dAvgPos_hybrid
1610612746,LAC,2023,Guards,9.17,8095.4,0.329737504494786,0.0040211890792047076,True,0.003933113005605606,8.807607359910194e-05,0,espn_dAvgPos_hybrid
1610612747,LAL,2023,Centers,10.32,4068.366666666667,0.37269772481040087,0.0045450942050048885,True,0.002806837325955808,0.0017382568790490806,1,espn_dAvgPos_hybrid
1610612747,LAL,2023,Forwards,13.97,8092.0,0.5045142650776454,0.006152612988751773,True,0.005455171619658099,0.0006974413690936741,1,espn_dAvgPos_hybrid
1610612747,LAL,2023,Guards,3.400000000000001,7718.883333333333,0.1227880101119538,0.0014974147574628512,True,0.003933113005605606,-0.0024356982481427546,1,espn_dAvgPos_hybrid
1610612763,MEM,2023,Centers,3.4,4171.15,0.15104398045313192,0.00184199976162356,True,0.002806837325955808,-0.0009648375643322479,3,espn_dAvgPos_hybrid
1610612763,MEM,2023,Forwards,9.66,7959.066666666667,0.42914260328742776,0.005233446381553997,True,0.005455171619658099,-0.00022172523810410228,3,espn_dAvgPos_hybrid
1610612763,MEM,2023,Guards,9.45,7648.633333333333,0.4198134162594402,0.005119675808041953,True,0.003933113005605606,0.0011865628024363478,3,espn_dAvgPos_hybrid
1610612748,MIA,2023,Centers,5.22,3744.9500000000003,0.1898872317206257,0.0023156979478125084,True,0.002806837325955808,-0.0004911393781432995,0,espn_dAvgPos_hybrid
1610612748,MIA,2023,Forwards,15.59,9009.666666666666,0.5671153146598763,0.0069160404226814185,True,0.005455171619658099,0.0014608688030233194,0,espn_dAvgPos_hybrid
1610612748,MIA,2023,Guards,6.68,7049.433333333333,0.242997453619498,0.0029633835807255857,True,0.003933113005605606,-0.00096972942488002,0,espn_dAvgPos_hybrid
1610612749,MIL,2023,Centers,6.2,2888.4500000000003,0.22561863173216884,0.0027514467284410833,True,0.002806837325955808,-5.5390597514724544e-05,3,espn_dAvgPos_hybrid
1610612749,MIL,2023,Forwards,12.15,8972.733333333334,0.4421397379912664,0.005391948024283736,True,0.005455171619658099,-6.322359537436293e-05,3,espn_dAvgPos_hybrid
1610612749,MIL,2023,Guards,9.129999999999999,7968.516666666666,0.3322416302765647,0.004051727198494692,True,0.003933113005605606,0.00011861419288908617,3,espn_dAvgPos_hybrid
1610612750,MIN,2023,Centers,6.99,3642.85,0.30524017467248904,0.0037224411545425493,True,0.002806837325955808,0.0009156038285867414,1,espn_dAvgPos_hybrid
1610612750,MIN,2023,Forwards,7.54,7092.5,0.32925764192139734,0.0040153370966024065,True,0.005455171619658099,-0.0014398345230556926,1,espn_dAvgPos_hybrid
1610612750,MIN,2023,Guards,8.370000000000001,9094.583333333334,0.36550218340611357,0.0044573437000745555,True,0.003933113005605606,0.0005242306944689499,1,espn_dAvgPos_hybrid
1610612740,NOP,2023,Centers,5.1,4416.833333333334,0.24853801169590642,0.0030309513621452,True,0.002806837325955808,0.00022411403618939228,0,espn_dAvgPos_hybrid
1610612740,NOP,2023,Forwards,13.16,8695.85,0.6413255360623782,0.007821043122711929,True,0.005455171619658099,0.00236587150305383,0,espn_dAvgPos_hybrid
1610612740,NOP,2023,Guards,2.26,6741.766666666667,0.1101364522417154,0.001343127466362383,True,0.003933113005605606,-0.0025899855392432225,0,espn_dAvgPos_hybrid
1610612752,NYK,2023,Centers,4.05,4029.516666666667,0.1314935064935065,0.0016035793474817866,True,0.002806837325955808,-0.0012032579784740213,1,espn_dAvgPos_hybrid
1610612752,NYK,2023,Forwards,10.86,7199.483333333333,0.3525974025974026,0.004299968324358568,True,0.005455171619658099,-0.001155203295299531,1,espn_dAvgPos_hybrid
1610612752,NYK,2023,Guards,15.89,8725.766666666666,0.5159090909090909,0.006291574279379157,True,0.003933113005605606,0.0023584612737735516,1,espn_dAvgPos_hybrid
1610612760,OKC,2023,Centers,3.3600000000000003,3437.9833333333336,0.13686354378818738,0.001669067607173017,True,0.002806837325955808,-0.001137769718782791,1,espn_dAvgPos_hybrid
1610612760,OKC,2023,Forwards,9.44,8978.6,0.38452138492871685,0.004689285182057522,True,0.005455171619658099,-0.0007658864376005768,1,espn_dAvgPos_hybrid
1610612760,OKC,2023,Guards,11.75,7438.599999999999,0.4786150712830957,0.005836769161988972,True,0.003933113005605606,0.0019036561563833664,1,espn_dAvgPos_hybrid
1610612753,ORL,2023,Centers,5.99,4130.299999999999,0.31100726895119424,0.0037927715725755394,True,0.002806837325955808,0.0009859342466197315,2,espn_dAvgPos_hybrid
1610612753,ORL,2023,Forwards,6.92,8053.416666666667,0.35929387331256496,0.004381632601372743,True,0.005455171619658099,-0.001073539018285356,2,espn_dAvgPos_hybrid
1610612753,ORL,2023,Guards,6.35,7596.416666666666,0.3296988577362409,0.004020717777271231,True,0.003933113005605606,8.76047716656253e-05,2,espn_dAvgPos_hybrid
1610612755,PHI,2023,Centers,13.2,4216.883333333333,0.39473684210526316,0.004813863928112966,True,0.002806837325955808,0.0020070266021571578,0,espn_dAvgPos_hybrid
1610612755,PHI,2023,Forwards,9.9,7301.033333333333,0.2960526315789474,0.0036103979460847244,True,0.005455171619658099,-0.0018447736735733747,0,espn_dAvgPos_hybrid
1610612755,PHI,2023,Guards,10.34,8361.683333333334,0.3092105263157895,0.003770860077021823,True,0.003933113005605606,-0.00016225292858378267,0,espn_dAvgPos_hybrid
1610612756,PHX,2023,Centers,4.6899999999999995,3887.9,0.2191588785046729,0.0026726692500569863,True,0.002806837325955808,-0.00013416807589882156,0,espn_dAvgPos_hybrid
1610612756,PHX,2023,Forwards,9.25,9249.2,0.4322429906542056,0.005271255983587873,True,0.005455171619658099,-0.00018391563607022578,0,espn_dAvgPos_hybrid
1610612756,PHX,2023,Guards,7.46,6643.033333333333,0.3485981308411215,0.004251196717574653,True,0.003933113005605606,0.00031808371196904734,0,espn_dAvgPos_hybrid
1610612757,POR,2023,Centers,3.0300000000000002,3196.166666666667,0.11180811808118081,0.0013635136351363513,True,0.002806837325955808,-0.0014433236908194566,2,espn_dAvgPos_hybrid
1610612757,POR,2023,Forwards,8.33,9223.533333333333,0.307380073800738,0.0037485374853748537,True,0.005455171619658099,-0.0017066341342832454,2,espn_dAvgPos_hybrid
1610612757,POR,2023,Guards,15.740000000000002,7308.8,0.5808118081180812,0.007083070830708307,True,0.003933113005605606,0.0031499578251027015,2,espn_dAvgPos_hybrid
1610612758,SAC,2023,Centers,6.91,3614.5166666666664,0.1722333000997009,0.00210040609877684,True,0.002806837325955808,-0.0007064312271789679,3,espn_dAvgPos_hybrid
1610612758,SAC,2023,Forwards,13.330000000000002,8118.5,0.33225324027916253,0.004051868783892226,True,0.005455171619658099,-0.0014033028357658735,3,espn_dAvgPos_hybrid
1610612758,SAC,2023,Guards,19.880000000000003,8095.916666666667,0.4955134596211366,0.006042847068550446,True,0.003933113005605606,0.0021097340629448406,3,espn_dAvgPos_hybrid
1610612759,SAS,2023,Centers,2.28,3948.6666666666665,0.1881188118811881,0.002294131852209611,True,0.002806837325955808,-0.0005127054737461968,2,espn_dAvgPos_hybrid
1610612759,SAS,2023,Forwards,8.22,7981.516666666667,0.6782178217821783,0.008270949046124125,True,0.005455171619658099,0.002815777426466026,2,espn_dAvgPos_hybrid
1610612759,SAS,2023,Guards,1.62,7924.916666666666,0.13366336633663367,0.0016300410528857765,True,0.003933113005605606,-0.002303071952719829,2,espn_dAvgPos_hybrid
1610612761,TOR,2023,Centers,4.88,3193.9666666666667,0.24923391215526045,0.003039437953112932,True,0.002806837325955808,0.00023260062715712432,0,espn_dAvgPos_hybrid
1610612761,TOR,2023,Forwards,5.2,8086.05,0.26557711950970375,0.003238745359874436,True,0.005455171619658099,-0.002216426259783663,0,espn_dAvgPos_hybrid
1610612761,TOR,2023,Guards,9.500000000000002,8525.166666666666,0.4851889683350358,0.005916938638232143,True,0.003933113005605606,0.001983825632626538,0,espn_dAvgPos_hybrid
1610612762,UTA,2023,Centers,5.67,2362.833333333333,0.20028258565877782,0.0024424705568143637,True,0.002806837325955808,-0.0003643667691414442,1,espn_dAvgPos_hybrid
1610612762,UTA,2023,Forwards,12.760000000000002,8233.9,0.4507241257506182,0.005496635679885588,True,0.005455171619658099,4.146406022748853e-05,1,espn_dAvgPos_hybrid
1610612762,UTA,2023,Guards,9.88,9208.483333333334,0.3489932885906041,0.004256015714519562,True,0.003933113005605606,0.0003229027089139561,1,espn_dAvgPos_hybrid
1610612764,WAS,2023,Centers,8.84,4389.066666666667,0.40328467153284675,0.0049181057504005705,True,0.002806837325955808,0.0021112684244447627,0,espn_dAvgPos_hybrid
1610612764,WAS,2023,Forwards,7.46,7971.6,0.3403284671532847,0.004150347160405911,True,0.005455171619658099,-0.001304824459252188,0,espn_dAvgPos_hybrid
1610612764,WAS,2023,Guards,5.62,7394.45,0.2563868613138686,0.0031266690404130318,True,0.003933113005605606,-0.0008064439651925739,0,espn_dAvgPos_hybrid
1610612737,ATL,2024,Centers,5.15,3970.1833333333334,0.1815297849841382,0.002213777865660222,True,0.0025476947239873662,-0.00033391685832714424,1,espn_dAvgPos_hybrid
1610612737,ATL,2024,Forwards,10.75,7405.5,0.37892139584067674,0.004620992632203375,True,0.0055581680993652275,-0.0009371754671618528,1,espn_dAvgPos_hybrid
1610612737,ATL,2024,Guards,12.47,8479.466666666667,0.43954881917518507,0.0053603514533559155,True,0.004089259127866918,0.0012710923254889974,1,espn_dAvgPos_hybrid
1610612751,BKN,2024,Centers,4.37,3487.383333333333,0.21411073003429693,0.0026111064638328894,True,0.0025476947239873662,6.341173984552315e-05,1,espn_dAvgPos_hybrid
1610612751,BKN,2024,Forwards,10.49,9561.35,0.5139637432631063,0.006267850527598858,True,0.0055581680993652275,0.0007096824282336305,1,espn_dAvgPos_hybrid
1610612751,BKN,2024,Guards,5.550000000000001,6756.1,0.2719255267025968,0.0033161649597877657,True,0.004089259127866918,-0.0007730941680791524,1,espn_dAvgPos_hybrid
1610612738,BOS,2024,Centers,8.879999999999999,3006.5333333333333,0.26404995539696696,0.003220121407280085,True,0.0025476947239873662,0.0006724266832927187,3,espn_dAvgPos_hybrid
1610612738,BOS,2024,Forwards,15.25,9600.283333333333,0.4534641688968183,0.005530050840205101,True,0.0055581680993652275,-2.8117259160126765e-05,3,espn_dAvgPos_hybrid
1610612738,BOS,2024,Guards,9.5,7221.716666666666,0.2824858757062147,0.0034449497037343257,True,0.004089259127866918,-0.0006443094241325924,3,espn_dAvgPos_hybrid
1610612766,CHA,2024,Centers,3.35,3037.0166666666664,0.23775727466288146,0.0028994789593034323,True,0.0025476947239873662,0.00035178423531606606,2,espn_dAvgPos_hybrid
1610612766,CHA,2024,Forwards,9.610000000000001,8784.783333333333,0.6820440028388929,0.008317609790718206,True,0.0055581680993652275,0.002759441691352979,2,espn_dAvgPos_hybrid
1610612766,CHA,2024,Guards,1.1300000000000001,7907.8,0.0801987224982257,0.0009780332011978744,True,0.004089259127866918,-0.0031112259266690436,2,espn_dAvgPos_hybrid
1610612741,CHI,2024,Centers,3.54,4026.566666666667,0.13238593866866116,0.0016144626666909898,True,0.0025476947239873662,-0.0009332320572963764,1,espn_dAvgPos_hybrid
1610612741,CHI,2024,Forwards,15.49,8702.883333333333,0.5792819745699327,0.007064414324023569,True,0.0055581680993652275,0.0015062462246583416,1,espn_dAvgPos_hybrid
1610612741,CHI,2024,Guards,7.71,7250.75,0.2883320867614061,0.0035162449605049525,True,0.004089259127866918,-0.0005730141673619656,1,espn_dAvgPos_hybrid
1610612739,CLE,2024,Centers,6.47,3260.7666666666664,0.2521434138737334,0.0030749196813869926,True,0.0025476947239873662,0.0005272249573996263,0,espn_dAvgPos_hybrid
1610612739,CLE,2024,Forwards,11.46,9010.166666666666,0.44660950896336715,0.0054464574263825265,True,0.0055581680993652275,-0.00011171067298270092,0,espn_dAvgPos_hybrid
1610612739,CLE,2024,Guards,7.73,7533.8,0.30124707716289945,0.003673744843449993,True,0.004089259127866918,-0.000415514284416925,0,espn_dAvgPos_hybrid
1610612742,DAL,2024,Centers,5.25,4077.6,0.16504243948443886,0.002012712676639498,True,0.0025476947239873662,-0.0005349820473478681,3,espn_dAvgPos_hybrid
1610612742,DAL,2024,Forwards,10.64,7295.216666666667,0.3344860106884628,0.004079097691322717,True,0.0055581680993652275,-0.0014790704080425102,3,espn_dAvgPos_hybrid
1610612742,DAL,2024,Guards,15.92,8331.083333333334,0.5004715498270984,0.006103311583257298,True,0.004089259127866918,0.0020140524553903796,3,espn_dAvgPos_hybrid
1610612743,DEN,2024,Centers,9.0,3757.7333333333336,0.3077975376196991,0.003753628507557306,True,0.0025476947239873662,0.0012059337835699396,0,espn_dAvgPos_hybrid
1610612743,DEN,2024,Forwards,11.82,7864.5,0.40424076607387144,0.004929765439925261,True,0.0055581680993652275,-0.0006284026594399663,0,espn_dAvgPos_hybrid
1610612743,DEN,2024,Guards,8.42,8082.766666666666,0.28796169630642954,0.0035117280037369456,True,0.004089259127866918,-0.0005775311241299724,0,espn_dAvgPos_hybrid
1610612765,DET,2024,Centers,4.130000000000001,3646.7166666666667,0.46145251396648046,0.005627469682518055,True,0.0025476947239873662,0.0030797749585306884,2,espn_dAvgPos_hybrid
1610612765,DET,2024,Forwards,3.47,7908.333333333333,0.3877094972067039,0.004728164600081755,True,0.0055581680993652275,-0.0008300034992834724,2,espn_dAvgPos_hybrid
1610612765,DET,2024,Guards,1.3500000000000003,8200.25,0.15083798882681565,0.0018394876686197031,True,0.004089259127866918,-0.002249771459247215,2,espn_dAvgPos_hybrid
1610612744,GSW,2024,Centers,0.23000000000000004,3800.266666666667,0.008318264014466548,0.00010144224407886035,True,0.0025476947239873662,-0.002446252479908506,1,espn_dAvgPos_hybrid
1610612744,GSW,2024,Forwards,15.02,8713.266666666666,0.5432188065099458,0.006624619591584705,True,0.0055581680993652275,0.0010664514922194774,1,espn_dAvgPos_hybrid
1610612744,GSW,2024,Guards,12.4,7316.6833333333325,0.44846292947558775,0.005469060115555948,True,0.004089259127866918,0.00137980098768903,1,espn_dAvgPos_hybrid
1610612745,HOU,2024,Centers,2.46,2880.116666666667,0.12531839021905247,0.0015282730514518594,True,0.0025476947239873662,-0.0010194216725355068,1,espn_dAvgPos_hybrid
1610612745,HOU,2024,Forwards,9.32,8613.266666666666,0.47478349465104436,0.005790042617695663,True,0.0055581680993652275,0.00023187451833043583,1,espn_dAvgPos_hybrid
1610612745,HOU,2024,Guards,7.8500000000000005,8361.283333333333,0.39989811512990325,0.004876806282071991,True,0.004089259127866918,0.0007875471542050727,1,espn_dAvgPos_hybrid
1610612754,IND,2024,Centers,10.84,3935.866666666667,0.3017817371937639,0.003680265087728828,True,0.0025476947239873662,0.0011325703637414617,3,espn_dAvgPos_hybrid
1610612754,IND,2024,Forwards,13.92,7411.683333333333,0.38752783964365256,0.0047259492639469824,True,0.0055581680993652275,-0.000832218835418245,3,espn_dAvgPos_hybrid
1610612754,IND,2024,Guards,11.16,8356.433333333334,0.3106904231625835,0.0037889075995437014,True,0.004089259127866918,-0.0003003515283232167,3,espn_dAvgPos_hybrid
1610612746,LAC,2024,Centers,4.29,3539.0666666666666,0.14158415841584157,0.0017266360782419703,True,0.0025476947239873662,-0.0008210586457453959,0,espn_dAvgPos_hybrid
1610612746,LAC,2024,Forwards,16.89,7260.65,0.5574257425742575,0.0067978749094421646,True,0.0055581680993652275,0.001239706810076937,0,espn_dAvgPos_hybrid
1610612746,LAC,2024,Guards,9.120000000000001,8904.45,0.30099009900990104,0.0036706109635353786,True,0.004089259127866918,-0.00041864816433153946,0,espn_dAvgPos_hybrid
1610612747,LAL,2024,Centers,8.64,4448.683333333333,0.29528366370471637,0.0036010202890819068,True,0.0025476947239873662,0.0010533255650945405,1,espn_dAvgPos_hybrid
1610612747,LAL,2024,Forwards,12.53,7240.849999999999,0.42822966507177035,0.005222312988680126,True,0.0055581680993652275,-0.0003358551106851012,1,espn_dAvgPos_hybrid
1610612747,LAL,2024,Guards,8.09,8164.9,0.27648667122351334,0.0033717886734574796,True,0.004089259127866918,-0.0007174704544094385,1,espn_dAvgPos_hybrid
1610612763,MEM,2024,Centers,-0.91,3608.866666666667,-0.1270949720670391,-0.0015499386837443793,True,0.0025476947239873662,-0.004097633407731746,2,espn_dAvgPos_hybrid
1610612763,MEM,2024,Forwards,5.17,9080.183333333332,0.7220670391061452,0.00880569559885543,True,0.0055581680993652275,0.003247527499490202,2,espn_dAvgPos_hybrid
1610612763,MEM,2024,Guards,2.9,7087.5,0.40502793296089384,0.004939365036108461,True,0.004089259127866918,0.000850105908241543,2,espn_dAvgPos_hybrid
1610612748,MIA,2024,Centers,4.15,4085.1,0.17481044650379107,0.0021318347134608668,True,0.0025476947239873662,-0.0004158600105264995,0,espn_dAvgPos_hybrid
1610612748,MIA,2024,Forwards,10.06,8518.15,0.42375737152485254,0.005167772823473812,True,0.0055581680993652275,-0.0003903952758914156,0,espn_dAvgPos_hybrid
1610612748,MIA,2024,Guards,9.53,7148.916666666666,0.4014321819713563,0.004895514414284833,True,0.004089259127866918,0.0008062552864179151,0,espn_dAvgPos_hybrid
1610612749,MIL,2024,Centers,6.75,4485.983333333334,0.2138105796642382,0.0026074460934663196,True,0.0025476947239873662,5.9751369478953324e-05,3,espn_dAvgPos_hybrid
1610612749,MIL,2024,Forwards,12.31,6787.3,0.389927146024707,0.004755209097862281,True,0.0055581680993652275,-0.0008029590015029469,3,espn_dAvgPos_hybrid
1610612749,MIL,2024,Guards,12.51,8524.949999999999,0.39626227431105476,0.004832466759890912,True,0.004089259127866918,0.000743207632023994,3,espn_dAvgPos_hybrid
1610612750,MIN,2024,Centers,4.9,2714.616666666667,0.18595825426944973,0.002267783588651826,True,0.0025476947239873662,-0.0002799111353355404,0,espn_dAvgPos_hybrid
1610612750,MIN,2024,Forwards,10.549999999999999,8554.366666666667,0.4003795066413662,0.004882676910260563,True,0.0055581680993652275,-0.0006754911891046645,0,espn_dAvgPos_hybrid
1610612750,MIN,2024,Guards,10.9,8534.466666666667,0.41366223908918404,0.005044661452307122,True,0.004089259127866918,0.000955402324440204,0,espn_dAvgPos_hybrid
1610612740,NOP,2024,Centers,4.2299999999999995,3794.6833333333334,0.18875502008032127,0.0023018904887844058,True,0.0025476947239873662,-0.0002458042352029605,3,espn_dAvgPos_hybrid
1610612740,NOP,2024,Forwards,10.05,6639.55,0.4484605087014726,0.005469030593920397,True,0.0055581680993652275,-8.91375054448305e-05,3,espn_dAvgPos_hybrid
1610612740,NOP,2024,Guards,8.129999999999999,9270.433333333332,0.3627844712182061,0.004424200868514709,True,0.004089259127866918,0.00033494174064779055,3,espn_dAvgPos_hybrid
1610612752,NYK,2024,Centers,1.5099999999999998,3415.9833333333336,0.06939338235294118,0.0008462607604017217,True,0.0025476947239873662,-0.0017014339635856445,0,espn_dAvgPos_hybrid
1610612752,NYK,2024,Forwards,4.89,7824.083333333333,0.22472426470588236,0.0027405398134863704,True,0.0055581680993652275,-0.002817628285878857,0,espn_dAvgPos_hybrid
1610612752,NYK,2024,Guards,15.36,8487.25,0.7058823529411765,0.008608321377331422,True,0.004089259127866918,0.004519062249464504,0,espn_dAvgPos_hybrid
1610612760,OKC,2024,Centers,6.5200000000000005,3572.6499999999996,0.18171683389074694,0.002216058949887158,True,0.0025476947239873662,-0.00033163577410020824,3,espn_dAvgPos_hybrid
1610612760,OKC,2024,Forwards,13.25,7970.25,0.3692865105908584,0.004503494031595834,True,0.0055581680993652275,-0.0010546740677693936,3,espn_dAvgPos_hybrid
1610612760,OKC,2024,Guards,16.11,8261.7,0.4489966555183946,0.0054755689697365195,True,0.004089259127866918,0.0013863098418696014,3,espn_dAvgPos_hybrid
1610612753,ORL,2024,Centers,6.68,3778.0666666666666,0.3266503667481663,0.003983541057904467,True,0.0025476947239873662,0.0014358463339171007,0,espn_dAvgPos_hybrid
1610612753,ORL,2024,Forwards,8.85,7967.083333333333,0.43276283618581907,0.005277595563241696,True,0.0055581680993652275,-0.0002805725361235316,0,espn_dAvgPos_hybrid
1610612753,ORL,2024,Guards,4.92,8034.383333333333,0.24058679706601468,0.00293398533007335,True,0.004089259127866918,-0.0011552737977935683,0,espn_dAvgPos_hybrid
1610612755,PHI,2024,Centers,5.66,3666.2,0.205221174764322,0.002502697253223439,True,0.0025476947239873662,-4.499747076392715e-05,3,espn_dAvgPos_hybrid
1610612755,PHI,2024,Forwards,9.59,8561.983333333334,0.3477157360406092,0.004240435805373283,True,0.0055581680993652275,-0.0013177322939919448,3,espn_dAvgPos_hybrid
1610612755,PHI,2024,Guards,12.33,7551.983333333334,0.44706308919506893,0.005451988892622792,True,0.004089259127866918,0.001362729764755874,3,espn_dAvgPos_hybrid
1610612756,PHX,2024,Centers,2.2,3828.7166666666667,0.08215085884988797,0.0010018397420718046,True,0.0025476947239873662,-0.0015458549819155616,3,espn_dAvgPos_hybrid
1610612756,PHX,2024,Forwards,16.12,9002.816666666668,0.6019417475728156,0.007340753019180678,True,0.0055581680993652275,0.0017825849198154506,3,espn_dAvgPos_hybrid
1610612756,PHX,2024,Guards,8.46,6948.7,0.3159073935772965,0.0038525291899670308,True,0.004089259127866918,-0.0002367299378998873,3,espn_dAvgPos_hybrid
1610612757,POR,2024,Centers,2.7700000000000005,3542.1833333333334,0.48853615520282195,0.005957757990278316,True,0.0025476947239873662,0.00341006326629095,2,espn_dAvgPos_hybrid
1610612757,POR,2024,Forwards,4.55,8532.666666666666,0.8024691358024691,0.009786208973200844,True,0.0055581680993652275,0.0042280408738356165,2,espn_dAvgPos_hybrid
1610612757,POR,2024,Guards,-1.6500000000000001,7805.25,-0.29100529100529104,-0.003548845012259647,True,0.004089259127866918,-0.007638104140126565,2,espn_dAvgPos_hybrid
1610612758,SAC,2024,Centers,4.1,3718.1,0.16446048937023666,0.002005615724027276,True,0.0025476947239873662,-0.0005420789999600901,1,espn_dAvgPos_hybrid
1610612758,SAC,2024,Forwards,8.4,7029.033333333334,0.33694344163658246,0.004109066361421738,True,0.0055581680993652275,-0.0014491017379434897,1,espn_dAvgPos_hybrid
1610612758,SAC,2024,Guards,12.43,9106.0,0.4985960689931809,0.006080439865770499,True,0.004089259127866918,0.0019911807379035806,1,espn_dAvgPos_hybrid
1610612759,SAS,2024,Centers,0.07,3876.3166666666666,0.005912162162162162,7.209953856295319e-05,True,0.0025476947239873662,-0.002475595185424413,2,espn_dAvgPos_hybrid
1610612759,SAS,2024,Forwards,7.340000000000001,8745.283333333333,0.6199324324324325,0.007560151615029664,True,0.0055581680993652275,0.002001983515664436,2,espn_dAvgPos_hybrid
1610612759,SAS,2024,Guards,4.43,7206.783333333333,0.3741554054054053,0.004562870797626894,True,0.004089259127866918,0.0004736116697599763,2,espn_dAvgPos_hybrid
1610612761,TOR,2024,Centers,4.22,4016.75,0.2542168674698795,0.0031002057008521888,True,0.0025476947239873662,0.0005525109768648225,2,espn_dAvgPos_hybrid
1610612761,TOR,2024,Forwards,6.93,8033.733333333334,0.41746987951807224,0.005091096091683808,True,0.0055581680993652275,-0.00046707200768141954,2,espn_dAvgPos_hybrid
1610612761,TOR,2024,Guards,5.45,7754.683333333333,0.32831325301204817,0.004003820158683514,True,0.004089259127866918,-8.543896918340385e-05,2,espn_dAvgPos_hybrid
1610612762,UTA,2024,Centers,6.83,4958.533333333333,0.3947976878612717,0.0048146059495277034,True,0.0025476947239873662,0.002266911225540337,2,espn_dAvgPos_hybrid
1610612762,UTA,2024,Forwards,8.940000000000001,5615.333333333333,0.5167630057803468,0.006301987875370083,True,0.0055581680993652275,0.0007438197760048556,2,espn_dAvgPos_hybrid
1610612762,UTA,2024,Guards,1.5299999999999998,9231.066666666668,0.08843930635838149,0.0010785281263217255,True,0.004089259127866918,-0.003010731001545193,2,espn_dAvgPos_hybrid
1610612764,WAS,2024,Centers,4.6,3455.3166666666666,0.36947791164658633,0.004505828190812028,True,0.0025476947239873662,0.001958133466824662,2,espn_dAvgPos_hybrid
1610612764,WAS,2024,Forwards,0.5800000000000002,7496.816666666667,0.046586345381526124,0.000568126163189343,True,0.0055581680993652275,-0.004990041936175885,2,espn_dAvgPos_hybrid
1610612764,WAS,2024,Guards,7.27,8777.833333333334,0.5839357429718876,0.007121167597218141,True,0.004089259127866918,0.0030319084693512226,2,espn_dAvgPos_hybrid
1610612737,ATL,2025,Centers,7.36,4076.2000000000003,0.3080786940142319,0.0037570572440759984,True,0.0028652762167431785,0.0008917810273328199,1,espn_dAvgPos_hybrid
1610612737,ATL,2025,Forwards,13.0,8012.783333333333,0.5441607367099205,0.0066361065452429325,True,0.005191960061520062,0.0014441464837228702,1,espn_dAvgPos_hybrid
1610612737,ATL,2025,Guards,3.5300000000000002,7682.5,0.14776056927584763,0.0018019581619005808,True,0.004147922810364682,-0.002345964648464101,1,espn_dAvgPos_hybrid
1610612751,BKN,2025,Centers,1.38,3043.0666666666666,0.11509591326105087,0.0014036086983054985,True,0.0028652762167431785,-0.00146166751843768,2,espn_dAvgPos_hybrid
1610612751,BKN,2025,Forwards,6.46,9409.183333333332,0.5387823185988323,0.006570516080473565,True,0.005191960061520062,0.0013785560189535024,2,espn_dAvgPos_hybrid
1610612751,BKN,2025,Guards,4.15,7319.35,0.3461217681401168,0.004220997172440449,True,0.004147922810364682,7.307436207576717e-05,2,espn_dAvgPos_hybrid
1610612738,BOS,2025,Centers,6.79,3429.883333333333,0.2040264423076923,0.0024881273452157598,True,0.0028652762167431785,-0.0003771488715274187,3,espn_dAvgPos_hybrid
1610612738,BOS,2025,Forwards,13.64,9415.95,0.4098557692307692,0.004998241088180112,True,0.005191960061520062,-0.00019371897333995015,3,espn_dAvgPos_hybrid
1610612738,BOS,2025,Guards,12.85,6968.65,0.38611778846153844,0.004708753517823639,True,0.004147922810364682,0.0005608307074589577,3,espn_dAvgPos_hybrid
1610612766,CHA,2025,Centers,1.8599999999999997,4210.9,0.4720812182741115,0.005757088027733067,True,0.0028652762167431785,0.0028918118109898887,2,espn_dAvgPos_hybrid
1610612766,CHA,2025,Forwards,2.4700000000000006,7636.983333333334,0.6269035532994924,0.007645165284140151,True,0.005191960061520062,0.002453205222620089,2,espn_dAvgPos_hybrid
1610612766,CHA,2025,Guards,-0.38999999999999974,7900.25,-0.09898477157360397,-0.001207131360653707,True,0.004147922810364682,-0.005355054171018388,2,espn_dAvgPos_hybrid
1610612741,CHI,2025,Centers,6.8500000000000005,3814.1833333333334,0.30758868432869335,0.0037510815162035776,True,0.0028652762167431785,0.0008858052994603991,3,espn_dAvgPos_hybrid
1610612741,CHI,2025,Forwards,3.45,8344.633333333333,0.15491692860350248,0.001889230836628079,True,0.005191960061520062,-0.0033027292248919834,3,espn_dAvgPos_hybrid
1610612741,CHI,2025,Guards,11.969999999999999,7570.1,0.5374943870678042,0.006554809598387856,True,0.004147922810364682,0.002406886788023174,3,espn_dAvgPos_hybrid
1610612739,CLE,2025,Centers,9.760000000000002,4790.833333333334,0.2930930930930931,0.003574306013330404,True,0.0028652762167431785,0.0007090297965872253,3,espn_dAvgPos_hybrid
1610612739,CLE,2025,Forwards,7.1,6950.950000000001,0.21321321321321318,0.0026001611367465023,True,0.005191960061520062,-0.00259179892477356,3,espn_dAvgPos_hybrid
1610612739,CLE,2025,Guards,16.44,8000.733333333334,0.49369369369369365,0.006020654801142606,True,0.004147922810364682,0.001872731990777924,3,espn_dAvgPos_hybrid
1610612742,DAL,2025,Centers,7.15,3273.05,0.31006071118820466,0.003781228185222008,True,0.0028652762167431785,0.0009159519684788296,0,espn_dAvgPos_hybrid
1610612742,DAL,2025,Forwards,4.73,7653.683333333333,0.20511708586296618,0.0025014278763776363,True,0.005191960061520062,-0.002690532185142426,0,espn_dAvgPos_hybrid
1610612742,DAL,2025,Guards,11.18,8791.033333333333,0.4848222029488291,0.005912465889619867,True,0.004147922810364682,0.0017645430792551852,0,espn_dAvgPos_hybrid
1610612743,DEN,2025,Centers,9.66,3538.05,0.30637488106565175,0.003736279037385997,True,0.0028652762167431785,0.0008710028206428185,3,espn_dAvgPos_hybrid
1610612743,DEN,2025,Forwards,14.09,8343.65,0.44687599111956866,0.005449707208775228,True,0.005191960061520062,0.00025774714725516554,3,espn_dAvgPos_hybrid
1610612743,DEN,2025,Guards,7.780000000000001,7964.916666666667,0.2467491278147796,0.003009135705058288,True,0.004147922810364682,-0.0011387871053063939,3,espn_dAvgPos_hybrid
1610612765,DET,2025,Centers,4.8,3927.3166666666666,0.20434227330779053,0.002491978942777933,True,0.0028652762167431785,-0.0003732972739652453,1,espn_dAvgPos_hybrid
1610612765,DET,2025,Forwards,8.6,8684.533333333333,0.36611323967645804,0.004464795605810464,True,0.005191960061520062,-0.0007271644557095983,1,espn_dAvgPos_hybrid
1610612765,DET,2025,Guards,10.09,7190.016666666666,0.4295444870157513,0.005238347402631113,True,0.004147922810364682,0.0010904245922664316,1,espn_dAvgPos_hybrid
1610612744,GSW,2025,Centers,0.5300000000000001,3811.25,0.026289682539682547,0.00032060588463027497,True,0.0028652762167431785,-0.0025446703321129033,3,espn_dAvgPos_hybrid
1610612744,GSW,2025,Forwards,8.35,8134.283333333334,0.4141865079365079,0.0050510549748354625,True,0.005191960061520062,-0.0001409050866845998,3,espn_dAvgPos_hybrid
1610612744,GSW,2025,Guards,11.28,7777.466666666666,0.5595238095238095,0.006823461091753775,True,0.004147922810364682,0.0026755382813890933,3,espn_dAvgPos_hybrid
1610612745,HOU,2025,Centers,1.43,3740.0333333333333,0.10460863204096561,0.0012757150248898245,True,0.0028652762167431785,-0.001589561191853354,1,espn_dAvgPos_hybrid
1610612745,HOU,2025,Forwards,6.470000000000001,7388.283333333334,0.4732991953182151,0.005771941406319697,True,0.005191960061520062,0.0005799813447996344,1,espn_dAvgPos_hybrid
1610612745,HOU,2025,Guards,5.7700000000000005,8621.800000000001,0.42209217264081933,0.005147465520009992,True,0.004147922810364682,0.0009995427096453104,1,espn_dAvgPos_hybrid
1610612754,IND,2025,Centers,4.19,3271.8500000000004,0.13305811368688472,0.0016226599230107894,True,0.0028652762167431785,-0.001242616293732389,1,espn_dAvgPos_hybrid
1610612754,IND,2025,Forwards,18.400000000000002,8763.816666666666,0.5843124801524294,0.007125761953078407,True,0.005191960061520062,0.0019338018915583451,1,espn_dAvgPos_hybrid
1610612754,IND,2025,Guards,8.9,7815.1,0.28262940616068594,0.0034467000751303165,True,0.004147922810364682,-0.0007012227352343652,1,espn_dAvgPos_hybrid
1610612746,LAC,2025,Centers,4.83,3663.5833333333335,0.2191470054446461,0.0026725244566420257,True,0.0028652762167431785,-0.0001927517601011527,0,espn_dAvgPos_hybrid
1610612746,LAC,2025,Forwards,15.83,9594.833333333334,0.7182395644283122,0.008759019078394051,True,0.005191960061520062,0.003567059016873989,0,espn_dAvgPos_hybrid
1610612746,LAC,2025,Guards,1.3800000000000003,6546.716666666667,0.06261343012704176,0.0007635784161834361,True,0.004147922810364682,-0.0033843443941812454,0,espn_dAvgPos_hybrid
1610612747,LAL,2025,Centers,5.41,3172.116666666667,0.18227762803234498,0.002250341086819074,True,0.0028652762167431785,-0.0006149351299241045,0,espn_dAvgPos_hybrid
1610612747,LAL,2025,Forwards,12.42,8979.566666666666,0.4184636118598382,0.005166217430368373,True,0.005191960061520062,-2.5742631151689545e-05,0,espn_dAvgPos_hybrid
1610612747,LAL,2025,Guards,11.85,7332.483333333334,0.39925876010781663,0.00492912049515823,True,0.004147922810364682,0.0007811976847935482,0,espn_dAvgPos_hybrid
1610612763,MEM,2025,Centers,6.45,3922.1833333333334,0.28227571115973743,0.0034423867214602127,True,0.0028652762167431785,0.0005771105047170343,3,espn_dAvgPos_hybrid
1610612763,MEM,2025,Forwards,8.96,8154.133333333333,0.39212253829321664,0.00478198217430752,True,0.005191960061520062,-0.0004099778872125419,3,espn_dAvgPos_hybrid
1610612763,MEM,2025,Guards,7.44,7626.633333333333,0.32560175054704593,0.00397075305545178,True,0.004147922810364682,-0.00017716975491290175,3,espn_dAvgPos_hybrid
1610612748,MIA,2025,Centers,3.3600000000000003,4462.633333333333,0.16901408450704228,0.002061147372037101,True,0.0028652762167431785,-0.0008041288447060775,0,espn_dAvgPos_hybrid
1610612748,MIA,2025,Forwards,6.91,6988.816666666667,0.34758551307847085,0.004238847720469157,True,0.005191960061520062,-0.0009531123410509053,0,espn_dAvgPos_hybrid
1610612748,MIA,2025,Guards,9.610000000000001,8465.75,0.483400402414487,0.005895126858713256,True,0.004147922810364682,0.0017472040483485747,0,espn_dAvgPos_hybrid
1610612749,MIL,2025,Centers,7.7,4242.266666666667,0.24251968503937008,0.0029575571346264645,True,0.0028652762167431785,9.228091788328601e-05,0,espn_dAvgPos_hybrid
1610612749,MIL,2025,Forwards,13.57,8595.6,0.4274015748031496,0.0052122143268676785,True,0.005191960061520062,2.0254265347616207e-05,0,espn_dAvgPos_hybrid
1610612749,MIL,2025,Guards,10.48,6882.733333333334,0.33007874015748034,0.00402535048972537,True,0.004147922810364682,-0.0001225723206393116,0,espn_dAvgPos_hybrid
1610612750,MIN,2025,Centers,7.4399999999999995,4806.033333333334,0.29314420803782504,0.0035749293663149394,True,0.0028652762167431785,0.000709653149571761,0,espn_dAvgPos_hybrid
1610612750,MIN,2025,Forwards,8.44,7666.966666666667,0.3325453112687155,0.004055430625228238,True,0.005191960061520062,-0.0011365294362918246,0,espn_dAvgPos_hybrid
1610612750,MIN,2025,Guards,9.5,7332.033333333333,0.37431048069345946,0.004564761959676335,True,0.004147922810364682,0.0004168391493116529,0,espn_dAvgPos_hybrid
1610612740,NOP,2025,Centers,1.7000000000000002,4093.333333333333,0.14821272885789016,0.001807472303145002,True,0.0028652762167431785,-0.0010578039135981764,2,espn_dAvgPos_hybrid
1610612740,NOP,2025,Forwards,7.05,7174.383333333333,0.6146469049694856,0.007495693963042507,True,0.005191960061520062,0.002303733901522445,2,espn_dAvgPos_hybrid
1610612740,NOP,2025,Guards,2.72,8459.566666666668,0.23714036617262424,0.002891955685032003,True,0.004147922810364682,-0.001255967125332679,2,espn_dAvgPos_hybrid
1610612752,NYK,2025,Centers,6.23,4615.216666666666,0.23447497177267596,0.002859450875276536,True,0.0028652762167431785,-5.825341466642389e-06,0,espn_dAvgPos_hybrid
1610612752,NYK,2025,Forwards,9.11,6090.933333333333,0.3428678961234475,0.004181315806383506,True,0.005191960061520062,-0.0010106442551365566,0,espn_dAvgPos_hybrid
1610612752,NYK,2025,Guards,11.23,9168.216666666667,0.42265713210387656,0.0051543552695594705,True,0.004147922810364682,0.0010064324591947888,0,espn_dAvgPos_hybrid
1610612760,OKC,2025,Centers,3.4,3496.633333333333,0.11513714866237723,0.0014041115690533808,True,0.0028652762167431785,-0.0014611646476897977,3,espn_dAvgPos_hybrid
1610612760,OKC,2025,Forwards,12.08,9200.333333333334,0.4090755164239756,0.0049887258100484826,True,0.005191960061520062,-0.00020323425147157972,3,espn_dAvgPos_hybrid
1610612760,OKC,2025,Guards,14.05,6996.85,0.47578733491364716,0.005802284572117648,True,0.004147922810364682,0.0016543617617529663,3,espn_dAvgPos_hybrid
1610612753,ORL,2025,Centers,3.6400000000000006,3746.55,0.32645739910313903,0.00398118779394072,True,0.0028652762167431785,0.0011159115771975417,0,espn_dAvgPos_hybrid
1610612753,ORL,2025,Forwards,5.8,8221.966666666667,0.5201793721973094,0.006343650880454992,True,0.005191960061520062,0.0011516908189349298,0,espn_dAvgPos_hybrid
1610612753,ORL,2025,Guards,1.71,7721.5666666666675,0.15336322869955157,0.0018702832768237997,True,0.004147922810364682,-0.002277639533540882,0,espn_dAvgPos_hybrid
1610612755,PHI,2025,Centers,3.51,4687.283333333334,0.2264516129032258,0.0027616050354051925,True,0.0028652762167431785,-0.00010367118133798592,2,espn_dAvgPos_hybrid
1610612755,PHI,2025,Forwards,2.57,7708.933333333333,0.16580645161290322,0.002022029897718332,True,0.005191960061520062,-0.0031699301638017305,2,espn_dAvgPos_hybrid
1610612755,PHI,2025,Guards,9.42,7396.283333333333,0.607741935483871,0.007411487018095988,True,0.004147922810364682,0.003263564207731306,2,espn_dAvgPos_hybrid
1610612756,PHX,2025,Centers,3.6399999999999997,4195.95,0.13561847988077494,0.0016538839009850603,True,0.0028652762167431785,-0.0012113923157581182,0,espn_dAvgPos_hybrid
1610612756,PHX,2025,Forwards,14.2,9031.583333333332,0.5290611028315946,0.006451964668677983,True,0.005191960061520062,0.0012600046071579206,0,espn_dAvgPos_hybrid
1610612756,PHX,2025,Guards,9.0,6590.4,0.3353204172876304,0.004089273381556468,True,0.004147922810364682,-5.864942880821379e-05,0,espn_dAvgPos_hybrid
1610612757,POR,2025,Centers,2.15,4040.2833333333333,0.15368120085775552,0.001897298776021673,True,0.0028652762167431785,-0.0009679774407215054,2,espn_dAvgPos_hybrid
1610612757,POR,2025,Forwards,5.51,7596.816666666666,0.39385275196568975,0.004862379653897404,True,0.005191960061520062,-0.0003295804076226582,2,espn_dAvgPos_hybrid
1610612757,POR,2025,Guards,6.33,7885.633333333333,0.4524660471765547,0.0055860005824266016,True,0.004147922810364682,0.0014380777720619199,2,espn_dAvgPos_hybrid
1610612758,SAC,2025,Centers,5.659999999999999,3297.0,0.21946490887941061,0.0026764013277976906,True,0.0028652762167431785,-0.00018887488894548787,1,espn_dAvgPos_hybrid
1610612758,SAC,2025,Forwards,11.91,7937.35,0.46180690189996126,0.005631791486584894,True,0.005191960061520062,0.0004398314250648313,1,espn_dAvgPos_hybrid
1610612758,SAC,2025,Guards,8.219999999999999,8639.85,0.3187281892206281,0.0038869291368369284,True,0.004147922810364682,-0.00026099367352775326,1,espn_dAvgPos_hybrid
1610612759,SAS,2025,Centers,4.46,3524.0666666666666,0.2123809523809524,0.0025900116144018585,True,0.0028652762167431785,-0.00027526460234131994,0,espn_dAvgPos_hybrid
1610612759,SAS,2025,Forwards,15.129999999999999,9476.5,0.7204761904761904,0.0087862950058072,True,0.005191960061520062,0.0035943349442871374,0,espn_dAvgPos_hybrid
1610612759,SAS,2025,Guards,1.41,6710.566666666667,0.06714285714285714,0.000818815331010453,True,0.004147922810364682,-0.0033291074793542286,0,espn_dAvgPos_hybrid
1610612761,TOR,2025,Centers,4.890000000000001,4105.983333333334,0.5463687150837989,0.006663033110778036,True,0.0028652762167431785,0.0037977568940348572,1,espn_dAvgPos_hybrid
1610612761,TOR,2025,Forwards,0.5800000000000001,8288.633333333333,0.06480446927374302,0.0007902984057773539,True,0.005191960061520062,-0.004401661655742709,1,espn_dAvgPos_hybrid
1610612761,TOR,2025,Guards,3.4799999999999995,7405.433333333333,0.388826815642458,0.0047417904346641225,True,0.004147922810364682,0.0005938676242994408,1,espn_dAvgPos_hybrid
1610612762,UTA,2025,Centers,3.7299999999999995,3830.133333333333,0.406318082788671,0.004955098570593549,True,0.0028652762167431785,0.0020898223538503703,2,espn_dAvgPos_hybrid
1610612762,UTA,2025,Forwards,6.859999999999999,8681.4,0.747276688453159,0.009113130346989743,True,0.005191960061520062,0.003921170285469681,2,espn_dAvgPos_hybrid
1610612762,UTA,2025,Guards,-1.4100000000000006,7290.049999999999,-0.15359477124183013,-0.001873106966363782,True,0.004147922810364682,-0.0060210297767284635,2,espn_dAvgPos_hybrid
1610612764,WAS,2025,Centers,1.1199999999999997,4005.2166666666667,0.14678899082568803,0.0017901096442157077,True,0.0028652762167431785,-0.0010751665725274708,2,espn_dAvgPos_hybrid
1610612764,WAS,2025,Forwards,1.3599999999999999,7214.900000000001,0.1782437745740498,0.002173704567976217,True,0.005191960061520062,-0.003018255493543845,2,espn_dAvgPos_hybrid
1610612764,WAS,2025,Guards,5.1499999999999995,8487.466666666667,0.6749672346002621,0.008231307739027586,True,0.004147922810364682,0.004083384928662904,2,espn_dAvgPos_hybrid
